time,seconds_elapsed,accelZ,accelY,accelX,time,seconds_elapsed,gyroZ,gyroY,gyroX
1743715034904338400,0.03033837890625,0.0248065244764089,-0.0060609074741601,0.0719447077482938,1743715034904338400,0.03033837890625,-0.0071740052662789,0.0016633826307952,-0.0203045830130577
1743715034914302500,0.040302490234375,0.0199959093242883,0.013442834419012,0.0880505508314818,1743715034914302500,0.040302490234375,-0.0056834323331713,0.0044574365019798,-0.0227552037686109
1743715034924265200,0.05026513671875,0.0586924274653196,0.0273749136596918,0.0397816830292344,1743715034924265200,0.05026513671875,-0.0047092479653656,0.0052651725709438,-0.0304211117327213
1743715034934229200,0.060229248046875,0.0969388637512922,0.0260848738491535,0.0384076912622898,1743715034934229200,0.060229248046875,0.0016481594648212,0.0081721032038331,-0.0375445634126663
1743715034944192300,0.070192138671875,0.1040080714851617,-0.0254968448281288,0.0009825082313269,1743715034944192300,0.070192138671875,0.0016159352380782,0.0032697562128305,-0.0423393175005912
1743715034954155300,0.0801552734375,0.0935334392219781,-0.0272580092817544,-0.0121332131251692,1743715034954155300,0.0801552734375,0.0041508227586746,0.0039037649985402,-0.0487689599394798
1743715034964119300,0.090119384765625,0.0790904878497123,0.0055628948241472,-0.0228648888893425,1743715034964119300,0.090119384765625,0.0032248415518552,0.0038289299700409,-0.0500342287123203
1743715034974082300,0.100082275390625,0.0245516729325056,0.0007984569013118,-0.0382054466884583,1743715034974082300,0.100082275390625,0.0025498520117253,0.0070691094733774,-0.0496214106678962
1743715034984046300,0.11004638671875,-0.0104658644348382,0.0148018478125333,-0.0066935062892735,1743715034984046300,0.11004638671875,0.0048156697303056,0.0125078167766332,-0.0458796694874763
1743715034994009900,0.120009765625,-0.0337906259208917,0.0318143574118614,-0.02288344745934,1743715034994009900,0.120009765625,0.0014491929905489,0.0124354111030697,-0.0410207733511924
1743715035003973600,0.1299736328125,-0.0752443338155746,0.0600169540673494,-0.0127913117077201,1743715035003973600,0.1299736328125,0.0004124242113903,0.0071026966907083,-0.0348840504884719
1743715035013936600,0.1399365234375,-0.086730188947916,0.0572895749300718,0.0031266075879335,1743715035013936600,0.1399365234375,-0.0030010663904249,0.0046766283921897,-0.0343181118369102
1743715035023900000,0.14989990234375,-0.0392272640168666,0.0467260953396558,0.0030837182942777,1743715035023900000,0.14989990234375,-0.0045076166279613,0.0024885754100978,-0.0350776463747024
1743715035033863700,0.15986376953125,-0.0079962594509124,0.0419558121979236,0.0204893919296562,1743715035033863700,0.15986376953125,0.0008114273659884,0.0050471574068069,-0.0380273535847663
1743715035043827000,0.169826904296875,-0.0105488665431737,0.0314449395775794,0.0120763683713972,1743715035043827000,0.169826904296875,0.0078040896914899,0.0111979944631457,-0.0378430634737014
1743715035053790700,0.179790771484375,-0.0161082542359828,0.0519388615518808,-0.0206246356818825,1743715035053790700,0.179790771484375,0.0040939534083008,0.010597531683743,-0.0332293882966041
1743715035063753700,0.189753662109375,-0.0054752165406942,0.0564466943651437,-0.0266352012082934,1743715035063753700,0.189753662109375,0.0016614217311143,0.0028416076675057,-0.0334456339478492
1743715035073717800,0.1997177734375,-0.0040671033084392,0.0203957222968339,-0.0138940853178501,1743715035073717800,0.1997177734375,0.0019705803133547,-0.0020282468758523,-0.0344803184270858
1743715035083680800,0.2096806640625,0.0025105215162038,-0.0061743047207593,-0.0414338341504335,1743715035083680800,0.2096806640625,0.001944747637026,-0.0078624337911605,-0.0377895608544349
1743715035093644800,0.219644775390625,0.0089577979594469,0.0141892688721418,-0.089959891584143,1743715035093644800,0.219644775390625,-0.0025333855301141,-0.0086439559236168,-0.0402686782181263
1743715035103607600,0.229607666015625,0.0353805254608392,0.0337386034727096,-0.125639765317738,1743715035103607600,0.229607666015625,-0.0040010535158216,0.0014675334095954,-0.0448304079473018
1743715035113570800,0.23957080078125,0.046328620454669,0.0311211144506931,-0.0627392917033284,1743715035113570800,0.23957080078125,-0.0050379713065922,0.0116292862221598,-0.0419747121632099
1743715035123534600,0.24953466796875,0.0135141460895538,0.0149491473287343,-0.0068129679504781,1743715035123534600,0.24953466796875,-0.0083935540169477,0.0175939667969942,-0.0338422171771526
1743715035133497600,0.25949755859375,0.0298830970883369,0.0033972412228584,0.0508185522850602,1743715035133497600,0.25949755859375,-0.0122394803911447,0.0085913725197315,-0.0319103226065635
1743715035143461600,0.269461669921875,0.0362672451674938,-0.0122258598446846,0.0760624452654272,1743715035143461600,0.269461669921875,-0.0131449550390243,0.0013851248659193,-0.0403181873261928
1743715035153424600,0.279424560546875,0.0433130720257759,0.0202396549522876,0.0232763922996819,1743715035153424600,0.279424560546875,-0.0111802574247121,-0.0019897054880857,-0.0554561838507652
1743715035163388700,0.289388671875,0.0177811558842659,0.0637222383260726,0.0074914517339318,1743715035163388700,0.289388671875,-0.0029795859009027,0.003514249343425,-0.0629415288567543
1743715035173351700,0.2993515625,-0.0253138894766569,0.0797141727060079,0.0139976187575608,1743715035173351700,0.2993515625,0.0037197466008365,0.0056947828270494,-0.0576609820127487
1743715035183314700,0.309314697265625,-0.0709580347985029,0.0874292771279811,0.0337183644022792,1743715035183314700,0.309314697265625,0.0121526457369327,0.0007580813253298,-0.0427528731524944
1743715035193278700,0.31927880859375,-0.0843371563315391,0.075489833009243,0.0333382790435105,1743715035193278700,0.31927880859375,0.0129695637151598,-0.0021234380546957,-0.0257472079247236
1743715035203241700,0.32924169921875,-0.0632803397774696,0.0408569110453128,0.038005394071713,1743715035203241700,0.32924169921875,0.0124957878142595,-0.0031767182517796,-0.0208794809877872
1743715035213205800,0.339205810546875,-0.0070090019792318,0.0055751697838306,0.040240751908347,1743715035213205800,0.339205810546875,0.0105354879051446,-0.0057583251036703,-0.025863092392683
1743715035223168800,0.349168701171875,0.0322802213579416,-0.0272521640628576,0.0027366584222763,1743715035223168800,0.349168701171875,0.0039699962362647,-0.0085589056834578,-0.036794040352106
1743715035233132800,0.3591328125,0.0559235472738742,-0.0592103138595819,-0.0337570159122347,1743715035233132800,0.3591328125,-0.0022818064317107,-0.0120634976774454,-0.0511743314564228
1743715035243095600,0.369095458984375,0.0710620796948671,-0.058214288559556,-0.045964755578339,1743715035243095600,0.369095458984375,-0.0051247309893369,-0.0110602853819727,-0.059669017791748
1743715035253059800,0.379059814453125,0.0542787026762962,-0.03049275341928,-0.0774118140477687,1743715035253059800,0.379059814453125,-0.008308864198625,-0.0107768271118402,-0.0600940361618995
1743715035263022600,0.389022705078125,0.0296948810398578,-0.0273620541781187,-0.0614870996851474,1743715035263022600,0.389022705078125,-0.0041559305973351,-0.0070878160186111,-0.0506299659609794
1743715035272985600,0.398985595703125,-0.0221387665718793,0.0044955578535795,-0.0251279384505003,1743715035272985600,0.398985595703125,5.3905067034e-05,0.0026888730935752,-0.04085323959589
1743715035282949600,0.40894970703125,-0.0407639720648527,0.064946811684966,-0.0177070677347481,1743715035282949600,0.40894970703125,-0.0034715875517576,-0.0001047828627633,-0.031786773353815
1743715035292912600,0.41891259765625,-0.0810229172170162,0.0903530556201934,-0.0082850863296538,1743715035292912600,0.41891259765625,-0.0035335794091224,-0.004215876571834,-0.0266151782125234
1743715035302876700,0.428876708984375,-0.0732534522593021,0.0779676212996244,0.0250579419542104,1743715035302876700,0.428876708984375,-0.0041964403353631,-0.0051831370219588,-0.0232667867094278
1743715035312839700,0.438839599609375,-0.0889455269098281,0.0755704970300197,0.0597910363569855,1743715035312839700,0.438839599609375,-0.0051607429049909,-0.0063084354624152,-0.0275289267301559
1743715035322803700,0.4488037109375,-0.0614694909632205,0.0273936183601617,0.0400468367714434,1743715035322803700,0.4488037109375,-0.0052608777768909,-0.0048753884620964,-0.0311545543372631
1743715035332766700,0.4587666015625,-0.0119318453341722,0.0295166018635034,0.0086623221442103,1743715035332766700,0.4587666015625,-0.0046265129931271,-0.0071489294059574,-0.0332214348018169
1743715035342730800,0.468730712890625,0.0087853640019893,0.0100087683171033,0.0065736793018877,1743715035342730800,0.468730712890625,-0.0065471846610307,-0.0047209253534674,-0.0324611030519008
1743715035352693800,0.47869384765625,0.0176619134187698,-0.0220288764566183,0.0070917848918586,1743715035352693800,0.47869384765625,-0.0048804297111928,-0.0021786005236208,-0.0284221414476633
1743715035362656800,0.48865673828125,0.0179500827103853,-0.0166746559470891,-0.010396817786619,1743715035362656800,0.48865673828125,-0.0074959197081625,-0.0067120995372533,-0.0250817369669675
1743715035372620800,0.498620849609375,0.0309872589379549,-0.0101408702641725,-0.0173847769778221,1743715035372620800,0.498620849609375,-0.0081952940672636,-0.0114585421979427,-0.0296146869659423
1743715035382583800,0.508583740234375,0.0406143344610929,-0.0162947167187929,-0.0170688428964465,1743715035382583800,0.508583740234375,-0.0097532430663704,-0.0085415821522474,-0.0336163528263568
1743715035392547800,0.5185478515625,0.0158171623349189,-0.0165893157511949,0.0170291684731841,1743715035392547800,0.5185478515625,-0.0090990802273154,-0.0051468103192746,-0.0400167182087898
1743715035402510600,0.528510498046875,-0.0241729027479887,-0.0042839609295129,0.0528583144843578,1743715035402510600,0.528510498046875,-0.0047043319791555,0.0005528870387934,-0.0395898148417472
1743715035412474600,0.538474609375,-0.038387306061387,0.0232680628627538,0.0947531902752816,1743715035412474600,0.538474609375,-0.0003057088470086,0.0046815327368676,-0.0375591665506362
1743715035422437600,0.548437744140625,-0.0388742127954959,0.0351017085194587,0.0831000888172537,1743715035422437600,0.548437744140625,0.0048831938765943,0.0050229495391249,-0.0302634332329034
1743715035432401700,0.558401611328125,-0.0399099855840206,0.0189905316740274,0.0442936074957251,1743715035432401700,0.558401611328125,0.0015854294179007,0.0036726167891174,-0.027617335319519
1743715035442364700,0.56836474609375,-0.0279670343339443,-0.0146656542122364,0.0291061944317072,1743715035442364700,0.56836474609375,-0.0040852394886314,-0.004170392639935,-0.0234875716269016
1743715035452328700,0.57832861328125,-0.0175128603368997,-0.0508376223117113,0.0076418930552899,1743715035452328700,0.57832861328125,-0.0075841848738491,-0.0093375211581587,-0.0254798494279384
1743715035462291700,0.588291748046875,-0.0013251111239194,-0.0493406617522239,0.0058097091920673,1743715035462291700,0.588291748046875,-0.0104710515588521,-0.0140670295804739,-0.0250076688826084
1743715035472255700,0.598255859375,0.0093856679826974,-0.0209948572337627,0.0087094492215663,1743715035472255700,0.598255859375,-0.0093867350369691,-0.0087294299155473,-0.0272040087729692
1743715035482218800,0.60821875,-0.0126513917803764,-0.018774843096733,0.0174410372097045,1743715035482218800,0.60821875,-0.0079169357195496,-0.0056686592288315,-0.0256274174898862
1743715035492181800,0.618181640625,-0.0140133277833461,-0.0159235453188419,0.0354590705897659,1743715035492181800,0.618181640625,-0.0042668310925364,-0.0069400928914546,-0.0229927133768796
1743715035502145800,0.628145751953125,-0.0045545945644378,-0.0125736503690481,0.0329766061242669,1743715035502145800,0.628145751953125,0.0002903698477894,-0.0043158140033483,-0.0176384281367063
1743715035512108800,0.63810888671875,0.0145779759287834,0.0281213481128215,0.0395346494656056,1743715035512108800,0.63810888671875,0.0033848998136818,0.0056570484302937,-0.0174099523574113
1743715035522072800,0.64807275390625,0.0019599018961191,0.0155552965283393,0.031366467513889,1743715035522072800,0.64807275390625,0.0053292736411094,0.0053808786906301,-0.0200102627277374
1743715035532035800,0.658035888671875,0.0016395839005708,0.0119271691590547,0.0144151865825057,1743715035532035800,0.658035888671875,0.001269614091143,-0.0031038096640259,-0.0217426251620054
1743715035541999900,0.667999755859375,-0.0146294138550758,0.0063005614489316,0.041017435369268,1743715035541999900,0.667999755859375,-0.0037230139132589,-0.0170917958021163,-0.024488877505064
1743715035551963000,0.677962890625,-0.0383902286708354,0.0206289465308189,0.0581486759774386,1743715035551963000,0.677962890625,-0.0047291917726397,-0.0249576959758996,-0.0236071478575468
1743715035561927000,0.687927001953125,-0.0425707292258739,0.0391992069661617,0.0616935089774429,1743715035561927000,0.687927001953125,-0.0020662969909608,-0.0206140801310539,-0.0212007146328687
1743715035571889700,0.6978896484375,-0.0586363133639097,0.0500689760267734,0.0518298482194542,1743715035571889700,0.6978896484375,0.0010673339711502,-0.0090569900348782,-0.0189343132078647
1743715035581854000,0.70785400390625,-0.0708341161578893,0.0515998388558626,0.0521644139360636,1743715035581854000,0.70785400390625,0.0115143815055489,-0.0102175958454608,-0.0110484259203076
1743715035591816700,0.717816650390625,-0.031550153517723,0.0414636447668075,0.0676892422609031,1743715035591816700,0.717816650390625,0.0029949829913675,-0.0115592367947101,-0.0086598731577396
1743715035601779700,0.72777978515625,-0.0407213019669055,-0.0055360068172216,-0.0761309804569929,1743715035601779700,0.72777978515625,-0.0053058234043419,-0.0071431826800107,-0.0054995007812976
1743715035611743700,0.73774365234375,-0.0060743514776229,0.0498474422305822,-0.0517141128852963,1743715035611743700,0.73774365234375,-0.0031423312611877,-0.0041791116818785,-0.0010797230061143
1743715035621706800,0.747706787109375,-0.0478700046777725,0.02528933955729,0.0517111902758479,1743715035621706800,0.747706787109375,0.0028599011711776,-0.0021559079177677,0.008527098223567
1743715035631670800,0.7576708984375,-0.0645680415004491,0.0122942489057779,0.0516181051649153,1743715035631670800,0.7576708984375,0.0029677916318178,-0.0068975333124399,0.0102147664874792
1743715035641633800,0.7676337890625,0.0251221662968397,0.0214256498664617,0.0157882285013794,1743715035641633800,0.7676337890625,0.0011768160620704,-0.0070951399393379,0.0054668830707669
1743715035651597800,0.777597900390625,0.0411105935454368,0.0478618213713169,0.026978169427067,1743715035651597800,0.777597900390625,0.001790641923435,-0.0100140972062945,0.0001999260857701
1743715035661560800,0.787560791015625,-0.0093348145782947,0.0487128852427005,0.0588149578664451,1743715035661560800,0.787560791015625,0.0015008900081738,-0.0133489081636071,0.0012880936264991
1743715035671524900,0.79752490234375,-0.081232176053524,0.0486976876735687,0.0753694214999675,1743715035671524900,0.79752490234375,0.0026301001198589,-0.0142490426078438,0.0088440161198377
1743715035681488000,0.80748779296875,-0.1001812066733837,0.0427712202340364,0.0653960898224264,1743715035681488000,0.80748779296875,0.0078949034214019,-0.0153811518102884,0.0178164727985858
1743715035691452000,0.817451904296875,-0.0792196671873331,-0.0107294838070869,0.0542957268763333,1743715035691452000,0.817451904296875,0.0081587620079517,-0.0150216529145836,0.0195611044764518
1743715035701415000,0.827414794921875,-0.0421814376473426,-0.0251508078694343,0.0208221310153603,1743715035701415000,0.827414794921875,0.0097508002072572,-0.0127739449962973,0.012502396479249
1743715035711378000,0.8373779296875,-0.0390928239822387,0.0230003518372774,0.0196245917938649,1743715035711378000,0.8373779296875,0.0139074325561523,-0.009733960032463,0.0086088525131344
1743715035721342000,0.847342041015625,-0.1102443355262279,0.0595832388252019,0.0527050966840237,1743715035721342000,0.847342041015625,0.0125132668763399,-0.0111576858907938,0.0232892632484436
1743715035731304700,0.8573046875,-0.1224281097948551,0.0775052644848823,0.0756788527753204,1743715035731304700,0.8573046875,0.0061720148660242,-0.019151696935296,0.0430898629128932
1743715035741268700,0.867268798828125,-0.1021527990072965,0.0601227525293827,0.1586218513347208,1743715035741268700,0.867268798828125,0.0089001562446355,-0.0180153269320726,0.0529528819024562
1743715035751231700,0.877231689453125,-0.0228285024017095,0.0265618437111377,0.2027003547750413,1743715035751231700,0.877231689453125,0.0173765588551759,-0.0217901952564716,0.0481211356818676
1743715035761195800,0.88719580078125,0.0666202978551387,0.0101619130522012,0.1700576567802578,1743715035761195800,0.88719580078125,0.0212003253400325,-0.0244778580963611,0.0343635119497776
1743715035771158800,0.89715869140625,0.0950245545625686,0.0413870723992586,0.1203324526898562,1743715035771158800,0.89715869140625,0.0209794305264949,-0.0258225407451391,0.0184098351746797
1743715035781122600,0.90712255859375,0.0876823751062154,0.054340661996603,0.1427937292143702,1743715035781122600,0.90712255859375,0.0302885081619024,-0.0187015160918235,0.0053512919694185
1743715035791085800,0.9170859375,0.0885042128831148,0.0341641354084014,0.2556678287222981,1743715035791085800,0.9170859375,0.0408129654824733,-0.0163851361721754,-0.0018022316507995
1743715035801049600,0.927049560546875,0.0687871205002069,0.0304682034999132,0.2894941104784608,1743715035801049600,0.927049560546875,0.0445975847542285,-0.0272945091128349,-0.0027593714185059
1743715035811012900,0.937012939453125,0.103282095298171,0.0130558809280395,0.3219976191982627,1743715035811012900,0.937012939453125,0.0457877777516841,-0.0306059941649436,-0.0023985314182937
1743715035820975900,0.946975830078125,0.0696563045501709,-0.0282587107568979,0.3571112373512238,1743715035820975900,0.946975830078125,0.0476631745696067,-0.036818616092205,-0.0064289597794413
1743715035830939600,0.956939697265625,0.076370122975111,-0.0710644177824258,0.3631955257009714,1743715035830939600,0.956939697265625,0.047461811453104,-0.0487980619072914,-0.0141667770221829
1743715035840903000,0.96690283203125,0.0452256276488304,-0.1204378127604722,0.3465735497891902,1743715035840903000,0.96690283203125,0.0434934347867965,-0.0464480891823768,-0.0232119355350732
1743715035850866700,0.97686669921875,-0.0556546672046184,-0.0885199949741363,0.333895196936652,1743715035850866700,0.97686669921875,0.0490268617868423,-0.0374308079481124,-0.0189876165241003
1743715035860830000,0.986829833984375,-0.2019610807150602,-0.0202770643532276,0.387436671379581,1743715035860830000,0.986829833984375,0.0566264577209949,-0.044985394924879,0.0082954028621315
1743715035870793700,0.996793701171875,-0.286269010952115,-0.0570966827064752,0.4214011194974184,1743715035870793700,0.996793701171875,0.063025563955307,-0.0520008169114589,0.0341193005442619
1743715035880756700,1.0067568359375,-0.1752215423494577,-0.0571972204715013,0.4427251356203108,1743715035880756700,1.0067568359375,0.068817138671875,-0.0423154309391975,0.0341680385172367
1743715035890720800,1.016720703125,-0.0891302358269691,-0.0570510899990797,0.4970066878408193,1743715035890720800,1.016720703125,0.0887255147099495,-0.011231055483222,0.010737806558609
1743715035900683500,1.02668359375,-0.0356125806510448,-0.0699649321079254,0.5490503249414265,1743715035900683500,1.02668359375,0.1164098680019378,0.0155733944848179,-0.0071450537070631
1743715035910647600,1.0366474609375,-0.0371942968845367,-0.0288543385624885,0.5509315355781466,1743715035910647600,1.0366474609375,0.1406278610229492,0.0135272881016135,-0.001028039259836
1743715035920610600,1.046610595703125,-0.1120697973877191,0.0406494057744741,0.6101569739416242,1743715035920610600,1.046610595703125,0.1546427458524704,-0.0057566612958908,0.0163464229553937
1743715035930573800,1.05657373046875,-0.1651397087961435,0.0523930350601673,0.650095454967767,1743715035930573800,1.05657373046875,0.1619973331689834,-0.0236481949687004,0.0236424412578344
1743715035940537600,1.06653759765625,-0.0782031836211681,0.0538420648247003,0.7104537698186933,1743715035940537600,1.06653759765625,0.1683183461427688,-0.0425241477787494,0.0140201728790998
1743715035950500600,1.07650048828125,0.0253700035780668,-0.0043365678995847,0.7486713453363627,1743715035950500600,1.07650048828125,0.1644113361835479,-0.0481257587671279,-0.0165297780185937
1743715035960464600,1.086464599609375,0.1456651929974556,-0.0275350726574659,0.7446111832253635,1743715035960464600,1.086464599609375,0.1605377793312072,-0.0471118912100791,-0.0521905720233917
1743715035970427600,1.096427734375,0.2141466085493564,-0.0315443082988262,0.8144839070051908,1743715035970427600,1.096427734375,0.171383798122406,-0.0364983826875686,-0.0765425115823745
1743715035980391700,1.1063916015625,0.112976390838623,-0.0066015902221202,0.8585854259949177,1743715035980391700,1.1063916015625,0.1839640289545059,-0.0247045718133449,-0.0677916333079338
1743715035990354700,1.116354736328125,-0.0607937836587429,0.0933481457829475,0.8657422389470041,1743715035990354700,1.116354736328125,0.2050842046737671,-0.0064166584052145,-0.0231586527079343
1743715036000319000,1.126319091796875,-0.2621393628239631,0.2370014144361019,0.9111585668623446,1743715036000319000,1.126319091796875,0.2289360016584396,0.007731650955975,0.0496223419904708
1743715036010282000,1.136281982421875,-0.3679167820692062,0.2974631896615028,0.9513663663491606,1743715036010282000,1.136281982421875,0.2453151196241378,0.0200368706136941,0.1159768402576446
1743715036020246000,1.14624609375,-0.2416542086780071,0.3030366058796644,0.9463801023691892,1743715036020246000,1.14624609375,0.2486347556114196,0.0308402497321367,0.1343979239463806
1743715036030209000,1.156208984375,-0.0663151774287223,0.2574731245785951,0.9646579557292164,1743715036030209000,1.156208984375,0.2502207159996032,0.0398907326161861,0.1274204850196838
1743715036040172000,1.166172119140625,0.1312245797127485,0.1773790126442909,0.9602853666681797,1743715036040172000,1.166172119140625,0.244769737124443,0.0520272888243198,0.0967906713485717
1743715036050136000,1.176135986328125,0.2573679106384515,0.0465577530354261,0.888895954715088,1743715036050136000,1.176135986328125,0.2444661408662796,0.0632950067520141,0.0723420307040214
1743715036060098800,1.186098876953125,0.2838075892746448,0.0723626408994197,0.977703826719895,1743715036060098800,1.186098876953125,0.2650915384292602,0.092194028198719,0.0618808642029762
1743715036070063000,1.19606298828125,0.1792354541659355,0.1198965454906225,1.0181889087781308,1743715036070063000,1.19606298828125,0.2846966385841369,0.1222282126545906,0.0727090388536453
1743715036080025900,1.20602587890625,0.0906663593530654,0.1508814663410186,1.0007726406835018,1743715036080025900,1.20602587890625,0.2996367216110229,0.1278765052556991,0.1039122343063354
1743715036089990000,1.215989990234375,-0.0130804308474063,0.0807663121074438,0.942617973356694,1743715036089990000,1.215989990234375,0.2886227369308471,0.0952261835336685,0.1527857631444931
1743715036099953000,1.225952880859375,0.1066945340901613,0.0806114138066768,0.9048059829652308,1743715036099953000,1.225952880859375,0.2864176332950592,0.0572705492377281,0.1638890206813812
1743715036109917000,1.2359169921875,0.3701467330783605,0.1784124473452568,0.861013602989912,1743715036109917000,1.2359169921875,0.2866553664207458,0.067448578774929,0.1312703490257263
1743715036119880000,1.2458798828125,0.5498001203954219,0.1617126569569111,0.8526329473312944,1743715036119880000,1.2458798828125,0.2967133522033691,0.1240213066339492,0.0590592660009861
1743715036129844000,1.255843994140625,0.7269763039439916,0.1294657533466816,0.8049808962531387,1743715036129844000,1.255843994140625,0.3172160685062408,0.1928395926952362,-0.0283121559768915
1743715036139807000,1.265806884765625,0.7104507010787725,-0.0047708676636219,0.7046660532627255,1743715036139807000,1.265806884765625,0.3233426809310913,0.2441352754831314,-0.0740543454885482
1743715036149770000,1.27577001953125,0.5135726227164268,-0.1738151826828718,0.6019557299705222,1743715036149770000,1.27577001953125,0.3310444355010986,0.2451943457126617,-0.0755195766687393
1743715036159734000,1.285734130859375,0.4154220450878143,-0.2237900506854057,0.6224667126774788,1743715036159734000,1.285734130859375,0.3414795100688934,0.2444585114717483,-0.0548571795225143
1743715036169697000,1.295697021484375,0.2234901909559965,-0.2116062764167785,0.5852128676254302,1743715036169697000,1.295697021484375,0.3529238998889923,0.2589986026287079,-0.0266937185078859
1743715036179661000,1.3056611328125,-0.0154699563324451,-0.0951280149370431,0.5370359889555723,1743715036179661000,1.3056611328125,0.3569577932357788,0.2710501849651336,0.013825743459165
1743715036189624000,1.3156240234375,-0.2857809351742267,0.01074234328866,0.4527709480121731,1743715036189624000,1.3156240234375,0.3558881282806396,0.2664687931537628,0.0765826106071472
1743715036199588000,1.325588134765625,-0.5697627119719981,0.158374452444911,0.3946925607919693,1743715036199588000,1.325588134765625,0.3553214073181152,0.2598963677883148,0.1727360337972641
1743715036209551000,1.335551025390625,-1.013847372442484,0.3798895439356565,0.389040599444881,1743715036209551000,1.335551025390625,0.3655846416950226,0.2675973773002624,0.3341031074523926
1743715036219515100,1.34551513671875,-1.4888228457391262,0.709368166539073,0.4318384519575163,1743715036219515100,1.34551513671875,0.397721529006958,0.2843747437000274,0.5483791828155518
1743715036229478000,1.355477783203125,-2.0107371803432703,0.9664829791992904,0.3611860125094652,1743715036229478000,1.355477783203125,0.4222382307052612,0.3317553102970123,0.918234407901764
1743715036239441000,1.36544091796875,-3.091744948866963,1.029649337208271,0.1835107568649575,1743715036239441000,1.36544091796875,0.5181061625480652,0.3165028691291809,1.402247190475464
1743715036249405000,1.375405029296875,-3.0133085410118103,1.493237739571929,0.6006765403475612,1743715036249405000,1.375405029296875,0.7098789215087891,0.3957722187042236,1.8957953453063965
1743715036259368000,1.385367919921875,-3.2105577907741067,1.799209814381599,0.5954834286838769,1743715036259368000,1.385367919921875,0.8888683319091797,0.6022704839706421,2.3462204933166504
1743715036269332000,1.39533203125,-3.2225673775196078,1.9990572639435529,0.2673211859086528,1743715036269332000,1.39533203125,0.9479618668556212,0.4691242277622223,2.759425163269043
1743715036279295000,1.405294921875,-3.866655554896593,2.16605458330512,-0.0253297446329146,1743715036279295000,1.405294921875,0.9228296279907228,0.5054867267608643,3.1716275215148926
1743715036289259000,1.415259033203125,-3.597874854362011,2.292068150371313,0.013322916100081,1743715036289259000,1.415259033203125,0.9036569595336914,0.3893802165985107,3.479231834411621
1743715036299222000,1.425221923828125,-2.856589454558492,2.433278702047467,0.0644496758177876,1743715036299222000,1.425221923828125,0.8821524977684021,0.3176543712615967,3.724245071411133
1743715036309186000,1.43518603515625,-2.774306892669201,2.340533782854676,0.3011991430531255,1743715036309186000,1.43518603515625,0.8224680423736572,0.2689782679080963,3.905429601669312
1743715036319149000,1.445149169921875,-2.500132224136591,2.299650568324328,-0.2325782642316073,1743715036319149000,1.445149169921875,0.7233006954193115,0.1202212944626808,4.035080432891846
1743715036329113000,1.455113037109375,-1.9895283880978825,2.225155007049441,-0.2652477771680802,1743715036329113000,1.455113037109375,0.6103349924087524,-0.0611812658607959,4.116669178009033
1743715036339076000,1.465076171875,-1.5305232218712568,2.1342057391017675,-0.2297237150507047,1743715036339076000,1.465076171875,0.530269205570221,-0.2716519236564636,4.1637043952941895
1743715036349039000,1.4750390625,-1.221325170752406,1.90620362367928,-0.1211389102345332,1743715036349039000,1.4750390625,0.4866667687892914,-0.4913437664508819,4.157049655914307
1743715036359003100,1.485003173828125,-0.7718354363679886,1.6696481994450092,-0.1250545036425348,1743715036359003100,1.485003173828125,0.4492610692977905,-0.6503283381462097,4.111175060272217
1743715036368966100,1.494966064453125,-0.5704997940748929,1.2922235843181609,-0.3063641976661048,1743715036368966100,1.494966064453125,0.44354909658432,-0.8164879083633423,4.112485885620117
1743715036378930200,1.50493017578125,-0.7619125927686691,0.4802075287312269,-0.282326429072488,1743715036378930200,1.50493017578125,0.5000664591789246,-1.030467510223389,4.321570873260498
1743715036388893000,1.514892822265625,-1.0873097912773488,-0.4284966307163238,-0.1227790055917575,1743715036388893000,1.514892822265625,0.597331166267395,-1.223406434059143,4.729944229125977
1743715036398857200,1.524857177734375,-1.5064225075766444,-0.7321791332840919,0.0894090893009677,1743715036398857200,1.524857177734375,0.7257387042045593,-1.226795315742493,5.206146717071533
1743715036408820000,1.534820068359375,-1.688697767829895,-0.1576724416553974,0.5534846175944432,1743715036408820000,1.534820068359375,0.8557640910148621,-1.041057586669922,5.569746017456055
1743715036418784000,1.544783935546875,-1.5550607201479374,1.011899745506048,0.7205032354723662,1743715036418784000,1.544783935546875,0.9591120481491088,-0.8098548054695129,5.793460845947266
1743715036428747000,1.5547470703125,-1.3767150544285771,1.8586790714383123,0.3567950110089034,1743715036428747000,1.5547470703125,0.9398710131645204,-0.7879093289375305,5.89403247833252
1743715036438710000,1.5647099609375,-0.068467971548438,1.8778350228071208,-0.8537867204762994,1743715036438710000,1.5647099609375,0.6307477951049805,-0.919060468673706,5.74011754989624
1743715036448674000,1.574674072265625,2.346897472667694,2.16991593490839,-1.6229530837655066,1743715036448674000,1.574674072265625,0.3457684516906738,-1.4941359758377075,5.299816608428955
1743715036458637000,1.584636962890625,6.210076291364431,2.322123681417108,-2.2898460904076696,1743715036458637000,1.584636962890625,0.0311934556812047,-1.499327301979065,4.736217021942139
1743715036468601000,1.59460107421875,13.644638263338804,2.7609669341027736,-2.81228941732198,1743715036468601000,1.59460107421875,0.0419410280883312,1.3333834409713743,3.5788726806640625
1743715036478564000,1.604564208984375,25.429276435768603,3.4116713147491216,-1.5805854758962987,1743715036478564000,1.604564208984375,0.2380785793066024,2.6308703422546387,1.479409098625183
1743715036488528100,1.614528076171875,21.272215208506584,2.1075790134608745,-0.1786192219637334,1743715036488528100,1.614528076171875,0.2268001288175583,1.6224675178527832,-0.0033990445081144
1743715036498491100,1.6244912109375,12.235739433664085,0.5391933861851692,-0.6596670009113847,1743715036498491100,1.6244912109375,-0.0923115611076355,0.3662965893745422,-0.7256999611854553
1743715036508455000,1.634454833984375,2.357472496565431,1.420128664219379,0.8672455561820417,1743715036508455000,1.634454833984375,-0.0074021145701408,0.2316223233938217,-0.7591610550880432
1743715036518418200,1.644418212890625,-3.50744230376482,2.641635036757588,2.438368426401913,1743715036518418200,1.644418212890625,0.2111619263887405,0.2928159236907959,-0.3254471123218536
1743715036528381200,1.654381103515625,-3.534982637119293,1.7406202627688645,1.2786267283812165,1743715036528381200,1.654381103515625,0.3396679759025574,0.3265165090560913,0.0741990432143211
1743715036538345200,1.66434521484375,-0.2037527133721858,0.7466472190976142,0.1963639182951301,1743715036538345200,1.66434521484375,0.3017445504665375,0.533592164516449,0.043292261660099
1743715036548308000,1.674307861328125,3.332857305753231,0.1407943720906972,-0.8170691011928022,1743715036548308000,1.674307861328125,0.2695102393627167,0.6472815871238708,-0.2481707036495208
1743715036558272000,1.68427197265625,4.203803104692697,-0.1075251396954059,-0.6459315402213484,1743715036558272000,1.68427197265625,0.2755971550941467,0.6072396636009216,-0.4503885209560394
1743715036568235000,1.694235107421875,2.6422318336069583,0.1074918219476938,0.0233131441134959,1743715036568235000,1.694235107421875,0.2590787708759308,0.5884171724319458,-0.4330963492393493
1743715036578198800,1.70419873046875,1.1444096888542177,0.4068208054810762,0.3828534352425485,1743715036578198800,1.70419873046875,0.2248174548149109,0.6094239354133606,-0.3334901332855224
1743715036588162000,1.714162109375,0.9974819285750388,0.4280623309522867,0.400386973041296,1743715036588162000,1.714162109375,0.1887363940477371,0.6494293808937073,-0.2623739242553711
1743715036598125800,1.724125732421875,1.661481259602308,0.3126069827795028,0.3756070443108678,1743715036598125800,1.724125732421875,0.1952747106552124,0.6211375594139099,-0.2839140892028808
1743715036608089000,1.734089111328125,2.309001749515533,0.3095996176570654,0.0974120342209935,1743715036608089000,1.734089111328125,0.1466676145792007,0.6465250849723816,-0.3182856142520904
1743715036618052000,1.744052001953125,2.173155355221033,0.431866399410367,-0.0805294346116483,1743715036618052000,1.744052001953125,0.0970920696854591,0.7010285258293152,-0.3284849822521209
1743715036628015900,1.754015869140625,1.9929121853172775,0.4605196624428033,-0.1507829744026065,1743715036628015900,1.754015869140625,0.0403776243329048,0.7284278273582458,-0.3121300339698791
1743715036637979100,1.763979248046875,1.5213351222872733,0.6920809316515922,0.1380642164744436,1743715036637979100,1.763979248046875,0.0405232980847358,1.0491045713424685,-0.250459760427475
1743715036647943000,1.77394287109375,1.6612895364224909,0.6283896729856729,-0.0270664322324097,1743715036647943000,1.77394287109375,-0.0446819849312305,0.7019755840301514,-0.2702608108520508
1743715036657906200,1.78390625,2.8287212044239043,0.1851736120432615,-1.0594099769607186,1743715036657906200,1.78390625,-0.1196363940834999,0.6568411588668823,-0.3496434986591339
1743715036667870000,1.793869873046875,1.8272271175980568,0.9111100515455008,-0.2300159394629299,1743715036667870000,1.793869873046875,-0.1449016779661178,0.8022404909133911,-0.3869514763355255
1743715036677833000,1.8038330078125,1.6656640982449054,0.9529746783286333,-0.12329554027915,1743715036677833000,1.8038330078125,-0.2102543115615844,0.7037354707717896,-0.3591645658016205
1743715036687797000,1.813796875,1.6699065581202506,1.008142438799143,-0.3335430955633521,1743715036687797000,1.813796875,-0.2120057344436645,0.7470919489860535,-0.3689354956150055
1743715036697760000,1.823760009765625,1.7781705334842204,1.1635293998658656,-0.3413270274378359,1743715036697760000,1.823760009765625,-0.260765016078949,0.7406364679336548,-0.3869869410991668
1743715036707724000,1.83372412109375,1.7319757685422896,1.2612351563364266,-0.5457762717068195,1743715036707724000,1.83372412109375,-0.3378045558929443,0.68707275390625,-0.3892016112804413
1743715036717686800,1.843686767578125,1.5221312411010264,1.2635492784976958,-0.6468042314026504,1743715036717686800,1.843686767578125,-0.3330659866333008,0.7726795673370361,-0.3897997438907623
1743715036727650000,1.853650146484375,1.3364040868282316,1.5351216555774212,-0.1965651399556547,1743715036727650000,1.853650146484375,-0.3716527223587036,0.699373722076416,-0.3911259770393371
1743715036737613800,1.86361376953125,1.7836755606412886,1.2198346399337052,-0.7988913472063839,1743715036737613800,1.86361376953125,-0.4236344397068023,0.6140175461769104,-0.4092650413513183
1743715036747576800,1.873576904296875,1.57453129042387,1.28332949924469,-0.702012543079257,1743715036747576800,1.873576904296875,-0.4440518915653229,0.611535906791687,-0.41627237200737
1743715036757540900,1.883540771484375,1.595796196770668,1.156824349269271,-0.4948964907538145,1743715036757540900,1.883540771484375,-0.4485464990139007,0.5741283893585205,-0.4261159300804138
1743715036767504000,1.89350390625,1.729851615995169,1.104986025482416,-0.46571292023696,1743715036767504000,1.89350390625,-0.427438735961914,0.5622755885124207,-0.4221645891666412
1743715036777468000,1.903468017578125,1.635058532100916,0.9933961205661296,-0.4789209229867905,1743715036777468000,1.903468017578125,-0.3983202576637268,0.5220568180084229,-0.4075600802898407
1743715036787431000,1.913430908203125,1.7068880890369411,0.7945002726405859,-0.6738098002932965,1743715036787431000,1.913430908203125,-0.3890164196491241,0.480097234249115,-0.3938176035881042
1743715036797395000,1.92339501953125,1.6710551436334848,0.6367185253918171,-0.9235429052043704,1743715036797395000,1.92339501953125,-0.3877207934856415,0.4446902573108673,-0.381807267665863
1743715036807358000,1.93335791015625,1.707138848927617,0.4434989695370197,-0.9403320543766022,1743715036807358000,1.93335791015625,-0.393732488155365,0.3883292376995086,-0.3665535449981689
1743715036817321000,1.943321044921875,1.784070112916827,0.1721943034827709,-1.0905712772913276,1743715036817321000,1.943321044921875,-0.4189395904541015,0.322624534368515,-0.3505463600158691
1743715036827285000,1.953284912109375,1.8405080394536253,-0.1782639787852764,-1.188695843695849,1743715036827285000,1.953284912109375,-0.4545796513557434,0.2623554170131683,-0.3134820461273193
1743715036837248000,1.963248046875,1.7973218086779117,-0.5988455985933542,-1.1120357978634536,1743715036837248000,1.963248046875,-0.48180091381073,0.2158139944076538,-0.2714139521121979
1743715036847212000,1.9732119140625,1.7753204047501083,-1.122162785732746,-1.0768675269138068,1743715036847212000,1.9732119140625,-0.5098181366920471,0.187548816204071,-0.2060581147670745
1743715036857175000,1.983175048828125,1.5978636506944894,-1.6612795995503664,-1.0332083448641,1743715036857175000,1.983175048828125,-0.5120373368263245,0.1537104249000549,-0.1370694637298584
1743715036867139000,1.99313916015625,1.6812784314841032,-2.12881001753807,-0.7787912468552589,1743715036867139000,1.99313916015625,-0.5015840530395508,0.1399290412664413,-0.0852390304207801
1743715036877101800,2.003101806640625,2.070024651092291,-2.6739398080348966,-0.818640076836571,1743715036877101800,2.003101806640625,-0.4986436367034912,0.1574486494064331,-0.0296756383031606
1743715036887065900,2.01306591796875,2.462462710955739,-3.232552180439233,-1.0124166820522398,1743715036887065900,2.01306591796875,-0.4995273351669311,0.2133619487285614,0.0408030524849891
1743715036897028900,2.02302880859375,2.4099095168977973,-3.7714246641069646,-0.868769550878927,1743715036897028900,2.02302880859375,-0.4683510363101959,0.2039996087551117,0.1145497113466262
1743715036906991900,2.032991943359375,2.033611859974265,-4.322601918074488,-0.6400367100290953,1743715036906991900,2.032991943359375,-0.460732638835907,0.1115729212760925,0.1832329332828521
1743715036916956000,2.042955810546875,1.0365262372404336,-5.081905205127597,-0.3128951520711183,1743715036916956000,2.042955810546875,-0.4762463271617889,-0.1147486343979835,0.2573535144329071
1743715036926919000,2.0529189453125,0.2537128952622413,-6.185538062435389,-0.152770403626468,1743715036926919000,2.0529189453125,-0.584735631942749,-0.3496910035610199,0.3085141479969024
1743715036936883000,2.062883056640625,0.095893190623261,-7.472861015230417,-0.3540403785385191,1743715036936883000,2.062883056640625,-0.5636234283447266,-0.4725263714790344,0.2651046216487884
1743715036946846000,2.072845947265625,0.108739209926594,-8.523281337788701,-0.7786119447655976,1743715036946846000,2.072845947265625,-0.4793583452701568,-0.4064224362373352,0.1352973282337188
1743715036956810000,2.08281005859375,-0.0132435124546289,-8.377879764163493,-1.5012347296752035,1743715036956810000,2.08281005859375,-0.4610600173473358,-0.2236273139715194,-0.0767416805028915
1743715036966773000,2.09277294921875,-0.596576521150209,-6.912059023827314,-2.2705613980926573,1743715036966773000,2.09277294921875,-0.4897179305553436,-0.1007540971040725,-0.2355584800243377
1743715036976737000,2.102737060546875,-1.326556646552682,-4.006694724705815,-1.9962717248782516,1743715036976737000,2.102737060546875,-0.4778879284858703,0.0113261053338646,-0.2926308214664459
1743715036986700000,2.112699951171875,-1.7164163803607224,-0.9560065933704376,-0.7098996430672705,1743715036986700000,2.112699951171875,-0.4496111869812011,0.1150686740875244,-0.3194379508495331
1743715036996663800,2.122663818359375,-1.689570459011197,1.5484616141438483,0.1041815100896172,1743715036996663800,2.122663818359375,-0.4234059453010559,0.1948204934597015,-0.3204033374786377
1743715037006626800,2.132626708984375,-1.830011195358634,3.4120196897953745,0.7339927585773169,1743715037006626800,2.132626708984375,-0.3871808350086212,0.2005380243062973,-0.2768766283988952
1743715037016589800,2.14258984375,-1.9923685799598687,4.778539513424039,0.913698679799214,1743715037016589800,2.14258984375,-0.3455396294593811,0.1878896206617355,-0.2035608887672424
1743715037026553900,2.152553955078125,-2.0993243953347207,5.513396926006674,0.8382046090062707,1743715037026553900,2.152553955078125,-0.3077397644519806,0.2003159373998642,-0.1094330549240112
1743715037036516900,2.162516845703125,-2.204025125259161,5.349509847620129,0.832125508288294,1743715037036516900,2.162516845703125,-0.3211501240730285,0.2009508311748504,-0.0440250150859355
1743715037046481000,2.17248095703125,-1.9737457125544544,4.505671251314878,1.002350557524711,1743715037046481000,2.17248095703125,-0.3641840815544128,0.2091217041015625,-0.0271954331547021
1743715037056444000,2.18244384765625,-1.6148855126440524,3.4072868160545826,1.4458024730496108,1743715037056444000,2.18244384765625,-0.3823361694812774,0.1985180675983429,-0.0170389357954263
1743715037066408000,2.192407958984375,-1.2921698083043098,2.388534135913849,1.8132870011813935,1743715037066408000,2.192407958984375,-0.4395401775836944,0.2224355041980743,0.012291494756937
1743715037076371000,2.202370849609375,-0.8856582149028778,1.5862743351876736,1.7958187106385826,1743715037076371000,2.202370849609375,-0.4359161555767059,0.2352037578821182,0.0470193810760974
1743715037086335000,2.2123349609375,-0.545027499166131,0.5414239217162132,1.5143845724970102,1743715037086335000,2.2123349609375,-0.3121106326580047,0.2186398953199386,0.099288210272789
1743715037096298000,2.222298095703125,-0.5178097488295287,-0.2421720950722694,0.8422282384991645,1743715037096298000,2.222298095703125,-0.2535258829593658,0.2561342716217041,0.1771395951509475
1743715037106260700,2.2322607421875,-0.5827764707913622,-0.6536164687007665,0.2103470701359212,1743715037106260700,2.2322607421875,-0.2514686286449432,0.2791189551353454,0.2383137494325637
1743715037116224800,2.242224853515625,-0.6438292341798544,-1.0949760881215334,-0.0056993076201528,1743715037116224800,2.242224853515625,-0.2643671035766601,0.2749977111816406,0.2625040411949157
1743715037126187800,2.252187744140625,-0.7752076162148267,-1.18914665620327,0.0032637510363012,1743715037126187800,2.252187744140625,-0.2481391131877899,0.2620962858200073,0.2480678409337997
1743715037136151800,2.26215185546875,-0.6464332791984081,-1.142998653012514,0.2003780493073165,1743715037136151800,2.26215185546875,-0.1994157880544662,0.2410594522953033,0.2204950600862503
1743715037146114800,2.27211474609375,-0.4102800060242414,-1.0335299780339002,0.3987039153251797,1743715037146114800,2.27211474609375,-0.127234473824501,0.2359443306922912,0.2088605165481567
1743715037156078800,2.282078857421875,-0.3738286729941144,-0.7102046173632145,0.7227263914145529,1743715037156078800,2.282078857421875,-0.055876936763525,0.2464510351419448,0.2189546972513198
1743715037166041900,2.292041748046875,-0.2864811741317622,-0.2718704832434654,0.9692863461822272,1743715037166041900,2.292041748046875,0.0127913169562816,0.250320702791214,0.2318124622106552
1743715037176006000,2.302005859375,-0.0488385391826741,0.1577256331473588,0.9492876603789628,1743715037176006000,2.302005859375,0.0350630655884742,0.2495260089635849,0.2516239881515503
1743715037185969000,2.311968994140625,0.1638830049996264,0.5285580104023218,0.7686842788606881,1743715037185969000,2.311968994140625,0.0344262905418872,0.2385566681623459,0.2898054122924804
1743715037195932000,2.321931884765625,0.270977918317914,0.9560942716538906,0.6881370163314044,1743715037195932000,2.321931884765625,0.0341501198709011,0.2486260831356048,0.3238754868507385
1743715037205896000,2.33189599609375,0.3248269974052906,1.253977732554078,0.5919126940576359,1743715037205896000,2.33189599609375,0.0316579341888427,0.2698245644569397,0.3494863212108612
1743715037215859000,2.34185888671875,0.4424538443982601,1.4193056573987006,0.4504544512307271,1743715037215859000,2.34185888671875,0.0257121641188859,0.2693076431751251,0.3623645603656769
1743715037225823000,2.351822998046875,0.5822241341382265,1.552511181795597,0.3818874762872233,1743715037225823000,2.351822998046875,0.0426813848316669,0.2908466458320617,0.3620780408382416
1743715037235786000,2.361785888671875,0.7031815868586302,1.587854882377386,0.4279841511495411,1743715037235786000,2.361785888671875,0.0739096105098724,0.3031105101108551,0.3600111603736877
1743715037245750000,2.37175,0.7969184396982193,1.622961851593852,0.5202033659677953,1743715037245750000,2.37175,0.1145988777279853,0.3074023425579071,0.3549724817276001
1743715037255713000,2.381713134765625,0.8836264168143272,1.6670891626119613,0.5763747505228967,1743715037255713000,2.381713134765625,0.1503994762897491,0.2855697572231293,0.3406553268432617
1743715037265677000,2.391677001953125,0.9332230991542338,1.844813627693057,0.5481187797123566,1743715037265677000,2.391677001953125,0.2069898098707199,0.2825636565685272,0.3238488435745239
1743715037275639800,2.401639892578125,0.9876409180402757,1.8576304391682148,0.4145231965519487,1743715037275639800,2.401639892578125,0.2563248872756958,0.294537752866745,0.2797271907329559
1743715037285602800,2.411602783203125,1.1996423312544822,1.9350415956288576,0.3300408230634406,1743715037285602800,2.411602783203125,0.2845469117164612,0.2939897775650024,0.2393718212842941
1743715037295566800,2.42156689453125,1.185312192606926,2.080384132543206,0.2582849158855155,1743715037295566800,2.42156689453125,0.2961257994174957,0.2788912355899811,0.2002284079790115
1743715037305529900,2.43152978515625,1.1519453450560568,2.1720032625764607,0.2855496106363833,1743715037305529900,2.43152978515625,0.3189363181591034,0.2577581107616424,0.1683943420648574
1743715037315494000,2.441493896484375,1.123365731781721,2.242839132300019,0.2922626984089613,1743715037315494000,2.441493896484375,0.3407870233058929,0.2251157462596893,0.1394993066787719
1743715037325457000,2.451456787109375,1.1136182447493077,2.283602519842982,0.2760138666585087,1743715037325457000,2.451456787109375,0.3737654983997345,0.185538500547409,0.1113568842411041
1743715037335421000,2.4614208984375,1.0916823072731494,2.310188328951597,0.5074146480759606,1743715037335421000,2.4614208984375,0.4158421158790588,0.1643631756305694,0.0869625955820083
1743715037345384000,2.471384033203125,1.0760521919429302,2.4109581491678957,0.4940723148893565,1743715037345384000,2.471384033203125,0.432331770658493,0.1122490763664245,0.0557796359062194
1743715037355348000,2.481347900390625,1.1190998910307883,2.5779671589672564,0.2742684842959046,1743715037355348000,2.481347900390625,0.4555180668830871,0.0832736194133758,0.0161794982850551
1743715037365311000,2.49131103515625,1.0794470950782298,2.6024241393536327,0.2631268212250434,1743715037365311000,2.49131103515625,0.4813089668750763,0.059741586446762,0.0038794055581092
1743715037375275000,2.50127490234375,0.8971510842978954,2.594056708502769,0.2863447796020656,1743715037375275000,2.50127490234375,0.5094771981239319,0.0451698340475559,0.0353337377309799
1743715037385238000,2.511238037109375,0.6917161899924278,2.5738228987693783,0.3253418881248682,1743715037385238000,2.511238037109375,0.5438417196273804,0.0241360571235418,0.096082329750061
1743715037395201000,2.521200927734375,0.6465349860072136,2.5550188295781613,0.2208873697801493,1743715037395201000,2.521200927734375,0.6018557548522949,0.0173063799738883,0.1075949072837829
1743715037405165000,2.5311650390625,0.6772106947779655,2.284623095062375,0.1024883328382857,1743715037405165000,2.5311650390625,0.6225087642669678,0.0012110122479498,0.0994922369718551
1743715037415128000,2.541128173828125,0.7901356476902961,1.8889368470579384,0.0575097113536205,1743715037415128000,2.541128173828125,0.6201337575912476,-0.04147919267416,0.068659484386444
1743715037425092000,2.551092041015625,1.0045803624033929,1.5187223094403743,0.0165326353942044,1743715037425092000,2.551092041015625,0.612156093120575,-0.070120483636856,0.0342833958566188
1743715037435054800,2.561054931640625,1.0384265179038048,1.0203887569099663,0.0466618161980994,1743715037435054800,2.561054931640625,0.6272732615470886,-0.1010453775525093,0.0360330939292907
1743715037445019000,2.571018798828125,1.2027262687444686,0.3747761464446782,0.214428220236022,1743715037445019000,2.571018798828125,0.6731646060943604,-0.1189254894852638,0.0402981080114841
1743715037454982000,2.58098193359375,1.4149685049772265,-0.4504302301049232,0.3029655499374494,1743715037454982000,2.58098193359375,0.7536671757698059,-0.1027545034885406,0.0269173216074705
1743715037464946000,2.59094580078125,1.78040925232172,-1.278991177779436,0.2642805761037394,1743715037464946000,2.59094580078125,0.8258399963378906,-0.1196826994419097,0.0215768720954656
1743715037474909000,2.600908935546875,2.157193231457472,-2.1646125678032635,-0.0984157679034397,1743715037474909000,2.600908935546875,0.8676612377166748,-0.1567874550819397,0.0550621263682842
1743715037484872000,2.610871826171875,2.167797627580166,-2.8760587096601724,-0.4168617225021123,1743715037484872000,2.610871826171875,0.887164831161499,-0.2066627740859985,0.1329010128974914
1743715037494836000,2.6208359375,2.25443663111329,-3.365912018615007,-0.5020024503014981,1743715037494836000,2.6208359375,0.8811296224594116,-0.2859455943107605,0.2249246835708618
1743715037504799000,2.630799072265625,2.550259652352333,-3.753094057646394,-0.4576719448614865,1743715037504799000,2.630799072265625,0.8753088712692261,-0.2985545694828033,0.3122718632221222
1743715037514762800,2.6407626953125,1.874260086929798,-4.109250843816995,-0.0382047160360962,1743715037514762800,2.6407626953125,0.9127052426338196,-0.164971724152565,0.3346756994724273
1743715037524726000,2.65072607421875,0.1606020653665065,-4.673776239657402,0.9720787533797324,1743715037524726000,2.65072607421875,1.0860635042190552,-0.0741138756275177,0.3283107876777649
1743715037534689800,2.660689697265625,0.0425450102627277,-5.924194818425178,1.142531766153127,1743715037534689800,2.660689697265625,1.3125286102294922,-0.0315480306744575,0.3003422617912292
1743715037544653000,2.670653076171875,1.2511328645169737,-7.951614253500104,-0.4692150831390172,1743715037544653000,2.670653076171875,1.4813834428787231,-0.0122614335268735,0.1554431766271591
1743715037554616800,2.680616943359375,0.7366869660973548,-8.816805434435606,-2.093402604070305,1743715037554616800,2.680616943359375,1.5224852561950684,-0.0609229765832424,-0.0577796176075935
1743715037564579800,2.690579833984375,-0.5198071697244421,-8.675681391999126,-3.6053842070788154,1743715037564579800,2.690579833984375,1.3773152828216553,-0.0952451899647712,-0.344935804605484
1743715037574542800,2.70054296875,-1.099400334304571,-8.116434813344478,-5.605959474369883,1743715037574542800,2.70054296875,1.064941644668579,-0.0734536051750183,-0.6316367983818054
1743715037584507000,2.7105068359375,-2.013836899924278,-5.9424681417405605,-6.420126570510864,1743715037584507000,2.7105068359375,0.7894954681396484,-0.032839335501194,-0.7134299874305725
1743715037594470000,2.720469970703125,-3.092137163054943,-2.3538076904475687,-4.97260954862833,1743715037594470000,2.720469970703125,0.5976347327232361,-0.0949833989143371,-0.5707449913024902
1743715037604433700,2.73043359375,-2.990301759433746,0.1840069063514471,-3.4131536622613665,1743715037604433700,2.73043359375,0.4307177066802978,-0.3054647743701935,-0.4095345139503479
1743715037614397000,2.74039697265625,-2.189843455171585,1.984364721724391,-2.309079929318279,1743715037614397000,2.74039697265625,0.2606751620769501,-0.5045022368431091,-0.3575530648231506
1743715037624360700,2.750360595703125,-1.4887059413611887,3.402843280649185,-1.2608256987527011,1743715037624360700,2.750360595703125,0.101121000945568,-0.6454950571060181,-0.3860209286212921
1743715037634323700,2.76032373046875,-0.9829320096969604,4.253381666854024,-0.456643843922764,1743715037634323700,2.76032373046875,-0.0520882532000541,-0.7553413510322571,-0.4260831177234649
1743715037644287700,2.770287841796875,-0.6683505119740962,4.780190787762403,0.3179346075430512,1743715037644287700,2.770287841796875,-0.1723423302173614,-0.8389664888381958,-0.4093771874904632
1743715037654250800,2.780250732421875,-0.7096025598168373,4.910982236754894,0.9077484661579132,1743715037654250800,2.780250732421875,-0.2415954321622848,-0.8866860270500183,-0.3460557162761688
1743715037664214000,2.790214111328125,-0.6406628791034221,4.792063596385717,1.4407362757012248,1743715037664214000,2.790214111328125,-0.300008088350296,-0.9306844472885132,-0.2848511636257171
1743715037674177800,2.800177734375,-0.539853895920515,4.311500678345561,1.6469002149336038,1743715037674177800,2.800177734375,-0.3793814480304718,-0.9692382216453552,-0.2538067102432251
1743715037684140800,2.810140869140625,-0.4357049546599388,3.515917286643386,1.5454104098796844,1743715037684140800,2.810140869140625,-0.4675846397876739,-0.9861820340156556,-0.2372114807367324
1743715037694104800,2.820104736328125,-0.501458991074562,2.6506746677815918,1.2144066235356032,1743715037694104800,2.820104736328125,-0.5183975100517273,-0.9635438323020936,-0.1969388872385025
1743715037704067800,2.83006787109375,-0.7771522474765777,2.0429192020237443,0.8239372333966195,1743715037704067800,2.83006787109375,-0.5112688541412354,-0.9247614741325378,-0.1454794108867645
1743715037714031900,2.840031982421875,-0.6178712015807628,1.3770014701545237,0.3404233565963804,1743715037714031900,2.840031982421875,-0.4935398995876312,-0.870416522026062,-0.1085893139243125
1743715037723995000,2.849994873046875,-0.3315454920053481,0.7357569917708635,-0.2264811894655227,1743715037723995000,2.849994873046875,-0.4805191159248352,-0.8159872889518738,-0.1169924214482307
1743715037733958000,2.8599580078125,-0.1716273172497749,0.3213730575591325,-0.4852281333722174,1743715037733958000,2.8599580078125,-0.4457888305187225,-0.7794247269630432,-0.1552881449460983
1743715037743921700,2.869921630859375,-0.0827577690524514,-0.0486129319995641,-0.5632106599800288,1743715037743921700,2.869921630859375,-0.4127025604248047,-0.773385763168335,-0.2154276520013809
1743715037753884700,2.879884765625,0.0952864203691482,-0.2136877588659524,-0.5964508124113083,1743715037753884700,2.879884765625,-0.3715415298938751,-0.7756111025810242,-0.27595916390419
1743715037763848700,2.8898486328125,0.2273334223806858,-0.1230757600486278,-0.6481728163421153,1743715037763848700,2.8898486328125,-0.3435188829898834,-0.7793420553207397,-0.3190259039402008
1743715037773811700,2.899811767578125,0.32637598041296,0.1116390047550201,-0.7263666476130485,1743715037773811700,2.899811767578125,-0.3309589028358459,-0.7805130481719971,-0.3258342742919922
1743715037783775700,2.909775634765625,0.4205529782354831,0.4022422455191612,-0.7136788693450391,1743715037783775700,2.909775634765625,-0.3354940712451935,-0.771711528301239,-0.3095163106918335
1743715037793738800,2.91973876953125,0.5912929912567139,0.6881465148121119,-0.6234165607482195,1743715037793738800,2.91973876953125,-0.3461669683456421,-0.7551570534706116,-0.2895372807979584
1743715037803702800,2.929702880859375,0.7579284915685653,0.9080272830992936,-0.4738730650126934,1743715037803702800,2.929702880859375,-0.3578754663467407,-0.7238268852233887,-0.2553675770759582
1743715037813665800,2.939665771484375,0.8370446983814239,1.0791314532577991,-0.3778367030590772,1743715037813665800,2.939665771484375,-0.37111696600914,-0.6930910348892212,-0.2118150442838668
1743715037823628800,2.94962890625,0.8171423125594854,1.2694225544452666,-0.3842931857220828,1743715037823628800,2.94962890625,-0.384120911359787,-0.6543174982070923,-0.1668528765439987
1743715037833592800,2.9595927734375,0.6434381890356541,1.425416833755374,-0.4418598240278661,1743715037833592800,2.9595927734375,-0.3886645436286926,-0.6127117276191711,-0.1228958070278167
1743715037843555800,2.969555908203125,0.4872258830606937,1.536992125624418,-0.5031868377804756,1743715037843555800,2.969555908203125,-0.3855387270450592,-0.5828021168708801,-0.0912795737385749
1743715037853520000,2.979519775390625,0.4202145400613546,1.5445365496546029,-0.588461567223072,1743715037853520000,2.979519775390625,-0.3754085898399353,-0.5717571377754211,-0.0706954672932624
1743715037863483000,2.98948291015625,0.4102478573203086,1.5544547170788048,-0.7067116606809198,1743715037863483000,2.98948291015625,-0.3513606488704681,-0.5695546865463257,-0.0699285268783569
1743715037873447000,2.999447021484375,0.4011626335889101,1.568876625663042,-0.7557344886556268,1743715037873447000,2.999447021484375,-0.3183292150497436,-0.5597580075263977,-0.0784604996442794
1743715037883410000,3.009409912109375,0.4879647187292575,1.6326082163393496,-0.942146629517898,1743715037883410000,3.009409912109375,-0.2983828783035278,-0.5578275322914124,-0.100160889327526
1743715037893374000,3.0193740234375,0.6211743347793817,1.6532909388840198,-1.1396082799218594,1743715037893374000,3.0193740234375,-0.2864303588867187,-0.5436246395111084,-0.1128439307212829
1743715037903336700,3.029336669921875,0.6489560756742954,1.6487264074474572,-1.2233773540418595,1743715037903336700,3.029336669921875,-0.265133261680603,-0.51340252161026,-0.1121920496225357
1743715037913299700,3.0392998046875,0.6225859551429748,1.6824749477922916,-1.201470058138296,1743715037913299700,3.0392998046875,-0.261399507522583,-0.4637588262557983,-0.0923805311322212
1743715037923263700,3.049263671875,0.6437059000611305,1.6413094091892242,-1.1473927232529968,1743715037923263700,3.049263671875,-0.2323450595140457,-0.4129512012004852,-0.0777475088834762
1743715037933226800,3.059226806640625,0.6720674866706132,1.5575029987335205,-1.114672210781649,1743715037933226800,3.059226806640625,-0.2358593642711639,-0.3513541519641876,-0.0589450635015964
1743715037943190800,3.069190673828125,0.5140028308272362,1.5229296980023384,-0.9506252656582742,1743715037943190800,3.069190673828125,-0.2419043779373169,-0.3015090227127075,-0.0415506586432457
1743715037953153800,3.07915380859375,0.3089963910669088,1.5425871691524982,-0.8040392314888537,1743715037953153800,3.07915380859375,-0.2610951364040375,-0.2622167468070984,-0.0246760733425617
1743715037963117800,3.089117919921875,0.0401975794869009,1.50791333065629,-0.7904542121201753,1743715037963117800,3.089117919921875,-0.2845949232578277,-0.2184521406888961,0.0095868427306413
1743715037973080800,3.099080810546875,-0.1535544849425554,1.3870154991686343,-0.9173989225566388,1743715037973080800,3.099080810546875,-0.3023187816143036,-0.1640815734863281,0.0704328864812851
1743715037983043800,3.1090439453125,-0.1347398943573236,1.140548337250948,-1.190142096981406,1743715037983043800,3.1090439453125,-0.329190731048584,-0.1286756992340088,0.1243954375386238
1743715037993007900,3.1190078125,0.0934025063186883,0.8443588207870721,-1.3457180047489703,1743715037993007900,3.1190078125,-0.3570556640625,-0.1116141527891159,0.1630307286977768
1743715038002970000,3.12897021484375,0.3836591256022453,0.4180038782745599,-1.2847776522263883,1743715038002970000,3.12897021484375,-0.3699091970920563,-0.1036845073103904,0.2072248309850692
1743715038012934100,3.13893408203125,0.5684662424206733,-0.1121907934188842,-1.1314183975949883,1743715038012934100,3.13893408203125,-0.3607463240623474,-0.0740890651941299,0.2519073486328125
1743715038022897200,3.148897216796875,0.7499252178549766,-0.7303285369813441,-1.044521035386622,1743715038022897200,3.148897216796875,-0.3501053154468536,-0.0267441570758819,0.2671645879745483
1743715038032861200,3.158861083984375,1.1348761368334292,-1.3944172998577355,-1.0561705566480757,1743715038032861200,3.158861083984375,-0.3693785965442657,-0.0094423983246088,0.2774933874607086
1743715038042824200,3.16882421875,1.284651687759161,-1.9866186381310225,-1.0388028038702906,1743715038042824200,3.16882421875,-0.4001905024051666,-0.0042463815771043,0.31918865442276
1743715038052787000,3.178786865234375,1.121989767253399,-2.380690436676145,-0.8477820001687854,1743715038052787000,3.178786865234375,-0.4282764792442322,0.0217830892652273,0.4016233384609222
1743715038062751000,3.1887509765625,1.041143375647068,-2.621829097047448,-0.6182137314081192,1743715038062751000,3.1887509765625,-0.4629750251770019,0.035206414759159,0.5180882215499878
1743715038072714000,3.1987138671875,0.6858417450010776,-2.8552245959460736,-0.3010090090421959,1743715038072714000,3.1987138671875,-0.481500506401062,0.0660378336906433,0.5952460765838623
1743715038082678000,3.208677978515625,-0.3394634620556607,-3.2236095800489184,0.2179769074272364,1743715038082678000,3.208677978515625,-0.4929589629173279,-0.0482337698340415,0.6338008642196655
1743715038092641000,3.21864111328125,-0.8866659306406974,-4.337450527638197,0.2265462357920594,1743715038092641000,3.21864111328125,-0.4862911999225616,-0.2125968933105468,0.6751176714897156
1743715038102605000,3.22860498046875,-1.0867606329619883,-5.884688737466931,0.1161986225544474,1743715038102605000,3.22860498046875,-0.3891796767711639,-0.4466324746608734,0.7187565565109253
1743715038112568000,3.238568115234375,-1.1957213584184645,-6.919940132465959,0.1205927475938573,1743715038112568000,3.238568115234375,-0.2185144573450088,-0.5447065830230713,0.66310715675354
1743715038122531000,3.248531005859375,-0.6063257252156734,-8.070450476282835,-0.5899621079791337,1743715038122531000,3.248531005859375,-0.1426009088754654,-0.4981417059898376,0.4039421677589416
1743715038132495000,3.2584951171875,-0.0058265141963958,-8.96543941411078,-1.566097808599472,1743715038132495000,3.2584951171875,-0.2006948292255401,-0.3625884056091308,-0.0148268565535545
1743715038142458000,3.2684580078125,-0.4406535535106435,-8.713990372127293,-1.18509942663908,1743715038142458000,3.2684580078125,-0.239923283457756,-0.1987007111310959,-0.3587296605110168
1743715038152422100,3.278422119140625,-2.4263889425337317,-5.425591216781736,0.7599287254750728,1743715038152422100,3.278422119140625,-0.1921554952859878,0.002721098717302,-0.3151829838752746
1743715038162385200,3.28838525390625,-4.026327061414718,-1.4428402622431515,1.991450296071172,1743715038162385200,3.28838525390625,-0.1816013604402542,0.0697885602712631,-0.1086447015404701
1743715038172349200,3.29834912109375,-3.290812646228075,1.0165928717583417,2.5004034422934054,1743715038172349200,3.29834912109375,-0.1527135223150253,0.1202557235956192,0.0461675152182579
1743715038182312200,3.308312255859375,-2.358113278687,2.794645916342735,2.852151764371991,1743715038182312200,3.308312255859375,-0.0802454054355621,0.1925752162933349,0.1578011065721511
1743715038192275000,3.31827490234375,-1.54071903719306,3.76852426649034,2.7994416261866686,1743715038192275000,3.31827490234375,-0.0016901480266824,0.2606264352798462,0.2062101811170578
1743715038202239200,3.3282392578125,-0.5113129341561347,3.976457991874218,2.1926944606885312,1743715038202239200,3.3282392578125,0.0241837278008461,0.2839766442775726,0.1733203828334808
1743715038212202000,3.338201904296875,0.1976912213761359,3.781030696842074,1.5370865259096025,1743715038212202000,3.338201904296875,0.0338826924562454,0.2801683247089386,0.1158477738499641
1743715038222166000,3.348166015625,0.2597674460608512,3.4300586198329923,1.1520343385137617,1743715038222166000,3.348166015625,0.0397110283374786,0.2644720077514648,0.0740710496902465
1743715038232129000,3.35812890625,0.1258112859597429,2.845070281678438,0.8426318508639932,1743715038232129000,3.35812890625,0.0363381318747997,0.2551150023937225,0.0468591377139091
1743715038242093000,3.368093017578125,0.0171790618052706,2.288024427938461,0.5050992472730577,1743715038242093000,3.368093017578125,0.0242105945944786,0.2839905023574829,0.0340274721384048
1743715038252056000,3.37805615234375,-0.1091794097084552,1.8611001611053943,0.3351030748890712,1743715038252056000,3.37805615234375,0.0079269632697105,0.359634667634964,0.0194831490516662
1743715038262019000,3.38801904296875,-0.3242038970708847,1.590012937194109,0.4597855394819751,1743715038262019000,3.38801904296875,-0.0096802301704883,0.3999455869197845,0.0112582454457879
1743715038271983000,3.397983154296875,-0.2405014584463089,1.428945007881522,0.777496165543422,1743715038271983000,3.397983154296875,-0.0066921631805598,0.4146552979946136,0.0118982028216123
1743715038281946000,3.407946044921875,-0.3905237872073426,1.476573605018854,1.2627325552873312,1743715038281946000,3.407946044921875,0.0291742254048585,0.4581314027309418,0.0175499618053436
1743715038291910100,3.41791015625,-0.6417793159127235,1.735147384315729,1.5208420780733227,1743715038291910100,3.41791015625,0.0536982081830501,0.4860410690307617,0.0100353211164474
1743715038301873200,3.427873046875,-0.6360591116350144,1.944583915477991,1.2767958596922455,1743715038301873200,3.427873046875,0.0509690605103969,0.4778404235839844,-0.0178865864872932
1743715038311836200,3.437836181640625,-0.5591874688785523,2.0274661968261003,0.9398895713061094,1743715038311836200,3.437836181640625,0.0420088581740856,0.4665627181529999,-0.0547186359763145
1743715038321800200,3.44780029296875,-0.576134000569582,2.063597248393297,0.6320101285051554,1743715038321800200,3.44780029296875,0.0298340767621994,0.4594695270061493,-0.1037338152527809
1743715038331763200,3.45776318359375,-0.5800444885442033,2.067978824478388,0.3623465807214379,1743715038331763200,3.45776318359375,0.0148980049416422,0.4401357769966125,-0.1533602178096771
1743715038341727200,3.467727294921875,-0.5133738852739334,1.977880035880208,0.1894156700598075,1743715038341727200,3.467727294921875,-0.0052233268506824,0.4089222550392151,-0.1957912892103195
1743715038351690000,3.47768994140625,-0.363739825178124,1.8119196583509445,0.0250771398450247,1743715038351690000,3.47768994140625,-0.0207402352243661,0.3580649197101593,-0.2221560478210449
1743715038361653000,3.487653076171875,-0.2183668931255117,1.631658368268609,-0.0521442113982513,1743715038361653000,3.487653076171875,-0.0167092196643352,0.3108305037021637,-0.238749697804451
1743715038371617000,3.497616943359375,-0.0867243437290191,1.422208977624774,-0.0160556746653746,1743715038371617000,3.497616943359375,0.0130955474451184,0.2737766206264496,-0.2561566531658172
1743715038381580000,3.507580078125,0.0981950012922286,1.2609107466876506,0.076932268636208,1743715038381580000,3.507580078125,0.044227447360754,0.2269583493471145,-0.2698144316673279
1743715038391544000,3.5175439453125,0.2502677232444286,1.076483569097519,0.1652608144251629,1743715038391544000,3.5175439453125,0.0811931863427162,0.1794467568397522,-0.27735036611557
1743715038401507000,3.527507080078125,0.4012310591826215,0.8907207589894532,0.3704014384917914,1743715038401507000,3.527507080078125,0.1309869736433029,0.1451015323400497,-0.2753276824951172
1743715038411470000,3.537469970703125,0.5386334142148494,0.7610217814087867,0.5788562651403248,1743715038411470000,3.537469970703125,0.1826962530612945,0.1270522177219391,-0.2578621208667755
1743715038421434000,3.54743408203125,0.6787970871865749,0.7825082215517759,0.698522582071647,1743715038421434000,3.54743408203125,0.2248655408620834,0.1213341504335403,-0.2408985793590545
1743715038431397000,3.557397216796875,0.8216565751135348,0.8977361907094716,0.7503083719536662,1743715038431397000,3.557397216796875,0.2467737644910812,0.1156720072031021,-0.2112618535757064
1743715038441361200,3.567361083984375,0.8744517612338065,1.054012209570408,0.8244491284415125,1743715038441361200,3.567361083984375,0.2545841932296753,0.1084808185696601,-0.1546303033828735
1743715038451324200,3.57732421875,0.880286458736658,1.2857570186525582,0.8863371370777487,1743715038451324200,3.57732421875,0.2483547776937484,0.103867158293724,-0.0855220705270767
1743715038461288200,3.5872880859375,0.8935632889389992,1.532678938600421,0.9392793304532766,1743715038461288200,3.5872880859375,0.232825830578804,0.1129786074161529,0.0001616689842194
1743715038471251200,3.597251220703125,0.8385422434628009,1.6972329564630984,1.0067316952183842,1743715038471251200,3.597251220703125,0.216163232922554,0.1264954805374145,0.0963635668158531
1743715038481214200,3.607214111328125,0.7134159806251525,1.7117495575934647,1.0834664137221872,1743715038481214200,3.607214111328125,0.2081363648176193,0.144553005695343,0.1857366412878036
1743715038491178200,3.61717822265625,0.6099988242378458,1.5393915879815816,1.1396211394034326,1743715038491178200,3.61717822265625,0.2157615274190902,0.1571353673934936,0.2523444294929504
1743715038501141000,3.62714111328125,0.6662766283094883,1.3043150041282177,1.1858093284741045,1743715038501141000,3.62714111328125,0.2317197322845459,0.1463121175765991,0.3056358397006988
1743715038511105000,3.63710498046875,0.8291770337462425,1.1342729102432727,1.1725389280125498,1743715038511105000,3.63710498046875,0.2502113878726959,0.153634488582611,0.3512493968009949
1743715038521068000,3.647068115234375,0.8471405604600906,0.9626058455049992,1.122335365820676,1743715038521068000,3.647068115234375,0.2759433686733246,0.1815859526395797,0.3989506065845489
1743715038531031000,3.657031005859375,0.8296551726520061,0.6595160481333732,1.0376770877759902,1743715038531031000,3.657031005859375,0.2951080203056335,0.2180185317993164,0.4368452727794647
1743715038540995000,3.6669951171875,0.989387469446659,0.1776344487100839,0.8775408132903277,1743715038540995000,3.6669951171875,0.3052092790603637,0.2580486536026001,0.446586012840271
1743715038550958000,3.6769580078125,1.2439864998936652,-0.4486901084393263,0.6969741105206311,1743715038550958000,3.6769580078125,0.3084660470485687,0.2768513560295105,0.4519965052604675
1743715038560921000,3.686921142578125,1.4659645327210429,-1.2101719085752964,0.5069437791611999,1743715038560921000,3.686921142578125,0.3167182505130768,0.3139892816543579,0.4572333693504333
1743715038570885000,3.696885009765625,1.3420716110706328,-1.902899321436882,0.471396701494418,1743715038570885000,3.696885009765625,0.3295746445655823,0.3459243178367615,0.4528330266475677
1743715038580848000,3.70684814453125,1.4522902276337146,-2.5564766271710395,0.3142025814078748,1743715038580848000,3.70684814453125,0.3284071385860443,0.3055489361286163,0.4713198840618133
1743715038590812200,3.716812255859375,1.5353823523402212,-2.862748561710119,0.2288327210277319,1743715038590812200,3.716812255859375,0.3109261691570282,0.2269843518733978,0.5614122152328491
1743715038600775200,3.726775146484375,1.2682324678778647,-2.892154104414582,0.4455124282512813,1743715038600775200,3.726775146484375,0.2937072515487671,0.1799979358911514,0.6775808930397034
1743715038610738200,3.73673828125,0.3948888870816677,-3.345568318766355,0.9878940160185098,1743715038610738200,3.73673828125,0.3566713035106659,0.2345906049013137,0.7322689294815063
1743715038620702200,3.7467021484375,0.0034756402213126,-4.648800788354873,1.151600842467323,1743715038620702200,3.7467021484375,0.4888809025287628,0.2402881383895874,0.7578355669975281
1743715038630665000,3.7566650390625,0.5719244200505316,-6.939221756041049,0.1968389884609729,1743715038630665000,3.7566650390625,0.6642516255378723,0.2127609103918075,0.6979599595069885
1743715038640629000,3.76662890625,0.7527624871075153,-8.662942906457186,-1.0187745266463606,1743715038640629000,3.76662890625,0.7991706728935242,0.2500729858875274,0.5234294533729553
1743715038650592000,3.776592041015625,0.4100455396812409,-9.368375487113,-2.605040751592815,1743715038650592000,3.776592041015625,0.7275537252426147,0.2944825291633606,0.1241558194160461
1743715038660555000,3.786554931640625,0.2663714474357664,-9.438835509261487,-4.305509913498163,1743715038660555000,3.786554931640625,0.470831423997879,0.342983216047287,-0.3974096179008484
1743715038670519000,3.79651904296875,-0.6862975259445607,-7.633055084317922,-4.559594564682245,1743715038670519000,3.79651904296875,0.2757583260536194,0.4090887308120727,-0.7012624740600586
1743715038680482000,3.80648193359375,-2.041015998750925,-4.055037023070454,-3.175745712850988,1743715038680482000,3.80648193359375,0.135209783911705,0.4066137075424194,-0.7230862975120544
1743715038690445300,3.8164453125,-1.8458686897039407,-1.1468301939994097,-1.6854051560252905,1743715038690445300,3.8164453125,0.0562571883201599,0.2146703451871872,-0.5733343362808228
1743715038700409000,3.8264091796875,-1.657016681408882,1.490044496488571,-0.474648579429835,1743715038700409000,3.8264091796875,-0.0192119739949703,-0.0049623977392911,-0.3884478807449341
1743715038710372000,3.8363720703125,-1.7985528117775915,3.6826603389829393,0.5558464878875762,1743715038710372000,3.8363720703125,-0.0700602456927299,-0.1728022545576095,-0.2835004031658172
1743715038720336100,3.846336181640625,-1.876108345144987,5.348073092815279,1.2115945617895572,1743715038720336100,3.846336181640625,-0.0883354395627975,-0.2230981290340423,-0.2526098489761352
1743715038730299100,3.856299072265625,-1.7100842547297477,6.271544028761983,1.3339990715131165,1743715038730299100,3.856299072265625,-0.112592838704586,-0.2146194279193878,-0.2216822952032089
1743715038740262100,3.86626220703125,-1.32312842566967,6.456444084560871,1.100864926964417,1743715038740262100,3.86626220703125,-0.1654672920703888,-0.2277548611164093,-0.1660962402820587
1743715038750226200,3.87622607421875,-0.9020949704408644,5.996510697573423,0.9131165690623224,1743715038750226200,3.87622607421875,-0.2209329456090927,-0.2512841820716858,-0.1430162191390991
1743715038760189200,3.886189208984375,-0.5153321066696196,4.907589671707153,0.6874379281513393,1743715038760189200,3.886189208984375,-0.3170689344406128,-0.3041931390762329,-0.1685737669467926
1743715038770153200,3.8961533203125,-0.126196010961011,3.419522028249502,0.2180664123415946,1743715038770153200,3.8961533203125,-0.3879558742046356,-0.3673955202102661,-0.1988997161388397
1743715038780116000,3.906115966796875,-0.1360054573137313,2.2653858951509,-0.0707691611628979,1743715038780116000,3.906115966796875,-0.4165241420269012,-0.384396880865097,-0.1902663558721542
1743715038790079200,3.916079345703125,-0.2463654551088809,1.107494208911061,-0.3161922939203679,1743715038790079200,3.916079345703125,-0.3961802721023559,-0.3829683661460876,-0.1493442207574844
1743715038800043000,3.92604296875,-0.352995107269287,0.0837923819303512,-0.462939290805161,1743715038800043000,3.92604296875,-0.3414621651172638,-0.3731568455696106,-0.1072246804833412
1743715038810006000,3.936006103515625,-0.5463666388154029,-0.7145943767547607,-0.4644221497740596,1743715038810006000,3.936006103515625,-0.2560617625713348,-0.3677255809307098,-0.0799291431903839
1743715038819969300,3.94596923828125,-0.6520633940398692,-1.1852888117313385,-0.3408142556101083,1743715038819969300,3.94596923828125,-0.1632768362760543,-0.3957855999469757,-0.0797544121742248
1743715038829933000,3.95593310546875,-0.4742483280658721,-1.285270696440339,-0.2872862251706421,1743715038829933000,3.95593310546875,-0.0806203112006187,-0.4367055892944336,-0.0995432958006858
1743715038839896300,3.965896240234375,-0.4169522503297775,-0.7297182961285114,-0.1560043623127043,1743715038839896300,3.965896240234375,-0.0183583032339811,-0.4703275561332702,-0.1167611852288246
1743715038849860000,3.975860107421875,-0.2564987996537238,-0.0050134442478418,-0.0605887626059353,1743715038849860000,3.975860107421875,0.0142776696011424,-0.4942089319229126,-0.1540627479553222
1743715038859823000,3.985822998046875,0.104033132861182,0.6652671590059995,0.0273571588072925,1743715038859823000,3.985822998046875,0.0276965461671352,-0.498683214187622,-0.1939970999956131
1743715038869786400,3.995786376953125,0.2863536935608833,1.215906652835011,0.0730411246828734,1743715038869786400,3.995786376953125,0.023074897006154,-0.4783936738967895,-0.2010432928800583
1743715038879750100,4.005750244140625,0.3079179116478189,1.5983973191797731,0.0777261406939476,1743715038879750100,4.005750244140625,-0.0045112278312444,-0.4581827521324157,-0.1752721667289734
1743715038889713200,4.015713134765625,0.3166366766870022,1.7819342699319125,0.0780767807625234,1743715038889713200,4.015713134765625,-0.0370302870869636,-0.4266799688339233,-0.1449145227670669
1743715038899676200,4.02567626953125,0.3554197771329432,1.7605577199041842,0.0600773790176957,1743715038899676200,4.02567626953125,-0.0713047832250595,-0.3813425302505493,-0.1190027594566345
1743715038909640200,4.03564013671875,0.433037123690173,1.6514409271031618,-0.0457020129889249,1743715038909640200,4.03564013671875,-0.0999723747372627,-0.3505886197090149,-0.0891410037875175
1743715038919603200,4.045603271484375,0.479971893344447,1.5561305413365365,-0.1854616352044046,1743715038919603200,4.045603271484375,-0.1205092072486877,-0.3337365090847015,-0.0610207207500934
1743715038929567000,4.05556689453125,0.4717254219921305,1.5085206488996743,-0.3257316180948167,1743715038929567000,4.05556689453125,-0.1273932158946991,-0.3281244337558746,-0.0416451543569564
1743715038939530200,4.0655302734375,0.405750509368442,1.4904396332859993,-0.4081603104565292,1743715038939530200,4.0655302734375,-0.1223701760172844,-0.3326059281826019,-0.0305145140737295
1743715038949493200,4.0754931640625,0.3859656489789486,1.5334493384510277,-0.4349906689107418,1743715038949493200,4.0754931640625,-0.1085534319281578,-0.3457555472850799,-0.0301179680973291
1743715038959457300,4.085457275390625,0.4883715459644794,1.6194617345184086,-0.4213394524380564,1743715038959457300,4.085457275390625,-0.0913081765174865,-0.345807820558548,-0.039901852607727
1743715038969420300,4.095420166015625,0.5337736992239952,1.7019360195875166,-0.433829735372588,1743715038969420300,4.095420166015625,-0.0743824616074562,-0.3362857103347778,-0.0459482930600643
1743715038979383300,4.10538330078125,0.5203145712573081,1.7677064226150512,-0.4627800816554576,1743715038979383300,4.10538330078125,-0.0605540536344051,-0.3283190727233886,-0.0444963164627552
1743715038989347300,4.115347412109375,0.5084849076559766,1.8698627287536855,-0.4539784241057932,1743715038989347300,4.115347412109375,-0.044868566095829,-0.3091251254081726,-0.0336769595742225
1743715038999310600,4.125310546875,0.4774292231243103,1.9323428580641744,-0.3811166015125811,1743715038999310600,4.125310546875,-0.028986232355237,-0.285026878118515,-0.021050889045
1743715039009273300,4.1352734375,0.4972025757391005,1.959222097161412,-0.4354504684422164,1743715039009273300,4.1352734375,-0.0247520729899406,-0.2525389790534973,-0.0054277214221656
1743715039019237400,4.1452373046875,0.5251157609939575,1.943478000062704,-0.4710892064478248,1743715039019237400,4.1452373046875,-0.019410191103816,-0.2159487903118133,0.0181042235344648
1743715039029200400,4.155200439453125,0.5085048909980804,1.8631027330994605,-0.4534638256471603,1743715039029200400,4.155200439453125,-0.023712795227766,-0.1701394766569137,0.048919927328825
1743715039039164400,4.165164306640625,0.5462134210150689,1.6725883445501326,-0.4049034275524318,1743715039039164400,4.165164306640625,-0.0279383230954408,-0.1117452532052993,0.0921255126595497
1743715039049127400,4.17512744140625,0.5824878265757113,1.255728960135579,-0.2975251489818096,1743715039049127400,4.17512744140625,-0.0213611144572496,-0.0657964050769805,0.1374485194683075
1743715039059090400,4.18509033203125,0.563590233882144,0.7615747391164303,-0.2783773809194564,1743715039059090400,4.18509033203125,-0.0329262726008892,-0.0624490678310394,0.1753228604793548
1743715039069054500,4.195054443359375,0.6029986996848136,0.2527835054576396,-0.2659442349996417,1743715039069054500,4.195054443359375,-0.0441911779344081,-0.0779646411538124,0.2062426805496215
1743715039079017500,4.205017578125,0.5916939732730389,-0.1772474952191114,-0.2953825839951634,1743715039079017500,4.205017578125,-0.1152302846312522,-0.043043352663517,0.2399324923753738
1743715039088980500,4.21498046875,0.4993406472137197,-0.6694926677465438,-0.3435554440770298,1743715039088980500,4.21498046875,-0.1566608101129531,0.0040354770608246,0.2580893635749817
1743715039098944500,4.224944580078125,0.698721173383668,-1.3225713763087987,-0.3686504666386171,1743715039098944500,4.224944580078125,-0.0637596473097801,0.0351455435156822,0.2408794611692428
1743715039108907500,4.234907470703125,0.9210018424194304,-1.8591081105053424,-0.6381354064524173,1743715039108907500,4.234907470703125,-0.0745920613408088,0.1835690885782241,0.2637030184268951
1743715039118871600,4.24487158203125,0.8415559652607888,-2.200189492619037,-0.6252284324757754,1743715039118871600,4.24487158203125,-0.0865465253591537,0.2518568038940429,0.318278968334198
1743715039128834600,4.25483447265625,1.4527134214818476,-2.59938988622427,-0.6884822495725006,1743715039128834600,4.25483447265625,-0.1137595027685165,0.3062023222446441,0.3809125125408172
1743715039138797300,4.26479736328125,1.871634414601326,-2.682632233056426,-0.6150741182081401,1743715039138797300,4.26479736328125,-0.1559233516454696,0.3248191773891449,0.485644519329071
1743715039148761300,4.27476123046875,1.1794085215210914,-2.935528551238775,-0.1304037648491561,1743715039148761300,4.27476123046875,-0.2017960250377655,0.2116390913724899,0.6159985661506653
1743715039158724400,4.284724365234375,-0.492781179100275,-3.842783096399903,0.705165308021754,1743715039158724400,4.284724365234375,-0.2393044084310531,-0.0570243708789348,0.7432648539543152
1743715039168687400,4.294687255859375,-1.148424185192585,-5.50165621933043,1.2054901804998517,1743715039168687400,4.294687255859375,-0.2132110148668289,-0.3020695447921753,0.7507035732269287
1743715039178651400,4.3046513671875,-0.4709397880397736,-7.497826529660821,1.0508873555481433,1743715039178651400,4.3046513671875,-0.2863501608371734,-0.2562534809112549,0.5787811279296875
1743715039188614400,4.314614501953125,-0.0762649090349674,-9.440649865207076,-0.0312103636367246,1743715039188614400,4.314614501953125,-0.2191093564033508,-0.0696814581751823,0.1922488212585449
1743715039198578400,4.324578369140625,-0.0665337886154651,-10.450491509139535,-1.3709789949946103,1743715039198578400,4.324578369140625,-0.1564052999019622,0.1746530532836914,-0.3187278509140014
1743715039208541400,4.33454150390625,-0.5865081681329757,-10.125989505904911,-2.1747047766201195,1743715039208541400,4.33454150390625,-0.1224417313933372,0.2556571066379547,-0.7812300324440002
1743715039218504400,4.34450439453125,-1.8521137215733527,-6.768968065232039,-1.5760463711619377,1743715039218504400,4.34450439453125,-0.1229592561721801,0.3417155146598816,-0.8912339806556702
1743715039228468500,4.354468505859375,-2.450493456220627,-1.9173405192434787,-0.2559332016602158,1743715039228468500,4.354468505859375,-0.1963607519865036,0.3556222915649414,-0.8123099207878113
1743715039238431500,4.364431396484375,-1.2762930247366429,1.3507061684250832,0.9285787804797292,1743715039238431500,4.364431396484375,-0.2486507594585418,0.4028551876544952,-0.6544230580329895
1743715039248394500,4.37439453125,-1.4167840299665928,4.087202678138017,1.972041392854601,1743715039248394500,4.37439453125,-0.2097033560276031,0.5648560523986816,-0.3782317042350769
1743715039258358500,4.384358642578125,-2.5365713187396524,5.918150277563929,2.9474408150896427,1743715039258358500,4.384358642578125,-0.0893400385975837,0.7873398661613464,-0.0887386053800582
1743715039268321300,4.3943212890625,-3.0047254215836525,6.8437436124920845,3.19712372418344,1743715039268321300,4.3943212890625,-0.0046999854966998,0.9464155435562134,0.0904623046517372
1743715039278285300,4.404285400390625,-2.6748972548902032,6.800179196053743,2.56690099055171,1743715039278285300,4.404285400390625,-0.0017249141819775,1.001514196395874,0.1272280216217041
1743715039288248300,4.414248291015625,-1.8502888442337515,5.976584346354008,1.8676997055009008,1743715039288248300,4.414248291015625,-0.0326567329466342,1.0072383880615234,0.0625725984573364
1743715039298211300,4.42421142578125,-1.1718284416556357,4.721903433966636,1.5868024507150054,1743715039298211300,4.42421142578125,-0.0704127177596092,0.9601523876190186,-0.015174375846982
1743715039308175400,4.43417529296875,-0.7738005989611149,3.338204512000084,1.6358204563841223,1743715039308175400,4.43417529296875,-0.0594620630145072,0.8631789684295654,-0.0920955240726471
1743715039318138400,4.444138427734375,-0.3067289575915783,1.9651111552000045,1.6502933645032345,1743715039318138400,4.444138427734375,-0.0187881141901016,0.8170079588890076,-0.1779893189668655
1743715039328101400,4.454101318359375,-0.0552292083341628,0.8177110523581504,1.5885177302002906,1743715039328101400,4.454101318359375,0.0346239805221557,0.8379052877426147,-0.2173883914947509
1743715039338065400,4.4640654296875,-0.1137327621638774,-0.1362403620481491,1.3716221152037382,1743715039338065400,4.4640654296875,0.0651241019368171,0.8590899705886841,-0.1920902878046035
1743715039348028400,4.4740283203125,-0.2045733821053058,-0.881409325286746,0.8968240443006157,1743715039348028400,4.4740283203125,0.0671145468950271,0.8659124374389648,-0.1751840114593505
1743715039357992400,4.483992431640625,-0.3317664412796497,-1.3250216920703648,0.4145836580349132,1743715039357992400,4.483992431640625,0.0185415968298912,0.9028014540672302,-0.1832249015569687
1743715039367955500,4.49395556640625,-0.5511444476764649,-1.5658943949818611,0.0849535346642136,1743715039367955500,4.49395556640625,-0.0364617370069026,0.9051764607429504,-0.213514894247055
1743715039377918500,4.50391845703125,-0.5350035698125138,-1.661733188536763,-0.1448136176694184,1743715039377918500,4.50391845703125,-0.0759177207946777,0.871562123298645,-0.2446014881134033
1743715039387882500,4.513882568359375,-0.6214543938297779,-1.438285083156824,-0.1206194164050742,1743715039387882500,4.513882568359375,-0.0860228165984153,0.8085498809814453,-0.2421702891588211
1743715039397845200,4.52384521484375,-0.7535176893889903,-0.8534785313099622,-0.0744675772894173,1743715039397845200,4.52384521484375,-0.0810528770089149,0.7496861219406128,-0.2048194408416748
1743715039407808300,4.533808349609375,-0.6454138730227947,-0.3117377987295389,-0.1060651866780593,1743715039407808300,4.533808349609375,-0.0693834349513053,0.6966249942779541,-0.1641535013914108
1743715039417772300,4.543772216796875,-0.3645090194523334,0.1741501137256622,-0.1248339288275688,1743715039417772300,4.543772216796875,-0.0656384825706482,0.6569375395774841,-0.150895670056343
1743715039427735300,4.5537353515625,-0.0704664884218946,0.6150865392982959,-0.0888198181709274,1743715039427735300,4.5537353515625,-0.0712199360132217,0.6278222799301147,-0.1423850059509277
1743715039437699300,4.56369921875,0.0466506920158863,1.020199371817708,-0.012085318862833,1743715039437699300,4.56369921875,-0.0815472081303596,0.6086229085922241,-0.1165784746408462
1743715039447662300,4.573662353515625,0.1330161027720198,1.3072978193312883,0.0820591283969581,1743715039447662300,4.573662353515625,-0.0874098911881446,0.5807795524597168,-0.0767730101943016
1743715039457625300,4.583625244140625,0.2755693377614021,1.5348241339355706,0.2577328349607065,1743715039457625300,4.583625244140625,-0.0813019499182701,0.5313204526901245,-0.0342154093086719
1743715039467589400,4.59358935546875,0.4103612545669078,1.7525503545373675,0.4101119925135746,1743715039467589400,4.59358935546875,-0.0613809786736965,0.4927959740161896,0.015578513033688
1743715039477552400,4.603552490234375,0.4525859103014692,1.8908721990346908,0.4409195840356871,1743715039477552400,4.603552490234375,-0.0370511673390865,0.4575729966163635,0.0548462867736816
1743715039487515400,4.613515380859375,0.4863222487518563,2.000095374819636,0.4485678337665274,1743715039487515400,4.613515380859375,-0.0119934855028986,0.4258752465248108,0.0848689004778862
1743715039497479400,4.6234794921875,0.4909960492491722,2.0886217995345597,0.3987819855300709,1743715039497479400,4.6234794921875,0.009864424355328,0.3960218727588653,0.1149479299783706
1743715039507442400,4.6334423828125,0.5179015918314457,2.14630534221828,0.3587653247011825,1743715039507442400,4.6334423828125,0.0334704183042049,0.3890103101730346,0.1191285550594329
1743715039517406500,4.643406494140625,0.6494003123104571,2.142694165983796,0.4035790470808744,1743715039517406500,4.643406494140625,0.0561948791146278,0.3678483366966247,0.1137383431196212
1743715039527369200,4.653369140625,0.7306149527072906,2.1169880623191597,0.555541440526396,1743715039527369200,4.653369140625,0.0775467753410339,0.34353768825531,0.1193062141537666
1743715039537332200,4.663332275390625,0.7760217821419239,2.1091133834213016,0.7343450791463255,1743715039537332200,4.663332275390625,0.104832999408245,0.324613094329834,0.1195373982191085
1743715039547296300,4.673296142578125,0.8322516188859939,2.1599445759922267,0.9160017691098152,1743715039547296300,4.673296142578125,0.1252671629190445,0.3152304887771606,0.1100514829158783
1743715039557259300,4.68325927734375,0.7868658322393893,2.180792133709788,1.0072352608263493,1743715039557259300,4.68325927734375,0.1308518052101135,0.3004072606563568,0.1057712286710739
1743715039567223300,4.693223388671875,0.7471896554112434,2.2113176203548908,1.0912886317804456,1743715039567223300,4.693223388671875,0.1366487145423889,0.2745682001113891,0.1120357811450958
1743715039577186300,4.703186279296875,0.6837538328111171,2.1868162163048983,1.1106699163377285,1743715039577186300,4.703186279296875,0.137067899107933,0.2618996202945709,0.1368444859981537
1743715039587149300,4.7131494140625,0.5728046369511633,2.1174165168643,1.0448948371350764,1743715039587149300,4.7131494140625,0.1306544691324234,0.2381458282470703,0.1682977527379989
1743715039597113300,4.72311328125,0.605043284189701,2.0333663607805965,1.0036526530992238,1743715039597113300,4.72311328125,0.1234634667634964,0.20633564889431,0.191034197807312
1743715039607076400,4.733076416015625,0.7121664189554751,1.8668752373754975,0.9399295379903166,1743715039607076400,4.733076416015625,0.1159727871417999,0.1756704151630401,0.2239663153886795
1743715039617039400,4.743039306640625,0.7042097608625888,1.5271587138742209,0.8818911905195563,1743715039617039400,4.743039306640625,0.121675431728363,0.1492054015398025,0.270032674074173
1743715039627003400,4.75300341796875,0.6338520300447941,1.042484268862009,0.8014845785699785,1743715039627003400,4.75300341796875,0.1386027485132217,0.1355697512626648,0.3185043334960937
1743715039636966400,4.76296630859375,0.7388087805569171,0.3354588660567998,0.6836481804795563,1743715039636966400,4.76296630859375,0.1652729660272598,0.1167168170213699,0.3420564830303192
1743715039646930400,4.772930419921875,1.151472978303954,-0.4938602065086364,0.582630486449413,1743715039646930400,4.772930419921875,0.1934928745031356,0.1241973713040351,0.3425678014755249
1743715039656893400,4.7828935546875,1.4406933133423327,-1.3806553164869546,0.4974544316083192,1743715039656893400,4.7828935546875,0.2347591817378997,0.1819604784250259,0.3349127769470215
1743715039666856200,4.792856201171875,1.6233154873371125,-2.253648111084104,0.5468344755228609,1743715039666856200,4.792856201171875,0.2744860649108886,0.1931390911340713,0.295389860868454
1743715039676820200,4.8028203125,2.058273423022032,-3.001063976466656,0.6498433799028396,1743715039676820200,4.8028203125,0.3147620260715484,0.1982401758432388,0.2638844549655914
1743715039686783200,4.812783203125,2.157470294833183,-3.3811709625452755,0.8792018783703446,1743715039686783200,4.812783203125,0.2936263978481293,0.1248098984360694,0.3280706107616424
1743715039696746200,4.822746337890625,2.244482223331928,-3.507477375078201,1.054628149511665,1743715039696746200,4.822746337890625,0.2698447704315185,0.079397976398468,0.4183738827705383
1743715039706710300,4.832710205078125,1.6578303358793258,-3.573972000727057,1.487765737901628,1743715039706710300,4.832710205078125,0.3343808948993683,0.127908244729042,0.5670523643493652
1743715039716673300,4.84267333984375,-0.3793897777199745,-4.0498604972153895,2.0729910996824503,1743715039716673300,4.84267333984375,0.5515863299369812,0.2349922060966491,0.8203878998756409
1743715039726637300,4.85263720703125,-1.2708756758630275,-5.548184746271372,1.9437810746625064,1743715039726637300,4.85263720703125,0.7997548580169678,0.3670210838317871,0.9622952938079834
1743715039736600300,4.862600341796875,0.3556685642622411,-7.785946136915683,0.1206469254665076,1743715039736600300,4.862600341796875,0.9096267819404602,0.4450803995132446,0.7188162803649902
1743715039746563300,4.872563232421875,1.8013572016738355,-9.0934520460397,-2.157731576117873,1743715039746563300,4.872563232421875,0.7928037643432617,0.384863406419754,0.1939011216163635
1743715039756527400,4.88252734375,1.591159769141674,-8.951931697762012,-3.994050347188115,1743715039756527400,4.88252734375,0.4864445924758911,0.226637527346611,-0.3402440249919891
1743715039766490400,4.892490478515625,0.2244412080705165,-7.052616080030798,-4.665115378817916,1743715039766490400,4.892490478515625,0.2423711866140365,0.1407234221696853,-0.5659722089767456
1743715039776454400,4.902454345703125,-1.9656103368937967,-3.5023289062738416,-3.380867595684528,1743715039776454400,4.902454345703125,0.1382404863834381,0.20329350233078,-0.4851711690425873
1743715039786417400,4.91241748046875,-2.4350386974573133,-0.7327566409111023,-1.7400548839710652,1743715039786417400,4.91241748046875,0.0749328881502151,0.0985172912478447,-0.2811724841594696
1743715039796380200,4.922380126953125,-2.04639710726738,1.4761591789990662,-0.5813087728589773,1743715039796380200,4.922380126953125,0.011492840014398,-0.1226280927658081,-0.095287300646305
1743715039806344200,4.93234423828125,-2.096089651197195,3.1734687078297137,0.2382920387685299,1743715039806344200,4.93234423828125,-0.0543021522462368,-0.3062224388122558,-0.0213230568915605
1743715039816307200,4.94230712890625,-1.9873288322269915,4.450393600729107,0.7858820088338107,1743715039816307200,4.94230712890625,-0.0846858993172645,-0.3834270536899566,-0.0541323572397232
1743715039826271200,4.952271240234375,-1.5736895789027212,5.074224587497115,0.7980674636028706,1743715039826271200,4.952271240234375,-0.0950101763010025,-0.3917955160140991,-0.118831992149353
1743715039836234200,4.962234130859375,-0.9843792858958244,4.794527940672635,0.3104547001164406,1743715039836234200,4.962234130859375,-0.1289265006780624,-0.3874531686306,-0.1746314018964767
1743715039846197200,4.972197265625,-0.2577438312787562,3.630194823208451,-0.4417176390781998,1743715039846197200,4.972197265625,-0.2041938304901123,-0.424958735704422,-0.2637926936149597
1743715039856161300,4.982161376953125,0.1610322004120797,2.2663298980027435,-0.894345452292636,1743715039856161300,4.982161376953125,-0.2630868852138519,-0.4688201546669006,-0.3456601202487945
1743715039866124300,4.992124267578125,0.0089033643584698,1.1016846458494662,-0.9600551381088792,1743715039866124300,4.992124267578125,-0.2944227159023285,-0.5173149704933167,-0.3782122135162353
1743715039876087600,5.002087646484375,-0.2816634899180382,0.0467658428281545,-0.9080446726255118,1743715039876087600,5.002087646484375,-0.2966058552265167,-0.5702826380729675,-0.3609011471271515
1743715039886051300,5.01205126953125,-0.5865734884541481,-0.8264765426158904,-0.6774426769029349,1743715039886051300,5.01205126953125,-0.2680879235267639,-0.594968855381012,-0.3189725875854492
1743715039896014300,5.022014404296875,-0.7590660442311317,-1.3528852660298347,-0.312221636723727,1743715039896014300,5.022014404296875,-0.2046741396188736,-0.5811830759048462,-0.2784227430820465
1743715039905978400,5.031978271484375,-0.8618238233942538,-1.3625813151359558,0.054762102279067,1743715039905978400,5.031978271484375,-0.1360391527414322,-0.5474101901054382,-0.2439995259046554
1743715039915941400,5.04194140625,-0.8886754438322036,-0.8869476701915263,0.3149683781486004,1743715039915941400,5.04194140625,-0.08408734947443,-0.5154051780700684,-0.2233323454856872
1743715039925904400,5.051904296875,-0.668230173530057,-0.2826449752360582,0.4279038524549454,1743715039925904400,5.051904296875,-0.0533092021942138,-0.5145271420478821,-0.2244583219289779
1743715039935868200,5.0618681640625,-0.255136863650754,0.2989981441438198,0.4455786253552883,1743715039935868200,5.0618681640625,-0.0353334099054336,-0.5050219297409058,-0.2319345772266388
1743715039945831400,5.07183154296875,-0.0894820449393242,0.972960650780797,0.5532001380972564,1743715039945831400,5.07183154296875,-0.0220314543694257,-0.4773250222206116,-0.2322871685028076
1743715039955795200,5.081795166015625,-0.1005015246689319,1.6220920830219985,0.6635567018263041,1743715039955795200,5.081795166015625,-0.0221116263419389,-0.4468668103218078,-0.227824792265892
1743715039965758200,5.09175830078125,-0.1148819321990013,2.1328741982370616,0.7483031696110963,1743715039965758200,5.09175830078125,-0.0429066494107246,-0.4177038669586181,-0.235967680811882
1743715039975721500,5.101721435546875,-0.0838660316884517,2.434300446310639,0.7264300682380795,1743715039975721500,5.101721435546875,-0.0832823067903518,-0.3856559097766876,-0.2399171441793441
1743715039985685200,5.111685302734375,-0.0732850529739633,2.604299870097637,0.677229253347963,1743715039985685200,5.111685302734375,-0.1231895089149475,-0.3312616348266601,-0.2228039354085922
1743715039995648500,5.1216484375,-0.2126606808405369,2.665135154810548,0.5906885956227779,1743715039995648500,5.1216484375,-0.1581872552633285,-0.2766047418117523,-0.1775272637605667
1743715040005612000,5.131612060546875,-0.2448270665604621,2.5924229698210954,0.4323238608542829,1743715040005612000,5.131612060546875,-0.1858071684837341,-0.2420590072870254,-0.1283482611179351
1743715040015575000,5.141574951171875,-0.1613162780504673,2.411740239456296,0.2048460615668445,1743715040015575000,5.141574951171875,-0.2077532112598419,-0.2212251722812652,-0.092027299106121
1743715040025538000,5.1515380859375,-0.0330055399578064,2.1745547006249426,0.0294927095312625,1743715040025538000,5.1515380859375,-0.2126148045063018,-0.2140218466520309,-0.0767325013875961
1743715040035502000,5.161502197265625,0.1242939036667346,1.9363842424094675,-0.1365126031182706,1743715040035502000,5.161502197265625,-0.2016192525625229,-0.2096042186021804,-0.0820649564266204
1743715040045465000,5.171465087890625,0.2849228570401668,1.7343004120975731,-0.2737127501092851,1743715040045465000,5.171465087890625,-0.1785043478012085,-0.199384868144989,-0.0995430126786232
1743715040055428900,5.181428955078125,0.40300913823843,1.568449340161681,-0.3949725467771292,1743715040055428900,5.181428955078125,-0.1540468335151672,-0.1954630762338638,-0.1099274680018425
1743715040065392000,5.19139208984375,0.4137491434395313,1.4327747953027483,-0.4718110909815877,1743715040065392000,5.19139208984375,-0.125048741698265,-0.1936124563217163,-0.1090835109353065
1743715040075355100,5.201355224609375,0.4400888688325882,1.350398709911108,-0.4876034842014312,1743715040075355100,5.201355224609375,-0.1009021624922752,-0.1955040991306305,-0.0872453302145004
1743715040085319200,5.211319091796875,0.5238134462237358,1.3010644778996705,-0.5405101678721607,1743715040085319200,5.211319091796875,-0.0812291279435157,-0.1981621980667114,-0.0443745590746402
1743715040095282200,5.2212822265625,0.6184627377331257,1.3240882106125351,-0.516062466770783,1743715040095282200,5.2212822265625,-0.0625982657074928,-0.1781871169805526,0.008256709203124
1743715040105246000,5.231245849609375,0.6947159563302994,1.347048814961314,-0.4848066930897534,1743715040105246000,5.231245849609375,-0.0542955994606018,-0.1389315873384475,0.0628587007522583
1743715040115209200,5.241209228515625,0.6955016998805106,1.2520394579678773,-0.461856610134989,1743715040115209200,5.241209228515625,-0.0545013584196567,-0.0857342556118965,0.1316206902265548
1743715040125172200,5.251172119140625,0.7250105568289756,1.120624324119091,-0.413273561817035,1743715040125172200,5.251172119140625,-0.0584502927958965,-0.0434509851038455,0.1967762559652328
1743715040135136000,5.261135986328125,0.6800163998484611,0.7402198163986206,-0.4092116461403667,1743715040135136000,5.261135986328125,-0.0752077922224998,-0.0038010680582374,0.2509702444076538
1743715040145099000,5.27109912109375,0.6021533714344725,0.2270814934462308,-0.4201639789178967,1743715040145099000,5.27109912109375,-0.106072761118412,0.0031556412577629,0.2892675697803497
1743715040155063000,5.28106298828125,0.7780781301498413,-0.3010673516333103,-0.4219427520934492,1743715040155063000,5.28106298828125,-0.1429978907108307,0.0185448247939348,0.3106756806373596
1743715040165026000,5.291026123046875,0.8136170610427856,-0.6945376771539449,-0.4306063163466751,1743715040165026000,5.291026123046875,-0.1802928000688552,0.0567225702106952,0.3293316662311554
1743715040174989000,5.300989013671875,0.6375356869935989,-1.0951368316411971,-0.3597120674993843,1743715040174989000,5.300989013671875,-0.2147124707698822,0.0960180610418319,0.3656941950321197
1743715040184953000,5.310953125,0.5777519571602344,-1.609414387756586,-0.2976743847267702,1743715040184953000,5.310953125,-0.2339972108602523,0.1379332840442657,0.4019645750522613
1743715040194916000,5.320916015625,0.6845172183990478,-2.1304554466575385,-0.2662046395014971,1743715040194916000,5.320916015625,-0.2381209880113601,0.1970231384038925,0.4203597903251648
1743715040204880000,5.3308798828125,0.7569512440342455,-2.4734932235360145,-0.3020512846367433,1743715040204880000,5.3308798828125,-0.2399726808071136,0.246486559510231,0.4475038051605224
1743715040214843100,5.340843017578125,0.8256686602991073,-2.563868490988016,-0.465767317305319,1743715040214843100,5.340843017578125,-0.2514809370040893,0.3220317363739013,0.5030587315559387
1743715040224806100,5.35080615234375,0.8315746694725006,-2.4373995813697573,-0.5621839838134125,1743715040224806100,5.35080615234375,-0.2889809012413025,0.3336034417152405,0.5697407722473145
1743715040234770200,5.360770263671875,1.1252758762519806,-2.412387889710069,-0.5264831038244069,1743715040234770200,5.360770263671875,-0.3431101441383362,0.3049828708171844,0.6125789880752563
1743715040244733200,5.370733154296875,0.2837339395165443,-2.653482126417756,0.070254891497828,1743715040244733200,5.370733154296875,-0.3744819164276123,0.1966686248779297,0.6550418138504028
1743715040254697000,5.380697021484375,-1.2221065303884446,-3.278963803002238,0.7737718112580477,1743715040254697000,5.380697021484375,-0.3656086921691894,-0.0602333657443523,0.6871105432510376
1743715040264660200,5.39066015625,-1.3596351786814629,-4.507138985779881,0.7939701112866401,1743715040264660200,5.39066015625,-0.3125174939632416,-0.2413690686225891,0.6077848672866821
1743715040274623200,5.400623291015625,-0.5013070153832435,-5.904255607724189,0.154280424596928,1743715040274623200,5.400623291015625,-0.2514217495918274,-0.1682369112968444,0.3386378586292267
1743715040284587300,5.410587158203125,0.0743875708557665,-6.706311410310864,-0.7015382766310125,1743715040284587300,5.410587158203125,-0.2260708510875702,0.0654208585619926,-0.019242251291871
1743715040294550000,5.420550048828125,-0.2133317850351333,-6.407952148592472,-1.175841330558807,1743715040294550000,5.420550048828125,-0.2230210602283477,0.2740708589553833,-0.2791159749031067
1743715040304514000,5.43051416015625,-1.3809411476910114,-4.060821451690793,-0.789729404976964,1743715040304514000,5.43051416015625,-0.211310863494873,0.4087155163288116,-0.340930312871933
1743715040314477000,5.44047705078125,-2.199934933336079,-1.3786936610251663,0.2815947355307638,1743715040314477000,5.44047705078125,-0.2392355054616928,0.3946502804756164,-0.3092491030693054
1743715040324440000,5.450440185546875,-2.193422044310718,0.7552011124312877,1.4181770917601884,1743715040324440000,5.450440185546875,-0.2499677687883377,0.3121751248836517,-0.2539086043834686
1743715040334404000,5.460404052734375,-1.9759914456546304,2.5090917756617066,2.350322624810785,1743715040334404000,5.460404052734375,-0.2137645781040191,0.3063990771770477,-0.1836032420396804
1743715040344367000,5.4703671875,-1.7610510563790798,3.750070325911045,2.8114003595277666,1743715040344367000,5.4703671875,-0.1321898251771927,0.39727383852005,-0.1027448773384094
1743715040354331100,5.4803310546875,-1.5480524488210676,4.443479291296005,2.709918883910775,1743715040354331100,5.4803310546875,-0.0525233261287212,0.5034779906272888,-0.0403574369847774
1743715040364294100,5.490294189453125,-1.1862705893103032,4.366062874138355,2.128883667296171,1743715040364294100,5.490294189453125,-0.0257548298686742,0.5495749115943909,-0.0348177962005138
1743715040374257200,5.500257080078125,-0.6370353362560272,3.027959582176804,1.287451693741232,1743715040374257200,5.500257080078125,-0.0357466675341129,0.5326778292655945,-0.1000847220420837
1743715040384221200,5.51022119140625,-0.4369814043365418,1.743399664354324,0.9051398910947144,1743715040384221200,5.51022119140625,-0.0144941108301281,0.5197095274925232,-0.1746044903993606
1743715040394184200,5.52018408203125,-0.5696621742069721,0.8638713305085897,0.7513278511945157,1743715040394184200,5.52018408203125,0.0129765262827277,0.5209299325942993,-0.2209232300519943
1743715040404148200,5.530148193359375,-0.7395357796572148,0.1145879176884889,0.5497280050072819,1743715040404148200,5.530148193359375,0.0315107963979244,0.5312856435775757,-0.2379871606826782
1743715040414111200,5.540111328125,-0.8072199073515832,-0.4135287786871194,0.3123581225849688,1743715040414111200,5.540111328125,0.0303293261677026,0.5508297681808472,-0.2416109293699264
1743715040424074000,5.550073974609375,-0.695680344383046,-0.7356131993860006,0.0800690322919748,1743715040424074000,5.550073974609375,0.0103233940899372,0.5577142834663391,-0.2424274533987045
1743715040434038000,5.5600380859375,-0.6007049627244472,-0.7055915706098079,0.0174738617670722,1743715040434038000,5.5600380859375,-0.00492554763332,0.5675706267356873,-0.244362786412239
1743715040444001000,5.5700009765625,-0.6857903801400214,-0.3846417068988084,0.1100758288252167,1743715040444001000,5.5700009765625,-0.0070049436762928,0.5767529010772705,-0.2238857448101043
1743715040453965000,5.579965087890625,-0.7746038051027804,0.0435737687885761,0.254546277346462,1743715040453965000,5.579965087890625,-0.0104654682800173,0.5639206171035767,-0.1829119026660919
1743715040463928000,5.589927978515625,-0.7279051092267036,0.4305453799396753,0.4277003657720983,1743715040463928000,5.589927978515625,-0.0010357477003708,0.5437180995941162,-0.142072319984436
1743715040473891000,5.59989111328125,-0.665035103815794,0.8153852397590875,0.5392595467565581,1743715040473891000,5.59989111328125,0.0094195045530796,0.5140537619590759,-0.1116195991635322
1743715040483855000,5.609855224609375,-0.6216168178498744,1.2088251701414583,0.5043216139640658,1743715040483855000,5.609855224609375,0.0143069382756948,0.4720727205276489,-0.0946568623185157
1743715040493818000,5.619818115234375,-0.4396843796849251,1.543710035702586,0.324780710578151,1743715040493818000,5.619818115234375,0.0096568437293171,0.4311393797397613,-0.1050788983702659
1743715040503782100,5.6297822265625,-0.3246539058607071,1.849073038703203,0.1846140053991228,1743715040503782100,5.6297822265625,0.0034197205677628,0.4036771357059479,-0.1162239611148834
1743715040513745200,5.6397451171875,-0.4037199168562889,2.1596067223399875,0.1774420131442137,1743715040513745200,5.6397451171875,-0.0009665774414315,0.371440976858139,-0.1259423345327377
1743715040523708200,5.649708251953125,-0.3997627036631107,2.242932655802369,0.144260331168212,1743715040523708200,5.649708251953125,-0.0014004063559696,0.3355887234210968,-0.141836866736412
1743715040533672200,5.659672119140625,-0.3147570004202425,2.2168197249025106,0.1592385401946492,1743715040533672200,5.659672119140625,0.0056554032489657,0.2943158447742462,-0.1578741669654846
1743715040543635200,5.66963525390625,-0.2298199784994125,2.17620188331008,0.1888706033976748,1743715040543635200,5.66963525390625,0.0094040688127279,0.2461682856082916,-0.1539811491966247
1743715040553599200,5.67959912109375,-0.14440730189085,2.058048382094502,0.3066810998618602,1743715040553599200,5.67959912109375,0.0263028405606746,0.2013141363859176,-0.1278071254491806
1743715040563562200,5.689562255859375,-0.0239640823028981,1.9961808317244047,0.4250490475457161,1743715040563562200,5.689562255859375,0.0547222308814525,0.1649265736341476,-0.0998673662543296
1743715040573525000,5.69952490234375,0.1360532419782132,1.8596581456035373,0.5429937283162027,1743715040573525000,5.69952490234375,0.0925899371504783,0.1357698589563369,-0.0737741962075233
1743715040583489000,5.709489013671875,0.1754710601311176,1.7372271131992338,0.6580476560812443,1743715040583489000,5.709489013671875,0.1237502619624137,0.1064729541540145,-0.0530289784073829
1743715040593452000,5.7194521484375,0.2009328336458653,1.6569219888627529,0.7851612202785909,1743715040593452000,5.7194521484375,0.1436433494091034,0.0751444846391677,-0.0379363484680652
1743715040603416000,5.729416015625,0.2675415141284465,1.538305546310544,0.8851796376056968,1743715040603416000,5.729416015625,0.1487920433282852,0.0455013774335384,-0.0223928093910217
1743715040613379000,5.739379150390625,0.2700304813999682,1.3997586608856916,0.9611102001197636,1743715040613379000,5.739379150390625,0.1456507742404937,0.0231142975389957,0.0120338685810565
1743715040623342000,5.749342041015625,0.2091033536851406,1.319694944089651,1.088877332855016,1743715040623342000,5.749342041015625,0.141297310590744,0.0191698912531137,0.0679053887724876
1743715040633306000,5.75930615234375,0.1881797350566834,1.2606032881736755,1.2280123934313654,1743715040633306000,5.75930615234375,0.1356785595417022,0.0273960586637258,0.1356535106897354
1743715040643269000,5.76926904296875,0.2118914500337094,1.2331851198941468,1.3551239848673342,1743715040643269000,5.76926904296875,0.1281822919845581,0.041049551218748,0.2072547376155853
1743715040653233200,5.779233154296875,0.3079096918087452,1.1714297977268695,1.4189628353103994,1743715040653233200,5.779233154296875,0.1197704449295997,0.0635667145252227,0.274887353181839
1743715040663196200,5.789196044921875,0.3397989410877227,0.9466513205260038,1.4040978591337798,1743715040663196200,5.789196044921875,0.1183983907103538,0.0966285243630409,0.3331626355648041
1743715040673160200,5.79916015625,0.3865221868831664,0.5310352141708136,1.2525434619672595,1743715040673160200,5.79916015625,0.1210639253258705,0.1278480142354965,0.3752294182777405
1743715040683123200,5.809123291015625,0.5619312876939774,-0.0789303288519382,1.0020231522012502,1743715040683123200,5.809123291015625,0.1337802559137344,0.1524750590324401,0.3919673860073089
1743715040693086200,5.819086181640625,0.8735714712679385,-0.7864350396066904,0.7465683086425066,1743715040693086200,5.819086181640625,0.1412985026836395,0.198466494679451,0.3941836655139923
1743715040703050200,5.82905029296875,1.0375509041130542,-1.420759363338351,0.4645586356353014,1743715040703050200,5.82905029296875,0.1405991464853286,0.2324196696281433,0.3846146762371063
1743715040713013000,5.839012939453125,0.9685141927659512,-2.005226892489195,0.3916482246600091,1743715040713013000,5.839012939453125,0.1368432939052581,0.2722038626670837,0.3860828876495361
1743715040722977000,5.84897705078125,0.8798410530567169,-2.4265093540430067,0.4637681428447365,1743715040722977000,5.84897705078125,0.1305323988199234,0.2902025580406189,0.4052978456020355
1743715040732940000,5.85893994140625,0.9850104964714496,-2.5580688647985457,0.5352797198727727,1743715040732940000,5.85893994140625,0.1059659495949745,0.2758616805076599,0.4520592093467712
1743715040742903000,5.868903076171875,1.346793378895521,-2.411376082319021,0.5947920854188502,1743715040742903000,5.868903076171875,0.0654267817735672,0.2695214748382568,0.5349674224853516
1743715040752867000,5.8788671875,1.5954782168626784,-2.388154781207442,0.9945717402167618,1743715040752867000,5.8788671875,0.0633712038397789,0.2491445243358612,0.6802055239677429
1743715040762830000,5.888830078125,0.8099345731377601,-2.8241829764723776,1.712506221179664,1743715040762830000,5.888830078125,0.1668440699577331,0.2995043992996216,0.8208132386207581
1743715040772794000,5.898794189453125,0.0446283924080431,-4.09331385449469,1.8414130254693328,1743715040772794000,5.898794189453125,0.3672088980674743,0.2832437455654144,0.8657956719398499
1743715040782757000,5.908757080078125,0.8283413135744631,-6.204671801972389,0.7249847648005933,1743715040782757000,5.908757080078125,0.5700197815895081,0.1992796212434768,0.7497167587280273
1743715040792720100,5.91872021484375,1.2712858640991151,-8.086320245587824,-0.705524715918675,1743715040792720100,5.91872021484375,0.7089207172393799,0.1382574439048767,0.5000045895576477
1743715040802684200,5.92868408203125,0.3075986530981958,-8.703775267583131,-2.122397812408209,1743715040802684200,5.92868408203125,0.6334632635116577,0.0884509980678558,0.1758819371461868
1743715040812647200,5.938647216796875,0.0772667795538902,-8.794837348255514,-4.101154631122946,1743715040812647200,5.938647216796875,0.331140398979187,-0.0073752854950726,-0.1483552157878875
1743715040822611200,5.948611083984375,-0.1010452761568129,-6.927999520280957,-4.681376485528052,1743715040822611200,5.948611083984375,0.1602365523576736,0.0252814590930938,-0.2319909930229187
1743715040832574200,5.95857421875,-1.2188636029444635,-3.651445116508007,-2.8089105885386467,1743715040832574200,5.95857421875,0.0522499978542327,0.0551790855824947,-0.16702800989151
1743715040842537000,5.968536865234375,-0.8810732252001762,-1.057911555096507,-1.2565107581630348,1743715040842537000,5.968536865234375,-0.0035355035215616,-0.0859396904706955,-0.0506246946752071
1743715040852501200,5.978501220703125,-1.0572960535466671,1.442473767018318,-0.1000738007761538,1743715040852501200,5.978501220703125,-0.0138833690434694,-0.2242342233657837,0.0675509348511695
1743715040862464000,5.988464111328125,-1.7204454897463322,3.565192481943965,0.6986106256812811,1743715040862464000,5.988464111328125,-0.0009284222614951,-0.338009774684906,0.1297157704830169
1743715040872428000,5.998427978515625,-2.0538697812356053,5.073951615774631,0.969541051595658,1743715040872428000,5.998427978515625,0.0084373317658901,-0.4399539530277252,0.1162705570459365
1743715040882391000,6.00839111328125,-2.030765822893381,5.818681018552184,0.6977108272973448,1743715040882391000,6.00839111328125,-0.0142490733414888,-0.5225409269332886,0.0526742674410343
1743715040892355000,6.01835498046875,-1.826997838886827,5.899748359432816,0.0189183432206511,1743715040892355000,6.01835498046875,-0.0697780922055244,-0.5885074734687805,-0.024384319782257
1743715040902318000,6.028318115234375,-1.722186342064291,5.512507868212461,-0.6514237078968436,1743715040902318000,6.028318115234375,-0.1398903280496597,-0.6484634876251221,-0.0920909270644187
1743715040912281000,6.038281005859375,-1.6796856093347072,4.719684004351496,-1.152550836668536,1743715040912281000,6.038281005859375,-0.2245362699031829,-0.7262874245643616,-0.1498418152332306
1743715040922245000,6.0482451171875,-1.5866576354168354,3.523769169187545,-1.4485212304890156,1743715040922245000,6.0482451171875,-0.3022592961788177,-0.7882610559463501,-0.2071418613195419
1743715040932208000,6.0582080078125,-1.5229941415406762,2.362874794000387,-1.4354947217859326,1743715040932208000,6.0582080078125,-0.3187814056873321,-0.8117451071739197,-0.2447606176137924
1743715040942172200,6.068172119140625,-1.5141583625257014,1.2687322340935467,-1.3327253983154892,1743715040942172200,6.068172119140625,-0.2869483828544616,-0.7998122572898865,-0.2395773082971573
1743715040952135200,6.07813525390625,-1.518703750870377,0.1981470753848552,-1.1130865490254014,1743715040952135200,6.07813525390625,-0.2225283533334732,-0.7585627436637878,-0.1950814425945282
1743715040962098200,6.08809814453125,-1.4648143397726117,-0.7842232087761163,-0.8243151267983019,1743715040962098200,6.08809814453125,-0.1322570443153381,-0.693629264831543,-0.1619613021612167
1743715040972062200,6.098062255859375,-1.34375985641852,-1.5434417401552198,-0.5030305512402207,1743715040972062200,6.098062255859375,-0.0487450584769248,-0.6013268828392029,-0.1526639908552169
1743715040982025200,6.108025146484375,-1.300315705358982,-2.112518223428726,-0.2137809170421212,1743715040982025200,6.108025146484375,0.0154187474399805,-0.5025531649589539,-0.1749218851327896
1743715040991989200,6.1179892578125,-1.2725496004246175,-2.418032617598772,0.1202351297952234,1743715040991989200,6.1179892578125,0.0658261552453041,-0.404167890548706,-0.2073524892330169
1743715041001952300,6.1279521484375,-1.1631249107182025,-2.381373742765188,0.4873828637206926,1743715041001952300,6.1279521484375,0.1125467866659164,-0.2888751327991485,-0.2325944602489471
1743715041011916300,6.137916259765625,-0.8376701368033885,-1.8426099801689384,0.787387664156407,1743715041011916300,6.137916259765625,0.1469577103853225,-0.152837261557579,-0.2367764711380005
1743715041021879300,6.14787939453125,-0.4686217203557491,-1.0734481469243764,0.9241500773172824,1743715041021879300,6.14787939453125,0.142399713397026,-0.0046243593096733,-0.2032411396503448
1743715041031842300,6.15784228515625,-0.383550550661236,-0.185950441634655,1.068985468427092,1743715041031842300,6.15784228515625,0.1073640659451484,0.1520532071590423,-0.1544501334428787
1743715041041806300,6.167806396484375,-0.2235539038419723,0.583166967946291,1.1209193615429105,1743715041041806300,6.167806396484375,0.035771906375885,0.3257472217082977,-0.1064751595258712
1743715041051769300,6.177769287109375,-0.3029940088469535,1.1264724656254053,1.1785576037801802,1743715041051769300,6.177769287109375,-0.0331278927624225,0.5397697687149048,-0.0642560794949531
1743715041061733000,6.187733154296875,-0.5668379105664789,1.4307628709584477,1.3263634620681404,1743715041061733000,6.187733154296875,-0.0932386368513107,0.7498412728309631,-0.0371317788958549
1743715041071696400,6.1976962890625,-0.69984820465222,1.3579466410726309,1.1693251535978169,1743715041071696400,6.1976962890625,-0.1669589579105377,0.9151572585105896,-0.0224337950348854
1743715041081660200,6.20766015625,-0.7335621120750904,1.191138122281432,0.8528121763557195,1743715041081660200,6.20766015625,-0.2288007587194442,1.051871657371521,-0.0424671582877635
1743715041091623200,6.217623046875,-0.6626269466955215,1.181992108273506,0.6440615085657686,1743715041091623200,6.217623046875,-0.2769114077091217,1.193355679512024,-0.0867826342582702
1743715041101586200,6.227586181640625,-0.6295265680611133,1.244757484266162,0.560371600629203,1743715041101586200,6.227586181640625,-0.3083987534046173,1.332323670387268,-0.1251806169748306
1743715041111550200,6.23755029296875,-0.5772190923925489,1.3472060513496398,0.5583610279917717,1743715041111550200,6.23755029296875,-0.3288541734218597,1.460265874862671,-0.1587601900100708
1743715041121513200,6.24751318359375,-0.4373462921261787,1.4261878181278704,0.5684302943244576,1743715041121513200,6.24751318359375,-0.3383044004440307,1.5885378122329712,-0.1835568845272064
1743715041131477000,6.25747705078125,-0.3775719146430492,1.4920482375264168,0.6036582595720886,1743715041131477000,6.25747705078125,-0.3473932445049286,1.7182683944702148,-0.2044131457805633
1743715041141440300,6.267440185546875,-0.4217641075909137,1.4724381126493216,0.5743455827828496,1743715041141440300,6.267440185546875,-0.3605950772762298,1.842993259429932,-0.2158274501562118
1743715041151403300,6.2774033203125,-0.5199065019130706,1.3471803323864937,0.5458601871306076,1743715041151403300,6.2774033203125,-0.3714130520820617,1.9518752098083496,-0.2139883190393448
1743715041161367300,6.2873671875,-0.5990579261697828,1.1773135950684546,0.5522129902234301,1743715041161367300,6.2873671875,-0.3716990947723388,2.0527024269104004,-0.2008868902921676
1743715041171330300,6.297330322265625,-0.6611303514622151,0.9661486326783896,0.4803652400435879,1743715041171330300,6.297330322265625,-0.3775805234909057,2.145090103149414,-0.1760001927614212
1743715041181294000,6.307294189453125,-0.7154711595892905,0.7856511957526207,0.2901264170326292,1743715041181294000,6.307294189453125,-0.3940881490707397,2.2386765480041504,-0.1492122560739517
1743715041191257300,6.31725732421875,-0.6651578534126281,0.6629764177203178,0.2062516175158321,1743715041191257300,6.31725732421875,-0.4141772091388702,2.3360071182250977,-0.1317038238048553
1743715041201221000,6.32722119140625,-0.5918192070879041,0.5089952317982912,0.2533685022713616,1743715041201221000,6.32722119140625,-0.4216079711914062,2.441826343536377,-0.1157917007803917
1743715041211184400,6.337184326171875,-0.6014614071149379,0.3754232121765613,0.3941552390448748,1743715041211184400,6.337184326171875,-0.420107752084732,2.5543737411499023,-0.101938709616661
1743715041221147100,6.347147216796875,-0.6329834305167198,0.3125689888566732,0.481895737546496,1743715041221147100,6.347147216796875,-0.4117952287197113,2.658217430114746,-0.0933763831853866
1743715041231111200,6.357111083984375,-0.6469441513299942,0.321297654235363,0.5415255189271644,1743715041231111200,6.357111083984375,-0.4142435789108276,2.747474908828736,-0.0723382607102394
1743715041241074200,6.36707421875,-0.7517910117268561,0.387124755886197,0.5811831371853128,1743715041241074200,6.36707421875,-0.4156092703342438,2.879925489425659,-0.0620123893022537
1743715041251038000,6.377037841796875,-0.9028910892546176,0.4600310021430254,0.6883969824418426,1743715041251038000,6.377037841796875,-0.4158426523208618,3.0099239349365234,-0.0613620057702064
1743715041261001200,6.387001220703125,-0.9091442313652484,0.5223801985502243,0.660494683907181,1743715041261001200,6.387001220703125,-0.4216131865978241,3.116802215576172,-0.0585787370800972
1743715041270965000,6.396965087890625,-0.8194740434426814,0.6114145727872848,0.4472687703993171,1743715041270965000,6.396965087890625,-0.4314690828323364,3.220168113708496,-0.0507338233292102
1743715041280928300,6.40692822265625,-0.7856220427233725,0.7637585128962994,0.3352775912057608,1743715041280928300,6.40692822265625,-0.4395765364170074,3.3043313026428223,-0.0362195968627929
1743715041290891300,6.416891357421875,-0.7561691537458449,0.937031259265542,0.3511331127896904,1743715041290891300,6.416891357421875,-0.4433653354644775,3.375199556350708,-0.0236622747033834
1743715041300855000,6.42685498046875,-0.7717619327403604,1.0912491765528918,0.3350981795182451,1743715041300855000,6.42685498046875,-0.4359119534492492,3.44000506401062,-0.0039876392111182
1743715041310818300,6.436818359375,-0.8797323319852351,1.1274310815244912,0.3226312409266829,1743715041310818300,6.436818359375,-0.4245386123657226,3.5014843940734863,0.0232431646436452
1743715041320782000,6.446781982421875,-1.0024281528055667,1.0347656573086976,0.1694497905476018,1743715041320782000,6.446781982421875,-0.4048804640769958,3.583639621734619,0.0543600730597972
1743715041330745300,6.456745361328125,-1.191831876699254,0.7510147666573525,0.0084886643440462,1743715041330745300,6.456745361328125,-0.3981519341468811,3.589383363723755,0.0765753835439682
1743715041340709000,6.466709228515625,-1.1709609381061046,0.1838140141278505,-0.1791653298054821,1743715041340709000,6.466709228515625,-0.3809092938899994,3.5555710792541504,0.0933016389608383
1743715041350672100,6.476672119140625,-1.8579460809886452,-0.5131120194673537,0.0675144336832687,1743715041350672100,6.476672119140625,-0.3336590230464935,3.4644758701324463,0.1316106468439102
1743715041360635400,6.486635498046875,-2.6551345697999,-1.5326590648561715,0.4830051966257393,1743715041360635400,6.486635498046875,-0.2531769573688507,3.339042901992798,0.1675630509853363
1743715041370599200,6.49659912109375,-2.524188807028532,-2.899949872857332,0.5739975365301594,1743715041370599200,6.49659912109375,-0.1699542254209518,3.195145845413208,0.120229922235012
1743715041380562200,6.506562255859375,-1.9243769937515256,-4.495494725215435,0.324896117118746,1743715041380562200,6.506562255859375,-0.1150462329387664,3.0846729278564453,-0.0449864640831947
1743715041390526000,6.51652587890625,-1.4182149395525454,-5.776721699222922,0.0914133235291577,1743715041390526000,6.51652587890625,-0.1483711302280426,3.0182695388793945,-0.347557783126831
1743715041400489200,6.5264892578125,-1.0554489643752574,-6.662923519483209,-0.074529500077106,1743715041400489200,6.5264892578125,-0.2802551388740539,2.95136833190918,-0.7253154516220093
1743715041410453000,6.536452880859375,-1.5498726499855515,-6.4356988181740045,0.6224218506224453,1743715041410453000,6.536452880859375,-0.4336413145065307,2.8972256183624268,-1.033470869064331
1743715041420416000,6.546416015625,-2.535218735086917,-4.6418975848376745,2.136185222481191,1743715041420416000,6.546416015625,-0.4845266044139862,2.882702350616455,-1.0832656621932983
1743715041430379300,6.556379150390625,-3.372953169298172,-2.3783687157303093,3.5060701386287807,1743715041430379300,6.556379150390625,-0.5412537455558777,2.959421396255493,-0.953377604484558
1743715041440343000,6.566343017578125,-3.278868525934219,-0.827646755439043,4.221305151374638,1743715041440343000,6.566343017578125,-0.5572782754898071,3.070329189300537,-0.8408052921295166
1743715041450306300,6.576306396484375,-2.7803999488472937,0.2653419582575559,4.312206488527357,1743715041450306300,6.576306396484375,-0.5703346729278564,3.175936698913574,-0.8005659580230713
1743715041460270000,6.58627001953125,-2.300087790697813,0.8700228388756513,3.786762226231396,1743715041460270000,6.58627001953125,-0.5787859559059143,3.291303873062134,-0.8256151080131531
1743715041470233000,6.596233154296875,-1.948114427691698,1.1293179181843995,3.089984953457117,1743715041470233000,6.596233154296875,-0.5940436124801636,3.388408660888672,-0.8740361928939819
1743715041480197000,6.606197021484375,-1.7072586759150028,1.2606705081909897,2.538486796972156,1743715041480197000,6.606197021484375,-0.6120647192001343,3.421621799468994,-0.906384289264679
1743715041490160000,6.61616015625,-1.5314444283694029,1.5311170961111784,2.292686574530601,1743715041490160000,6.61616015625,-0.6101400256156921,3.4061439037323,-0.8720710873603821
1743715041500123100,6.626123046875,-1.3733745118290186,1.6970646141588688,2.1411133265331386,1743715041500123100,6.626123046875,-0.5907610058784485,3.4006030559539795,-0.7873229384422302
1743715041510087200,6.636087158203125,-1.2131482209723443,1.730029895171523,1.850478959978372,1743715041510087200,6.636087158203125,-0.583458423614502,3.379221677780152,-0.7073665261268616
1743715041520050200,6.64605029296875,-1.1370043810337782,1.7366595424443485,1.442423498135805,1743715041520050200,6.64605029296875,-0.5798075199127197,3.350909948348999,-0.6527232527732849
1743715041530014200,6.65601416015625,-1.1858838550150397,1.746172636198997,1.210257248771191,1743715041530014200,6.65601416015625,-0.559590220451355,3.3527772426605225,-0.6341032981872559
1743715041539977000,6.66597705078125,-1.219081775739789,1.6220353843986988,1.111618376168981,1743715041539977000,6.66597705078125,-0.5225587487220764,3.356607675552368,-0.6206950545310974
1743715041549941000,6.67594091796875,-1.1930074232846497,1.414209795564413,1.2371961091011765,1743715041549941000,6.67594091796875,-0.4749837517738342,3.3648054599761963,-0.6228804588317871
1743715041559904000,6.685904052734375,-1.1628286311853675,1.255481122854352,1.5428013964250682,1743715041559904000,6.685904052734375,-0.4251879751682281,3.361589193344116,-0.6407635807991028
1743715041569867000,6.695866943359375,-1.2719605484902858,1.21921037055552,1.9747278554596008,1743715041569867000,6.695866943359375,-0.3786970674991607,3.348428249359131,-0.652631402015686
1743715041579831000,6.7058310546875,-1.472330560621619,1.2062573654800652,2.3345808657996354,1743715041579831000,6.7058310546875,-0.3377075493335724,3.3387107849121094,-0.6538271307945251
1743715041589794000,6.7157939453125,-1.6874620885550975,1.2275725407093765,2.615985631716251,1743715041589794000,6.7157939453125,-0.3139592409133911,3.3312342166900635,-0.6474757790565491
1743715041599758000,6.725758056640625,-1.6247341219633815,1.2016519175112246,2.770256155973673,1743715041599758000,6.725758056640625,-0.3138196766376495,3.343050003051758,-0.6389815807342529
1743715041609721000,6.73572119140625,-1.5894599794864654,1.2475386394172907,2.9242133764982223,1743715041609721000,6.73572119140625,-0.3221308887004852,3.388965129852295,-0.617953360080719
1743715041619685000,6.74568505859375,-1.7522335436731575,1.2503992895454168,3.0338951097056266,1743715041619685000,6.74568505859375,-0.3368957042694092,3.43286657333374,-0.5703397393226624
1743715041629648100,6.755648193359375,-1.9314514621824024,1.045468253108859,2.9890447451099758,1743715041629648100,6.755648193359375,-0.3521870970726013,3.45776915550232,-0.5112377405166626
1743715041639611100,6.765611083984375,-1.857473202779889,0.5824199489712715,2.846979914692044,1743715041639611100,6.765611083984375,-0.350784957408905,3.472895860671997,-0.4679262340068817
1743715041649575200,6.7755751953125,-1.7305758386164902,0.0373725760608911,2.6010411605626342,1743715041649575200,6.7755751953125,-0.3289383351802826,3.503080129623413,-0.4376988708972931
1743715041659538200,6.7855380859375,-1.736001955318451,-0.4229378275454044,2.40409556992203,1743715041659538200,6.7855380859375,-0.2924847304821014,3.518540382385254,-0.4237452149391174
1743715041669502200,6.795502197265625,-1.5603578036427497,-0.7822633068799972,2.1880480961874125,1743715041669502200,6.795502197265625,-0.2543546855449676,3.5245304107666016,-0.4447387158870697
1743715041679465000,6.80546484375,-1.247080958777666,-0.9470376894950866,2.063769828481227,1743715041679465000,6.80546484375,-0.2099011987447738,3.5393412113189697,-0.4821928739547729
1743715041689429200,6.81542919921875,-1.0807260289728642,-0.8924287319511175,1.9884923230484128,1743715041689429200,6.81542919921875,-0.1601317226886749,3.54611611366272,-0.5057488083839417
1743715041699392000,6.82539208984375,-1.1398217765420675,-0.6961673241823911,1.9025556225657465,1743715041699392000,6.82539208984375,-0.1115322262048721,3.5446064472198486,-0.4982104003429413
1743715041709356000,6.83535595703125,-1.2981284244477749,-0.4500245719134807,1.8130043848477304,1743715041709356000,6.83535595703125,-0.0724531114101409,3.5230817794799805,-0.4778603911399841
1743715041719319000,6.845319091796875,-1.4230097726136446,-0.2345738950282335,1.7504950294427573,1743715041719319000,6.845319091796875,-0.0333288796246051,3.48710036277771,-0.4503435492515564
1743715041729282000,6.855281982421875,-1.4720106810174882,-0.0783382081776857,1.6591132152967154,1743715041729282000,6.855281982421875,0.0091907922178506,3.437873125076294,-0.4308007359504699
1743715041739246000,6.86524609375,-1.3735662350088358,0.0252747265100479,1.5056179131954908,1743715041739246000,6.86524609375,0.056082397699356,3.3789916038513184,-0.4211536943912506
1743715041749209000,6.875208984375,-1.1466430739294735,0.0733604197651147,1.348141870895028,1743715041749209000,6.875208984375,0.1071839779615402,3.3327324390411377,-0.4085619747638702
1743715041759173000,6.885173095703125,-0.9254566298712044,0.2010153242975473,1.1618880623996255,1743715041759173000,6.885173095703125,0.1553765386343002,3.292879819869995,-0.4012492001056671
1743715041769136000,6.89513623046875,-0.7383242849756032,0.3169400435477495,0.980662165068835,1743715041769136000,6.89513623046875,0.1993539780378341,3.248785734176636,-0.3915702700614929
1743715041779100200,6.90510009765625,-0.6555396187830717,0.3287392024129629,0.7839977294571697,1743715041779100200,6.90510009765625,0.2401072680950164,3.1887922286987305,-0.3855320811271667
1743715041789063200,6.915063232421875,-0.5949386542826891,0.3118435971915722,0.6057112465791404,1743715041789063200,6.915063232421875,0.2724254727363586,3.1178324222564697,-0.3771955668926239
1743715041799026200,6.925026123046875,-0.6078811379641295,0.2811094362318516,0.4905110422112047,1743715041799026200,6.925026123046875,0.2960205674171448,3.040281057357788,-0.3621178269386291
1743715041808990200,6.934990234375,-0.6356161171078681,0.1683376280546188,0.4126803451642394,1743715041808990200,6.934990234375,0.309826523065567,2.961611270904541,-0.3429291844367981
1743715041818953200,6.944953125,-0.6149386552602052,0.0438730439960956,0.3502161440752446,1743715041818953200,6.944953125,0.3161011934280395,2.871435165405273,-0.3155766427516937
1743715041828917200,6.954917236328125,-0.528478003968671,-0.0097504096418619,0.3054283233217895,1743715041828917200,6.954917236328125,0.3162616193294525,2.787108898162842,-0.2883264124393463
1743715041838880000,6.9648798828125,-0.4168962092936039,-0.0090326167613267,0.309713161034137,1743715041838880000,6.9648798828125,0.3135446608066559,2.701388359069824,-0.2467299550771713
1743715041848844000,6.974843994140625,-0.2775543740987777,0.0228244107484817,0.380300755085051,1743715041848844000,6.974843994140625,0.3085755407810211,2.624151468276977,-0.2045438885688781
1743715041858807000,6.98480712890625,-0.178829795974493,0.1249625967085361,0.5107527429901063,1743715041858807000,6.98480712890625,0.3118834793567657,2.556160449981689,-0.14321368932724
1743715041868771000,6.99477099609375,-0.2375519975235685,0.2439198155224323,0.6329080271929503,1743715041868771000,6.99477099609375,0.3160151243209839,2.488373279571533,-0.0912029147148132
1743715041878734000,7.004734130859375,-0.240643570330739,0.3323106311589479,0.6549678833097219,1743715041878734000,7.004734130859375,0.3186119794845581,2.4209110736846924,-0.0445211604237556
1743715041888697000,7.014697021484375,-0.3182943442335352,0.4072954372555017,0.6468830687925219,1743715041888697000,7.014697021484375,0.3225245475769043,2.3435676097869877,0.0031248810701072
1743715041898661000,7.0246611328125,-0.1666495288372039,0.4020347402483225,0.6136711195424199,1743715041898661000,7.0246611328125,0.3198549747467041,2.2336535453796387,0.0207392945885658
1743715041908624100,7.0346240234375,0.1621714701076969,0.3437789506345987,0.5766966028884053,1743715041908624100,7.0346240234375,0.3231607377529144,2.138240337371826,0.0422510206699371
1743715041918588200,7.044588134765625,0.2421738121053203,0.3857575591862201,0.6792084444664418,1743715041918588200,7.044588134765625,0.3337044715881347,2.012763023376465,0.0720691010355949
1743715041928551200,7.05455126953125,0.4470967017680406,0.3783142574429511,0.6656769088506698,1743715041928551200,7.05455126953125,0.3448648750782013,1.9297908544540403,0.1035468652844429
1743715041938515200,7.06451513671875,0.3461006715804338,0.4246352791130542,0.6492372307032346,1743715041938515200,7.06451513671875,0.3626838326454162,1.8666044473648071,0.1363636702299118
1743715041948478200,7.074478271484375,0.3881312660476192,0.3726069857120513,0.5256399309985339,1743715041948478200,7.074478271484375,0.3753715753555298,1.7806942462921145,0.1534038186073303
1743715041958442200,7.084442138671875,0.6922492739558219,0.1524818872749805,0.396890070836246,1743715041958442200,7.084442138671875,0.3860929310321808,1.6912719011306765,0.1426078975200653
1743715041968405200,7.0944052734375,0.8782967462241649,0.1403559806734323,0.3685889091771095,1743715041968405200,7.0944052734375,0.4069880247116089,1.609627366065979,0.140294462442398
1743715041978368300,7.1043681640625,0.8408639644086361,0.2413017419785261,0.4018726815544068,1743715041978368300,7.1043681640625,0.432643860578537,1.5302289724349976,0.1512057036161422
1743715041988332300,7.114332275390625,0.8238695749878883,0.3472206155210733,0.4151975886821746,1743715041988332300,7.114332275390625,0.4526150524616241,1.4487274885177612,0.1654379069805145
1743715041998295000,7.124294921875,0.8192647115409374,0.4712959080010652,0.4449232301864773,1743715041998295000,7.124294921875,0.4827071726322174,1.3691463470458984,0.1782304048538208
1743715042008259300,7.13425927734375,0.8874784160673618,0.5958341418176889,0.5294030829243361,1743715042008259300,7.13425927734375,0.5073278546333313,1.28653085231781,0.1900087743997573
1743715042018222300,7.144222412109375,0.883796512684226,0.655398675942421,0.5884216005388647,1743715042018222300,7.144222412109375,0.5364872813224792,1.2159472703933716,0.1946178972721099
1743715042028186400,7.154186279296875,0.8924585425674915,0.6491939760833978,0.6317849414471537,1743715042028186400,7.154186279296875,0.5613117814064026,1.1429190635681152,0.1891354769468307
1743715042038149400,7.1641494140625,0.9601017537295816,0.6154752463549376,0.6787266522988676,1743715042038149400,7.1641494140625,0.5870426893234253,1.0687628984451294,0.1691431254148483
1743715042048113400,7.174113525390625,0.9676327337563038,0.5385024813115596,0.7566832407478242,1743715042048113400,7.174113525390625,0.6129627823829651,0.9955925345420836,0.1421349793672561
1743715042058076200,7.184076171875,0.9610334816217422,0.4856003276854753,0.82028799017407,1743715042058076200,7.184076171875,0.6414815187454224,0.9260488748550416,0.1142447739839553
1743715042068039200,7.1940390625,0.940272433143854,0.4573316800564527,0.8604113993130624,1743715042068039200,7.1940390625,0.6682794094085693,0.866595447063446,0.0968452841043472
1743715042078003200,7.204003173828125,0.9699544547021388,0.4649877477675676,0.835083481311053,1743715042078003200,7.204003173828125,0.686839759349823,0.8008880615234375,0.0824074894189834
1743715042087966200,7.21396630859375,1.040986723780632,0.5166974767386913,0.7919011960580945,1743715042087966200,7.21396630859375,0.6931086778640747,0.7363607287406921,0.0802899897098541
1743715042097930200,7.22393017578125,1.1204536437273025,0.5815519339650869,0.814034117411077,1743715042097930200,7.22393017578125,0.6906364560127258,0.6819427609443665,0.0851795524358749
1743715042107893200,7.233893310546875,1.168404312425852,0.7003688675254583,0.8649224469967186,1743715042107893200,7.233893310546875,0.6883965730667114,0.6312889456748962,0.0979252383112907
1743715042117857300,7.243857177734375,1.179936929309368,0.8013111216992139,0.8804822005044668,1743715042117857300,7.243857177734375,0.6819791793823242,0.5849877595901489,0.1106282547116279
1743715042127820300,7.2538203125,1.1583037741720676,0.8818377798318863,0.9078985421530902,1743715042127820300,7.2538203125,0.6717712879180908,0.545552134513855,0.1221738010644912
1743715042137784300,7.263784423828125,1.159783783596754,0.8758148662805557,0.8663469268418847,1743715042137784300,7.263784423828125,0.6610310077667236,0.5065959692001343,0.1311574578285217
1743715042147747300,7.273747314453125,1.181343288975954,0.8823387150913476,0.8390796382751315,1743715042147747300,7.273747314453125,0.6603864431381226,0.4959851205348968,0.1364488750696182
1743715042157710300,7.28371044921875,1.1422235769867897,0.866103035083413,0.8065836552746594,1743715042157710300,7.28371044921875,0.652567982673645,0.4820410907268524,0.1450466215610504
1743715042167674400,7.29367431640625,1.3014414945185184,0.7956593795478344,0.6541787056934089,1743715042167674400,7.29367431640625,0.6339983940124512,0.4496898353099823,0.1755403578281402
1743715042177637400,7.303637451171875,1.2915081295251845,0.7811147213667631,0.6672724344138056,1743715042177637400,7.303637451171875,0.631391167640686,0.4615403711795807,0.2124840021133422
1743715042187601400,7.313601318359375,1.1099953780770302,0.7609703434824943,0.7142734011720866,1743715042187601400,7.313601318359375,0.621359646320343,0.4882012605667114,0.23390993475914
1743715042197564400,7.323564453125,1.140085395914316,0.50099663425982,0.668691434366256,1743715042197564400,7.323564453125,0.5958763957023621,0.5009695887565613,0.2208942621946334
1743715042207528400,7.333528564453125,1.1678969474256038,0.1076905593901872,0.6322125922746956,1743715042207528400,7.333528564453125,0.5709980726242065,0.5047848224639893,0.2050263583660125
1743715042217491200,7.3434912109375,1.0157926612913608,-0.4271107293158769,0.6129123370643704,1743715042217491200,7.3434912109375,0.5774093866348267,0.5459173321723938,0.1527367979288101
1743715042227455200,7.353455322265625,0.8990028496444225,-1.0914023212879895,0.6552027149789035,1743715042227455200,7.353455322265625,0.614787757396698,0.6140657663345337,0.0675683617591857
1743715042237418200,7.363418212890625,1.0750094048917294,-1.9332827692627903,0.4634550583075731,1743715042237418200,7.363418212890625,0.6606441736221313,0.6814991235733032,-0.005282144062221
1743715042247382300,7.37338232421875,1.4789724828541275,-2.790686949583888,-0.1582658775039017,1743715042247382300,7.37338232421875,0.6786540746688843,0.7275167107582092,-0.033965989947319
1743715042257345300,7.38334521484375,1.5098106887102123,-3.2142800261676308,-1.0409861392587425,1743715042257345300,7.38334521484375,0.652008056640625,0.7688801288604736,-0.0123903900384902
1743715042267308300,7.393308349609375,0.992397757178545,-2.9952649347990747,-2.0126926983252167,1743715042267308300,7.393308349609375,0.5262122750282288,0.8254115581512451,0.04313201084733
1743715042277272300,7.403272216796875,0.0630383111825212,-2.158295055219531,-2.694093830530345,1743715042277272300,7.403272216796875,0.3905119597911834,0.8932265639305115,0.0862632319331169
1743715042287235300,7.4132353515625,-0.6883996127903461,-0.9890525384038686,-2.4560703795701264,1743715042287235300,7.4132353515625,0.2727324664592743,0.9141897559165956,0.06492830067873
1743715042297199400,7.423199462890625,-0.9039818071007728,-0.1553390302717685,-1.8719988639995453,1743715042297199400,7.423199462890625,0.1733259856700897,0.8470533490180969,-0.0116967000067234
1743715042307162400,7.433162353515625,-0.6591735183060169,0.2892570868521928,-1.392365774155408,1743715042307162400,7.433162353515625,0.1289917677640915,0.7734458446502686,-0.1356347948312759
1743715042317126400,7.44312646484375,-0.1065232691764831,0.4357862032026052,-1.351841163804382,1743715042317126400,7.44312646484375,0.1426636427640915,0.6973883509635925,-0.2692325115203857
1743715042327089400,7.45308935546875,0.4011386681914329,0.2594201669931411,-1.665474420891702,1743715042327089400,7.45308935546875,0.1760711669921875,0.6032730340957642,-0.368131935596466
1743715042337053200,7.46305322265625,0.456018259370327,-0.0040945758372545,-1.9748127572640772,1743715042337053200,7.46305322265625,0.1920450627803802,0.5083012580871582,-0.4155886769294739
1743715042347016400,7.473016357421875,0.299387435722351,-0.2484270638138055,-2.219083285920322,1743715042347016400,7.473016357421875,0.1696051955223083,0.4191106259822845,-0.435971736907959
1743715042356979200,7.482979248046875,0.2769406261146068,-0.453563851955533,-2.2112759731702507,1743715042356979200,7.482979248046875,0.1573746353387832,0.3929088413715362,-0.4834484457969665
1743715042366943200,7.492943115234375,0.2721054610431194,-0.3905483005940914,-1.6452435337677598,1743715042366943200,7.492943115234375,0.1521447300910949,0.3966751098632812,-0.5183363556861877
1743715042376906200,7.50290625,0.2187760219156742,-0.0941542014688253,-1.0235754241220651,1743715042376906200,7.50290625,0.1410478800535202,0.3866578936576843,-0.5133740901947021
1743715042386870300,7.512870361328125,0.2855143931925296,0.3229483440518379,-0.4858504299890249,1743715042386870300,7.512870361328125,0.1323471963405609,0.3617035150527954,-0.4908153116703033
1743715042396833300,7.522833251953125,0.4291840284585952,0.7973007170140742,-0.010834186290577,1743715042396833300,7.522833251953125,0.1311695426702499,0.3387454748153686,-0.4599567353725433
1743715042406797000,7.532797119140625,0.5747738181322812,1.2097908003032207,0.2549306004889309,1743715042406797000,7.532797119140625,0.1304865330457687,0.3150803446769714,-0.4266440272331238
1743715042416760300,7.54276025390625,0.778166392955184,1.5198106891989709,0.3551126108799129,1743715042416760300,7.54276025390625,0.1225519031286239,0.2937843799591064,-0.4078279733657837
1743715042426724000,7.55272412109375,0.91461776740551,1.7375760727673768,0.3997536435738206,1743715042426724000,7.55272412109375,0.1131904050707817,0.2739028632640838,-0.3942269682884216
1743715042436687000,7.56268701171875,0.9016554099798202,1.8501935671657324,0.3352903045568615,1743715042436687000,7.56268701171875,0.1095019206404686,0.2693224847316742,-0.3908830881118774
1743715042446651100,7.572651123046875,0.9526906006902456,1.9099112460255625,0.1149671993296593,1743715042446651100,7.572651123046875,0.0952113419771194,0.2643911242485046,-0.3925851285457611
1743715042456614100,7.5826142578125,1.0539461585968732,1.8139070327758788,-0.1611022699736058,1743715042456614100,7.5826142578125,0.0940776318311691,0.3070490956306457,-0.3952853083610534
1743715042466577400,7.592577392578125,1.056221702313423,1.7183751132130622,-0.3196072899956256,1743715042466577400,7.592577392578125,0.0854362100362777,0.300450325012207,-0.3862265646457672
1743715042476541200,7.602541259765625,1.297778880357742,1.4009580998033284,-0.5901148873880505,1743715042476541200,7.602541259765625,0.0728506445884704,0.2668206989765167,-0.3627904653549194
1743715042486504200,7.612504150390625,1.3091723810315132,1.1257774690985678,-0.7416975608009845,1743715042486504200,7.612504150390625,0.0739153921604156,0.2309298366308212,-0.3258934020996094
1743715042496468200,7.62246826171875,1.130454155672714,0.9549094457834958,-0.8300913721121848,1743715042496468200,7.62246826171875,0.0777791067957878,0.2061126381158828,-0.2989749610424042
1743715042506431200,7.63243115234375,0.9000625878304243,0.8029495365560054,-0.9530741201151162,1743715042506431200,7.63243115234375,0.0869464874267578,0.2034582495689392,-0.2986152172088623
1743715042516395300,7.642395263671875,0.8789894046634436,0.5450865358769893,-1.1757963954385369,1743715042516395300,7.642395263671875,0.0759998336434364,0.1781683415174484,-0.2983204126358032
1743715042526358300,7.652358154296875,1.073182116399333,0.1696042869895696,-1.5104375884369017,1743715042526358300,7.652358154296875,0.0720791071653366,0.1486098915338516,-0.2970879077911377
1743715042536322300,7.662322265625,1.1340379324436187,-0.0903676686674356,-1.620745198457688,1743715042536322300,7.662322265625,0.0694047585129737,0.107624627649784,-0.2739327847957611
1743715042546285000,7.67228515625,1.018345268383622,-0.2272106727838516,-1.6153960925146935,1743715042546285000,7.67228515625,0.0736100003123283,0.0784244760870933,-0.2416448146104812
1743715042556249000,7.6822490234375,1.038408909181878,-0.2266401794195175,-1.469080765045434,1743715042556249000,7.6822490234375,0.0755232200026512,0.058144237846136,-0.2225643247365951
1743715042566212000,7.692212158203125,1.1727058820772915,-0.1636176137953996,-1.2098503484707326,1743715042566212000,7.692212158203125,0.0735272094607353,0.0437988229095935,-0.2056913822889328
1743715042576176000,7.702176025390625,1.2370149073153731,0.0110644148498773,-0.9644549805030226,1743715042576176000,7.702176025390625,0.0594673156738281,0.0327179431915283,-0.1825104355812072
1743715042586139100,7.71213916015625,1.3126520398408177,0.2487333532840013,-0.8147747066453099,1743715042586139100,7.71213916015625,0.039918664842844,0.0349195972084999,-0.1585001349449157
1743715042596102100,7.72210205078125,1.3435516204953193,0.4339227474182844,-0.7456904298294336,1743715042596102100,7.72210205078125,0.010374354198575,0.0327704288065433,-0.1215069666504859
1743715042606066200,7.732066162109375,1.2870955737799403,0.6223644213467836,-0.6740794840801507,1743715042606066200,7.732066162109375,-0.0180639140307903,0.0325219593942165,-0.080772578716278
1743715042616029200,7.742029296875,1.3127169217705723,0.7010878294497728,-0.6526755345888435,1743715042616029200,7.742029296875,-0.0405010469257831,0.0191582161933183,-0.0416494160890579
1743715042625993200,7.7519931640625,1.3536486516177653,0.6974030034571885,-0.7400959708232432,1743715042625993200,7.7519931640625,-0.0606948547065258,-0.0037194120232015,-0.0055004772730171
1743715042635956200,7.761956298828125,1.3938117351800203,0.6872527808427811,-0.8327532847978174,1743715042635956200,7.761956298828125,-0.0785904973745346,-0.028458846732974,0.0182016566395759
1743715042645920300,7.771920166015625,1.4791519310742616,0.6644155106127262,-0.8880633032832295,1743715042645920300,7.771920166015625,-0.0951094403862953,-0.0470666289329528,0.0422236211597919
1743715042655883300,7.78188330078125,1.626124699538946,0.5656389100402593,-0.8859357897352427,1743715042655883300,7.78188330078125,-0.1108892038464546,-0.0554864779114723,0.0696704238653183
1743715042665847300,7.791847412109375,1.760218697208166,0.4745025950878858,-0.7350086576215923,1743715042665847300,7.791847412109375,-0.121160864830017,-0.0478205606341362,0.098134309053421
1743715042675810300,7.801810302734375,1.835885640349984,0.3580927226692438,-0.5476168580722064,1743715042675810300,7.801810302734375,-0.1327711790800094,-0.0362459272146225,0.1274695545434951
1743715042685774300,7.8117744140625,1.8706939188808205,0.2409375848412513,-0.3445722929693758,1743715042685774300,7.8117744140625,-0.1432623714208603,-0.024080604314804,0.16319240629673
1743715042695737300,7.8217373046875,1.747670765802264,0.2014157217919826,-0.1700965274859219,1743715042695737300,7.8217373046875,-0.1481426060199737,-0.0128620397299528,0.1920890361070633
1743715042705701400,7.831701416015625,1.613041930603981,0.2017348707437515,-0.0931355990108102,1743715042705701400,7.831701416015625,-0.1591480821371078,0.0030199715401977,0.2202223837375641
1743715042715664100,7.8416640625,1.4694973830223084,0.1799023936420679,-0.1832546997446566,1743715042715664100,7.8416640625,-0.178786501288414,0.0182274207472801,0.2582483291625976
1743715042725627100,7.851627197265625,1.2773399034410715,0.1949585084766149,-0.3169617439229041,1743715042725627100,7.851627197265625,-0.2000768780708313,0.0391926243901252,0.3040624260902405
1743715042735591200,7.861591064453125,1.3669476936519145,0.1375005912423133,-0.457798274654895,1743715042735591200,7.861591064453125,-0.229142352938652,0.0627104640007019,0.3385639488697052
1743715042745554200,7.87155419921875,1.4797762004524468,-0.0460942271769046,-0.5412244536213576,1743715042745554200,7.87155419921875,-0.2548588514328003,0.1038102358579635,0.3738553524017334
1743715042755518200,7.881518310546875,1.4570476512938737,-0.2639256617188453,-0.5002900934256613,1743715042755518200,7.881518310546875,-0.2787714004516601,0.1581171452999115,0.4043712019920349
1743715042765481200,7.891481201171875,1.5362433530837296,-0.6519447360962629,-0.5142316711470485,1743715042765481200,7.891481201171875,-0.3009741902351379,0.2078881412744522,0.4245294332504272
1743715042775445200,7.9014453125,1.8190724527150397,-1.1884504906326532,-0.5339017095178366,1743715042775445200,7.9014453125,-0.3354671895503998,0.2440685182809829,0.4517972767353058
1743715042785408300,7.911408203125,2.1695207981109617,-1.8186095113784075,-0.4496966551333665,1743715042785408300,7.911408203125,-0.3484330177307129,0.3199636042118072,0.499768316745758
1743715042795372300,7.921372314453125,2.3445365887552496,-2.440817280858755,-0.2738162104837596,1743715042795372300,7.921372314453125,-0.3688722550868988,0.3849183619022369,0.5826605558395386
1743715042805335300,7.931335205078125,2.4678514182567595,-3.046386050227284,-0.1095122949246317,1743715042805335300,7.931335205078125,-0.3981351256370544,0.3881114721298218,0.6807170510292053
1743715042815299300,7.94129931640625,2.1715976043850183,-3.6772102568835017,0.2863601233016699,1743715042815299300,7.94129931640625,-0.4145982563495636,0.2496340274810791,0.7866455912590027
1743715042825262300,7.951262451171875,0.8859873007267713,-4.404201758396625,1.0179526158042251,1743715042825262300,7.951262451171875,-0.3925188183784485,0.045928306877613,0.889213502407074
1743715042835226400,7.961226318359375,-0.1294371117740869,-5.75600565893054,1.140989212886244,1743715042835226400,7.961226318359375,-0.3617015182971954,-0.0563149750232696,0.862680196762085
1743715042845189400,7.971189453125,0.0621405220925807,-7.598972197452187,0.2521470707176253,1743715042845189400,7.971189453125,-0.3723959028720855,0.0613485462963581,0.6120471358299255
1743715042855152400,7.98115234375,-0.0617675971269607,-8.9978342017591,-0.8811255399093031,1743715042855152400,7.98115234375,-0.3874587416648865,0.2197190076112747,0.2963584661483764
1743715042865116400,7.991116455078125,-1.0280126759171486,-8.899466766509413,-1.5518544714525342,1743715042865116400,7.991116455078125,-0.3965461254119873,0.3900175094604492,0.0140396645292639
1743715042875079200,8.0010791015625,-2.0333926642656324,-6.768035752817988,-1.718635956106335,1743715042875079200,8.0010791015625,-0.3368497788906097,0.5786060094833374,-0.0591666400432586
1743715042885043200,8.011043212890625,-3.4103765987634658,-2.585129305681586,-1.3440065246559678,1743715042885043200,8.011043212890625,-0.3252499401569366,0.7263044714927673,0.0850558280944824
1743715042895006200,8.021006103515624,-3.3040403765916824,0.0423258145540952,-1.2498270426154137,1743715042895006200,8.021006103515624,-0.3801169097423553,0.7268235087394714,0.2077268809080124
1743715042904970200,8.03097021484375,-2.3914883095443247,2.046792244064808,-0.846096458234638,1743715042904970200,8.03097021484375,-0.4303445518016815,0.6540026068687439,0.2393577694892883
1743715042914933200,8.040933349609375,-1.767693563133478,3.407711178946495,-0.1220336671171709,1743715042914933200,8.040933349609375,-0.4511576890945434,0.6076207160949707,0.2200354635715484
1743715042924897300,8.050897216796875,-1.3168494915306568,4.14161932798028,0.6406940779592841,1743715042924897300,8.050897216796875,-0.439212828874588,0.6004514098167419,0.1741603463888168
1743715042934860300,8.0608603515625,-0.9261118058443067,4.379441411149502,1.256011868730187,1743715042934860300,8.0608603515625,-0.4078298509120941,0.5843704342842102,0.1255667060613632
1743715042944824300,8.07082421875,-0.5851999350786209,4.172651010581851,1.6816279755741357,1743715042944824300,8.07082421875,-0.3586846888065338,0.5552570223808289,0.0992547050118446
1743715042954787300,8.080787353515625,-0.3235807967364787,3.6132694073706864,1.984038996901363,1743715042954787300,8.080787353515625,-0.2868941128253937,0.5165157914161682,0.0959364026784896
1743715042964751400,8.09075146484375,-0.1258557461559772,2.815966352269053,1.9937635414496064,1743715042964751400,8.09075146484375,-0.2384359985589981,0.4713155627250671,0.0737634599208831
1743715042974714400,8.10071435546875,0.0684744012892246,2.0433114162117243,1.6243025986783206,1743715042974714400,8.10071435546875,-0.199443057179451,0.4395879805088043,0.03567785769701
1743715042984678100,8.11067822265625,0.0477039821947924,1.6610446217507122,0.8803976640261709,1743715042984678100,8.11067822265625,-0.1953456699848175,0.4344057440757751,0.0268758814781904
1743715042994641400,8.120641357421874,-0.086153850364685,1.3783938012957573,-0.041774076122581,1743715042994641400,8.120641357421874,-0.2280724644660949,0.4319835901260376,0.038886472582817
1743715043004606000,8.13060595703125,-0.2613444313202984,1.1090098741710186,-0.6131171389214695,1743715043004606000,8.13060595703125,-0.25325408577919,0.4350997805595398,0.0340432152152061
1743715043014569000,8.14056884765625,-0.3615419863402843,0.816572403717041,-0.7754466856677085,1743715043014569000,8.14056884765625,-0.2457926720380783,0.4293654561042785,-0.0037691448815166
1743715043024532000,8.150531982421874,-0.3094108170866966,0.5135597632348538,-0.7411909995183348,1743715043024532000,8.150531982421874,-0.2092338502407074,0.4243727922439575,-0.0604675970971584
1743715043034496000,8.16049609375,-0.3362497241735458,0.3707464525371789,-0.6614291882783174,1743715043034496000,8.16049609375,-0.1625712811946869,0.387387067079544,-0.1215506643056869
1743715043044459000,8.170458984375,-0.1673299305831082,0.3616653204590082,-0.5935296642675996,1743715043044459000,8.170458984375,-0.1247951984405517,0.2793996930122375,-0.1869860291481018
1743715043054423000,8.180423095703125,0.2363233690440654,0.4080237515300512,-0.4298301808750256,1743715043054423000,8.180423095703125,-0.0827595964074134,0.2025584131479263,-0.2219663858413696
1743715043064386000,8.190385986328126,0.3358218541502952,0.651605128878355,-0.1356455836259294,1743715043064386000,8.190385986328126,-0.0481893084943294,0.1594471335411071,-0.2173075377941131
1743715043074350000,8.20035009765625,0.3789548934340477,0.9796785608589648,0.1292925339379347,1743715043074350000,8.20035009765625,-0.0308776963502168,0.1482496112585067,-0.1823002845048904
1743715043084313000,8.21031298828125,0.3329518516719341,1.293459848114848,0.3539681535525247,1743715043084313000,8.21031298828125,-0.0386608839035034,0.1602911204099655,-0.1324394941329956
1743715043094277000,8.220277099609374,0.4642214395701885,1.489240778890252,0.4260662252316251,1743715043094277000,8.220277099609374,-0.0587035678327083,0.1749403625726699,-0.0766641050577163
1743715043104240000,8.230240234375,0.7105377948403359,1.5047832159370182,0.3785710817482322,1743715043104240000,8.230240234375,-0.0727224722504615,0.2058843970298767,-0.0194269698113203
1743715043114204200,8.2402041015625,0.7156617137253284,1.4850994413018226,0.3348658685997128,1743715043114204200,8.2402041015625,-0.0712316408753395,0.236118197441101,0.0348173640668392
1743715043124167200,8.250167236328124,0.7072223866820335,1.488282162991166,0.2526456678895279,1743715043124167200,8.250167236328124,-0.0525211095809936,0.2611462771892547,0.051056757569313
1743715043134131200,8.260131103515626,0.8287678684234618,1.5100310534626245,0.1670537074576132,1743715043134131200,8.260131103515626,-0.0474224872887134,0.2603196501731872,0.0429546199738979
1743715043144094200,8.27009423828125,0.981455507403612,1.46953128529191,0.0608845854810439,1743715043144094200,8.27009423828125,-0.033303715288639,0.2313141673803329,0.057195708155632
1743715043154058200,8.280058349609375,1.0107342088580131,1.5301894598722456,0.1043658628137316,1743715043154058200,8.280058349609375,-0.0043796529062092,0.2143564820289611,0.0790349617600441
1743715043164021000,8.29002099609375,1.050645363485813,1.6729992634385824,0.1724319846961647,1743715043164021000,8.29002099609375,0.0194269232451915,0.1941553503274917,0.1017432361841201
1743715043173984000,8.29998388671875,1.059200425863266,1.8250690627813335,0.2296312509942799,1743715043173984000,8.29998388671875,0.0362764783203601,0.172556847333908,0.1321456134319305
1743715043183948000,8.309947998046875,0.96172789362669,1.9845710579514504,0.2882906164402142,1743715043183948000,8.309947998046875,0.0511719584465026,0.1631436347961425,0.1740461438894271
1743715043193911000,8.3199111328125,0.8315443473994731,2.0560113233089448,0.4217271000487729,1743715043193911000,8.3199111328125,0.0707904025912284,0.1732138395309448,0.2151749432086944
1743715043203875000,8.329875,0.7304021867394447,2.0592811387598515,0.5998596710067242,1743715043203875000,8.329875,0.0887474715709686,0.176893264055252,0.2429751455783844
1743715043213838000,8.339838134765625,0.6853250276505947,1.9959990454167127,0.690009751400724,1743715043213838000,8.339838134765625,0.1056044772267341,0.1587789803743362,0.2834962010383606
1743715043223802000,8.349802001953124,0.6377414386987685,1.907555038288236,0.7464252469100058,1743715043223802000,8.349802001953124,0.1248337477445602,0.1383754312992096,0.3323226571083069
1743715043233765000,8.35976513671875,0.6409796899676322,1.8693115246117116,0.7747496433142572,1743715043233765000,8.35976513671875,0.1448066532611847,0.115798495709896,0.3813575804233551
1743715043243729200,8.369729248046875,0.6905401319503783,1.769130902460217,0.8183282344084233,1743715043243729200,8.369729248046875,0.159369871020317,0.1048576906323432,0.425947368144989
1743715043253692200,8.379692138671874,0.8071884893000125,1.5477169332563876,0.9077351682849228,1743715043253692200,8.379692138671874,0.1700667142868042,0.0954191759228706,0.4638135433197021
1743715043263656200,8.38965625,0.9673135848045348,1.1647703398376703,1.0469988967422394,1743715043263656200,8.38965625,0.1764765083789825,0.0941778793931007,0.5023090243339539
1743715043273619200,8.399619140625,1.1804933941483498,0.5858528460294008,1.096842612645775,1743715043273619200,8.399619140625,0.1885185241699218,0.1007918417453765,0.5220387578010559
1743715043283583200,8.409583251953125,1.4796353306770325,-0.1912315969079732,0.9806813812259584,1743715043283583200,8.409583251953125,0.1976880729198455,0.1187694743275642,0.523923397064209
1743715043293546200,8.419546142578126,1.731943035316467,-1.0440455268293618,0.7580318788778037,1743715043293546200,8.419546142578126,0.2098496556282043,0.1514579206705093,0.5259005427360535
1743715043303510300,8.42951025390625,1.8844447963356967,-1.92519006370008,0.5644146654749289,1743715043303510300,8.42951025390625,0.2217205613851547,0.1654224991798401,0.5350885391235352
1743715043313473300,8.439473388671875,2.017872439050674,-2.78195419255197,0.4168711844502016,1743715043313473300,8.439473388671875,0.2276721894741058,0.1699504107236862,0.5687037110328674
1743715043323437300,8.449437255859374,1.8434885165691373,-3.4002123476237056,0.4740554723748937,1743715043323437300,8.449437255859374,0.2345887869596481,0.1572945117950439,0.6537876725196838
1743715043333400000,8.459400146484375,1.5142963096916675,-3.767356976276636,0.6942825333490967,1743715043333400000,8.459400146484375,0.2435676306486129,0.1157534569501876,0.7937809824943542
1743715043343364400,8.4693642578125,0.8706580680392682,-4.212835721454024,1.0181699848819523,1743715043343364400,8.4693642578125,0.3113938271999359,0.1170059293508529,0.8949811458587646
1743715043353327000,8.4793271484375,0.1090450427390635,-5.230198993062973,1.4006285755880177,1743715043353327000,8.4793271484375,0.4954158663749695,0.1611134558916092,0.9544079303741456
1743715043363290000,8.4892900390625,-0.0160803433157503,-7.109899225220084,0.9308430721499024,1743715043363290000,8.4892900390625,0.7037057280540466,0.2370644658803939,0.8504757881164551
1743715043373254100,8.499254150390625,0.897942526936531,-9.095012719485164,-0.7726606351457536,1743715043373254100,8.499254150390625,0.7502708435058594,0.3119115233421325,0.4143871068954468
1743715043383217200,8.509217041015624,1.095347113391012,-9.821167185652255,-2.7901486049234867,1743715043383217200,8.509217041015624,0.5669171214103699,0.3288944959640503,-0.1547397375106811
1743715043393181200,8.51918115234375,-0.0326325419269502,-8.502472943037748,-4.004658834964037,1743715043393181200,8.51918115234375,0.3534293472766876,0.341088056564331,-0.5527467131614685
1743715043403144200,8.529144287109375,-1.6288976713836192,-5.122005160325766,-3.321161607262492,1743715043403144200,8.529144287109375,0.2533471882343292,0.4499120414257049,-0.6793534159660339
1743715043413108200,8.539108154296875,-1.9022293132208288,-2.102406579259038,-2.020571322745829,1743715043413108200,8.539108154296875,0.1470641791820526,0.3037031590938568,-0.5592613816261292
1743715043423071200,8.5490712890625,-1.3516262058794497,0.6059522157281637,-0.8033065333001315,1743715043423071200,8.5490712890625,0.0398715436458587,-0.060590960085392,-0.3191015422344208
1743715043433035000,8.559034912109375,-1.2486463083982466,2.829109326958656,0.24898520915322,1743715043433035000,8.559034912109375,-0.0087178312242031,-0.3410583138465881,-0.1323002576828003
1743715043442998300,8.568998291015625,-1.3670973312556742,4.53196421495676,1.0197975130185484,1743715043442998300,8.568998291015625,0.0270277261734008,-0.4265574812889099,-0.0881604552268982
1743715043452962000,8.578962158203124,-1.1934849776685237,5.578461226591467,1.169485020334646,1743715043452962000,8.578962158203124,0.0942088961601257,-0.373982161283493,-0.1448921710252761
1743715043462925300,8.58892529296875,-0.678774948420003,5.86216126383841,0.4385133631441742,1743715043462925300,8.58892529296875,0.1033285483717918,-0.3496845066547394,-0.2154120802879333
1743715043472889000,8.59888916015625,-0.1430781721789389,5.102556948012113,-0.7302988724954426,1743715043472889000,8.59888916015625,0.0165153536945581,-0.4104921817779541,-0.2752650380134582
1743715043482852000,8.60885205078125,0.1024374611675739,3.756318280389905,-1.4352028992325068,1743715043482852000,8.60885205078125,-0.0784530490636825,-0.5109238028526306,-0.3505316376686096
1743715043492816100,8.618816162109376,0.0347686041075736,2.5273019706130024,-1.5933201620459556,1743715043492816100,8.618816162109376,-0.1212151572108268,-0.5782026648521423,-0.415872573852539
1743715043502779000,8.62877880859375,-0.1767078353844583,1.4065455445468424,-1.6589315751194953,1743715043502779000,8.62877880859375,-0.1355537474155426,-0.5968490242958069,-0.4411391913890838
1743715043512743200,8.6387431640625,-0.4443430922109633,0.3874146787434816,-1.6309306385159492,1743715043512743200,8.6387431640625,-0.1269983500242233,-0.5920286774635315,-0.4285506904125213
1743715043522706000,8.648705810546875,-0.7544049205522984,-0.3178840463995933,-1.4708976052090523,1743715043522706000,8.648705810546875,-0.103051945567131,-0.5727649927139282,-0.3988213837146759
1743715043532670000,8.658669921875,-1.0286298579674211,-0.6511299125820398,-1.1566809952758252,1743715043532670000,8.658669921875,-0.0618134327232837,-0.5521449446678162,-0.3595253825187683
1743715043542633000,8.668633056640624,-1.052932013118267,-0.6338625514388084,-0.7747618452087044,1743715043542633000,8.668633056640624,-0.0192281063646078,-0.5390768051147461,-0.3314087688922882
1743715043552597000,8.678596923828126,-0.7694587703645229,-0.3995873470962047,-0.3674787925107404,1743715043552597000,8.678596923828126,0.0377158671617507,-0.5264491438865662,-0.3312859833240509
1743715043562560000,8.68856005859375,-0.3787981685023754,0.0428472080796957,-0.0439333958812057,1743715043562560000,8.68856005859375,0.0904193595051765,-0.5114182829856873,-0.3488585948944092
1743715043572524000,8.69852392578125,-0.0809960657427087,0.6396452264934778,0.0315003230266273,1743715043572524000,8.69852392578125,0.1243898496031761,-0.5031089186668396,-0.3644106388092041
1743715043582487000,8.708487060546876,0.0818985310077667,1.2512263880193233,-0.0427551824146881,1743715043582487000,8.708487060546876,0.1441089659929275,-0.4908978343009949,-0.3733854591846466
1743715043592450000,8.718449951171875,0.0815395615022629,1.7682096959620712,-0.2178924074815586,1743715043592450000,8.718449951171875,0.147719144821167,-0.4530521631240845,-0.3697800934314728
1743715043602414000,8.7284140625,-0.0957750806689262,2.1635510760515926,-0.4422937584657221,1743715043602414000,8.7284140625,0.1231637671589851,-0.4526037275791168,-0.3548603057861328
1743715043612377000,8.738377197265624,0.0535305511901155,2.251227605938911,-0.6741789258666336,1743715043612377000,8.738377197265624,0.0756077021360397,-0.4992252886295318,-0.3348365426063537
1743715043622341000,8.748341064453125,0.3439583623221144,2.165618529975414,-0.6954128525532781,1743715043622341000,8.748341064453125,0.044677734375,-0.5157080888748169,-0.2964752614498138
1743715043632304000,8.75830419921875,0.3976934596410021,2.099150792333484,-0.4907580757748335,1743715043632304000,8.75830419921875,0.03521179407835,-0.5263609886169434,-0.2395299673080444
1743715043642268200,8.76826806640625,0.3934989305606111,2.022041249167919,-0.3912847616424784,1743715043642268200,8.76826806640625,0.0256792120635509,-0.5011494159698486,-0.2022406458854675
1743715043652231200,8.778231201171875,0.3603261077445,1.8669447954803704,-0.4260117185654118,1743715043652231200,8.778231201171875,0.014701928012073,-0.4419465363025665,-0.2162608653306961
1743715043662195200,8.7881953125,0.5581283882796764,1.569490373647213,-0.5269399076811969,1743715043662195200,8.7881953125,0.0035818521864712,-0.4016081392765045,-0.2468331307172775
1743715043672158200,8.798158203125,0.7041197444915771,1.2852256882548332,-0.592784362325631,1743715043672158200,8.798158203125,0.004616224206984,-0.3699791133403778,-0.2497650235891342
1743715043682122200,8.808122314453126,0.630045623499155,1.161087267410755,-0.6287240195065736,1743715043682122200,8.808122314453126,0.0268344283103942,-0.3429150581359863,-0.227925568819046
1743715043692085000,8.8180849609375,0.5681354030311108,1.103432366299629,-0.686825787602365,1743715043692085000,8.8180849609375,0.0431998185813427,-0.3763856589794159,-0.1556268632411956
1743715043702049000,8.828049072265625,0.6030173313200473,1.078894721892476,-0.8301834343098103,1743715043702049000,8.828049072265625,0.0631837472319603,-0.3661510944366455,-0.1130378022789955
1743715043712012000,8.838011962890626,0.8443816171407699,1.2077081488102674,-0.9079195849411188,1743715043712012000,8.838011962890626,0.0802652612328529,-0.3418385684490204,-0.0800047516822815
1743715043721976000,8.84797607421875,0.9318155704438684,1.3444804257780312,-0.9765558987937868,1743715043721976000,8.84797607421875,0.0778323113918304,-0.3310916423797607,-0.0345059633255004
1743715043731939000,8.85793896484375,0.8952256691932677,1.5837059460043903,-0.991381931199506,1743715043731939000,8.85793896484375,0.0594053752720356,-0.3022519946098327,0.0168624185025692
1743715043741903000,8.867903076171874,0.8079460296690464,1.789721270546317,-0.9937638578999788,1743715043741903000,8.867903076171874,0.0316073447465896,-0.2712799906730652,0.0766937732696533
1743715043751866000,8.8778662109375,0.6927110462486743,1.884894878190756,-0.9604327392496168,1743715043751866000,8.8778662109375,-0.0051852902397513,-0.2283034920692443,0.1403180360794067
1743715043761830100,8.887830078125,0.5544412241995335,1.938946201851964,-0.969707055812329,1743715043761830100,8.887830078125,-0.0461254864931106,-0.2074869126081466,0.2260723263025283
1743715043771793200,8.897793212890624,0.4804886837601661,1.8632354195684195,-0.9378856841377914,1743715043771793200,8.897793212890624,-0.0908796414732933,-0.2004910558462143,0.3118077218532562
1743715043781757200,8.907757080078126,0.4390098779568448,1.6063690287113188,-0.9999116399399935,1743715043781757200,8.907757080078126,-0.1307661980390548,-0.2268616557121276,0.3823796808719635
1743715043791720200,8.91772021484375,0.6425836180329323,1.2700737118303775,-1.1202173507533968,1743715043791720200,8.91772021484375,-0.1610788404941558,-0.2352884411811828,0.4088419377803802
1743715043801684200,8.927684326171875,0.7752560584664344,0.7900070528745651,-1.2157337804861366,1743715043801684200,8.927684326171875,-0.192412331700325,-0.2605394721031189,0.4350036978721618
1743715043811647200,8.937647216796876,0.6767804866671562,0.2439209845662117,-1.2763085145667197,1743715043811647200,8.937647216796876,-0.2232906222343444,-0.2890901565551758,0.4593409895896911
1743715043821611300,8.947611328125,0.7068085451841354,-0.4535053997665643,-1.3270663496404886,1743715043821611300,8.947611328125,-0.2507084310054779,-0.3030019402503967,0.4696853458881378
1743715043831574300,8.95757421875,0.8168587463777511,-1.2762152833253144,-1.34734545982033,1743715043831574300,8.95757421875,-0.2725431621074676,-0.2930840849876404,0.4659358561038971
1743715043841537300,8.967537353515626,1.038545760369301,-2.0959902824759484,-1.2624312342531978,1743715043841537300,8.967537353515626,-0.2805739641189575,-0.2462521344423294,0.4624500572681427
1743715043851501300,8.977501220703125,1.3311819682657715,-2.8782383917868137,-1.1177475265737622,1743715043851501300,8.977501220703125,-0.276764303445816,-0.1739726066589355,0.4866475462913513
1743715043861464000,8.987464111328125,1.5889771644055843,-3.4594489649683235,-0.9717680069301275,1743715043861464000,8.987464111328125,-0.2897407412528991,-0.1718764454126358,0.586357057094574
1743715043871428000,8.997427978515624,1.8676304396569727,-3.957154740989208,-0.8224708871711045,1743715043871428000,8.997427978515624,-0.3025998175144195,-0.2376029938459396,0.7243886590003967
1743715043881391000,9.00739111328125,0.7552865256924182,-4.505367299932241,-0.0821654017830267,1743715043881391000,9.00739111328125,-0.269585520029068,-0.4404088258743286,0.9750208854675292
1743715043891355100,9.017355224609377,-1.2257109115559608,-5.362684971013665,0.8176666286945342,1743715043891355100,9.017355224609377,-0.2299771010875702,-0.745682418346405,1.247060775756836
1743715043901318100,9.027318115234374,-1.3601602254688738,-7.091475095257163,0.5388632774479687,1743715043901318100,9.027318115234374,-0.2347210943698883,-0.7463988065719604,1.166319489479065
1743715043911282200,9.0372822265625,-0.3189046946842223,-8.95456379983127,-0.4256968073973431,1743715043911282200,9.0372822265625,-0.3044442534446716,-0.5177126526832581,0.7567485570907593
1743715043921245200,9.0472451171875,0.1035574051082134,-9.794493113738298,-1.0021233246400951,1743715043921245200,9.0472451171875,-0.3430901765823364,-0.3397176563739776,0.1864592134952545
1743715043931209000,9.057208984375,0.1664692768994718,-8.9421047157526,-0.2093472454436123,1743715043931209000,9.057208984375,-0.2588533163070678,-0.2882339656352997,-0.2725549638271332
1743715043941172200,9.067172119140626,-2.0462802028894425,-8.33480517706871,-0.468652882678993,1743715043941172200,9.067172119140626,-0.3920665383338928,0.0024021379649639,-0.4532492160797119
1743715043951136000,9.077135986328123,-2.440909781447798,-5.404831337347626,-0.6413374173641204,1743715043951136000,9.077135986328123,-0.2617109417915344,0.0680977925658226,-0.4443023204803467
1743715043961099300,9.087099365234376,-2.302674884581566,-0.3026893998771905,0.920891075521335,1743715043961099300,9.087099365234376,-0.1621473282575607,0.1349868327379226,-0.3441663980484009
1743715043971063000,9.09706298828125,-2.024068371081352,1.884493311652541,0.7611021531686186,1743715043971063000,9.09706298828125,-0.1089182049036026,0.2171011418104171,-0.2099321335554123
1743715043981026000,9.107026123046875,-2.158655705225468,4.202077596074343,1.054748707151413,1743715043981026000,9.107026123046875,-0.0173359923064708,0.3026022017002105,-0.053298532962799
1743715043990990000,9.116989990234377,-2.4304934552431106,6.021100948950648,1.297035368514061,1743715043990990000,9.116989990234377,0.0620259381830692,0.3591017127037048,0.0672617107629776
1743715044000952600,9.12695263671875,-2.1073183166980742,6.8023623853117225,0.9844780700951814,1743715044000952600,9.12695263671875,0.0728568956255912,0.38064906001091,0.0917529240250587
1743715044010916400,9.136916259765623,-1.2788752963148056,6.7508397033452985,0.4313792369479313,1743715044010916400,9.136916259765623,0.0409098751842975,0.3862563669681549,0.0240308661013841
1743715044020879400,9.14687939453125,-0.5315501779556274,6.047254796382784,-0.0502806140500353,1743715044020879400,9.14687939453125,0.0069959303364157,0.3484083116054535,-0.0563998147845268
1743715044030843100,9.156843017578124,-0.2333072360932827,4.7024055372923605,-0.1761609420914202,1743715044030843100,9.156843017578124,-0.0154079124331474,0.2918691337108612,-0.1265128552913665
1743715044040806400,9.166806396484375,0.0128138888657093,2.901535680744052,-0.1664055092145688,1743715044040806400,9.166806396484375,-0.0230685900896787,0.2355286180973053,-0.2362870275974273
1743715044050770200,9.176770263671877,0.1185094750463962,1.435840028092265,-0.1305910219164099,1743715044050770200,9.176770263671877,-0.0213615037500858,0.1949511021375656,-0.3036918938159942
1743715044060733400,9.1867333984375,-0.0710708475232124,0.2629308054625988,-0.1473817511243745,1743715044060733400,9.1867333984375,-0.0234543830156326,0.1674081534147262,-0.3056223690509796
1743715044070697200,9.196697265625,-0.2267829488910734,-0.5104828400075435,-0.0733134205519221,1743715044070697200,9.196697265625,-0.0081457355991005,0.1576316803693771,-0.2857951521873474
1743715044080660200,9.20666015625,-0.3162731040716171,-0.8837281236231327,0.2173090363693423,1743715044080660200,9.20666015625,0.0038266745395958,0.1922439932823181,-0.2711808383464813
1743715044090624300,9.216624267578124,-0.2999333791673183,-0.9549714051038026,0.4682980048267171,1743715044090624300,9.216624267578124,0.0098978830501437,0.2317461222410202,-0.2768285870552063
1743715044100587300,9.226587158203126,-0.2519183399956673,-0.6482581565380096,0.5837693542862311,1743715044100587300,9.226587158203126,0.0132283382117748,0.2530162334442138,-0.2784273028373718
1743715044110551300,9.23655126953125,-0.2494143212854862,0.0264116215854883,0.6571900163386016,1743715044110551300,9.23655126953125,0.0042694639414548,0.2665024995803833,-0.2595638632774353
1743715044120514300,9.246514404296876,-0.1796060410439968,0.4952203889459371,0.5207942445330321,1743715044120514300,9.246514404296876,-0.0213525854051113,0.2594075798988342,-0.2295686155557632
1743715044130478300,9.256478271484376,-0.1011165147621184,0.8035112620919942,0.2542478789217769,1743715044130478300,9.256478271484376,-0.0531025230884552,0.2398213595151901,-0.2041357010602951
1743715044140441300,9.26644140625,-0.1144143877524882,1.0111994882822035,-0.0333219489632174,1743715044140441300,9.26644140625,-0.0892650112509727,0.2256584018468856,-0.1849018335342407
1743715044150405400,9.2764052734375,-0.1448047767758369,1.1832932539999483,-0.2834146079016849,1743715044150405400,9.2764052734375,-0.1243689358234405,0.209174245595932,-0.1759799718856811
1743715044160368400,9.286368408203124,-0.1409375799536704,1.3317828567683696,-0.3888390489907935,1743715044160368400,9.286368408203124,-0.1583678871393203,0.2060455530881881,-0.1622924357652664
1743715044170332400,9.29633251953125,-0.213649838008359,1.4483721774071454,-0.3508149502186104,1743715044170332400,9.29633251953125,-0.1911577880382537,0.1662874966859817,-0.1402917951345443
1743715044180295400,9.30629541015625,0.1355599785685539,1.433738087376952,-0.2352730380072258,1743715044180295400,9.30629541015625,-0.2141057550907135,0.0940761491656303,-0.1342299133539199
1743715044190259500,9.316259521484374,0.5483611005682498,1.4078566271454096,-0.0728948480799794,1743715044190259500,9.316259521484374,-0.2071575671434402,0.044044405221939,-0.1021233797073364
1743715044200222500,9.326222412109376,0.6023883127015084,1.5400895071178673,0.0453578483269084,1743715044200222500,9.326222412109376,-0.1937997639179229,0.0140950316563248,-0.0460574030876159
1743715044210185200,9.336185302734377,0.5811994672656059,1.7049954071581364,0.0499756762867094,1743715044210185200,9.336185302734377,-0.1761637777090072,-0.0011270644608885,0.0065016783773899
1743715044220149200,9.346149169921874,0.528203205615282,1.8508780422985556,0.0033535208121407,1743715044220149200,9.346149169921874,-0.1556028872728347,-0.0226731020957231,0.0441073738038539
1743715044230112300,9.3561123046875,0.7815654608089476,1.804866817229986,-0.1126280249255243,1743715044230112300,9.3561123046875,-0.1302541196346283,-0.0318032167851924,0.0664097443222999
1743715044240076300,9.366076171875,1.0402491302210837,1.7574013016998766,-0.1288493750140071,1743715044240076300,9.366076171875,-0.0958131626248359,-0.0177127011120319,0.081674687564373
1743715044250039300,9.376039306640624,1.055827661494538,1.7987445349574087,-0.0888136898242402,1743715044250039300,9.376039306640624,-0.0642142221331596,0.0012870887294411,0.092924416065216
1743715044260003300,9.38600341796875,0.9913795200467108,1.901257983970642,0.0368551463243551,1743715044260003300,9.38600341796875,-0.0444391258060932,0.0122601129114627,0.0977202355861663
1743715044269966300,9.39596630859375,0.9459165034454315,1.9554186132252216,0.2339409308869391,1743715044269966300,9.39596630859375,-0.0279672089964151,0.0182796549052,0.1030830442905426
1743715044279930400,9.405930419921877,0.8963936169940978,1.974977300176024,0.4717939571836963,1743715044279930400,9.405930419921877,-0.0118450233712792,0.0135264443233609,0.1103814840316772
1743715044289893400,9.415893310546876,0.9702197545748203,1.933438836607337,0.6929208896070719,1743715044289893400,9.415893310546876,0.0155562404543161,0.0141019541770219,0.1218897998332977
1743715044299857400,9.425857421875,1.0775332973461598,1.8702450060695408,0.761180625232309,1743715044299857400,9.425857421875,0.0381511412560939,0.0083002597093582,0.1462273448705673
1743715044309820400,9.4358203125,1.0232604398887604,1.7280004351705311,0.7239185238085687,1743715044309820400,9.4358203125,0.0515926480293273,0.0272752828896045,0.1732041090726852
1743715044319784400,9.445784423828124,0.9032955053370444,1.5496031853944063,0.6695731856368482,1743715044319784400,9.445784423828124,0.0554498918354511,0.0311589650809764,0.2029769271612167
1743715044329747500,9.45574755859375,1.0067501076579093,1.204978431585431,0.4401845112267881,1743715044329747500,9.45574755859375,0.0555388405919075,0.0343286618590354,0.2363543212413787
1743715044339711500,9.46571142578125,1.0023335333246737,0.8162953403413296,0.3355784007832407,1743715044339711500,9.46571142578125,0.0537694208323955,0.0477067865431308,0.2782996296882629
1743715044349674500,9.475674560546874,0.9662041622579096,0.3196025407552719,0.3367645783605054,1743715044349674500,9.475674560546874,0.0545374751091003,0.0471280850470066,0.3176033496856689
1743715044359638500,9.485638427734376,1.2010089434325697,-0.4040098397135734,0.3152357238478958,1743715044359638500,9.485638427734376,0.0534737333655357,0.0389585718512535,0.3410966992378235
1743715044369601500,9.4956015625,1.5650892160788177,-1.2559481558442116,0.3327322175718843,1743715044369601500,9.4956015625,0.0578919164836406,0.0462321974337101,0.3453079462051391
1743715044379565600,9.505565673828125,1.8335235873937603,-2.1789006208747623,0.4629555112875997,1743715044379565600,9.505565673828125,0.0640882402658462,0.0541519038379192,0.3362089693546295
1743715044389528300,9.5155283203125,1.96592130253911,-3.102907563394308,0.6599672259669751,1743715044389528300,9.5155283203125,0.0775529220700264,0.0625046417117118,0.3264479637145996
1743715044399492400,9.525492431640624,2.0218916115641594,-3.690571258237958,0.9121914901066572,1743715044399492400,9.525492431640624,0.0939009264111518,0.0625871941447258,0.3597763776779175
1743715044409455400,9.535455322265625,2.0457554483629763,-3.775523916119337,1.0086507536474614,1743715044409455400,9.535455322265625,0.1043809950351715,0.0386805348098278,0.4638660252094269
1743715044419419400,9.54541943359375,1.7695349532164633,-3.762233641913533,1.0643396884478629,1743715044419419400,9.54541943359375,0.135611891746521,0.0567050762474536,0.6409134864807129
1743715044429382400,9.55538232421875,0.3208545135777443,-4.021089160761237,1.496146905016899,1743715044429382400,9.55538232421875,0.3079099059104919,0.2031642794609069,0.8596322536468506
1743715044439346400,9.565346435546877,-0.676657737070322,-4.745923776501417,1.5622395257361232,1743715044439346400,9.565346435546877,0.5590479969978333,0.353231281042099,0.938187301158905
1743715044449309400,9.575309326171874,0.6631248862802982,-6.6510337597250935,-0.0429304750495124,1743715044449309400,9.575309326171874,0.684818685054779,0.3682243525981903,0.643728494644165
1743715044459273200,9.585273193359376,1.506229907613993,-7.894560825413465,-2.0168981871910394,1743715044459273200,9.585273193359376,0.6326563358306885,0.2758475542068481,0.1286057382822036
1743715044469236500,9.595236572265623,0.3805282802306115,-7.873896223047375,-3.475177572236955,1743715044469236500,9.595236572265623,0.4043584764003753,0.1431307792663574,-0.3723172843456268
1743715044479200300,9.6052001953125,-0.2086884892739355,-6.71239920579195,-4.578012557165325,1743715044479200300,9.6052001953125,0.2187946587800979,0.0676770135760307,-0.6484993100166321
1743715044489163500,9.61516357421875,-0.983070833645761,-3.8467806416034698,-3.760237207399309,1743715044489163500,9.61516357421875,0.1408354043960571,0.106297381222248,-0.6808183789253235
1743715044499127300,9.625127197265623,-1.353656834924221,-1.2699965549409389,-2.139597076751292,1743715044499127300,9.625127197265623,0.0992293357849121,-0.0126410033553838,-0.4975635707378387
1743715044509090300,9.63509033203125,-1.7574831347644329,1.1957254500716925,-0.6264351048517972,1743715044509090300,9.63509033203125,0.1190182194113731,-0.2109719365835189,-0.2399274706840515
1743715044519054300,9.645054443359374,-2.3184698350846764,3.1925983557134865,0.3701450525779277,1743715044519054300,9.645054443359374,0.1618467569351196,-0.3458926975727081,-0.0767266303300857
1743715044529017300,9.655017333984375,-2.280917956934124,4.498436623886227,0.6583718465343117,1743715044529017300,9.655017333984375,0.1847384870052337,-0.4352374970912933,-0.0776851028203964
1743715044538981400,9.6649814453125,-1.6264871031105517,5.055331086456776,0.2523553431734442,1743715044538981400,9.6649814453125,0.1464904546737671,-0.5025216937065125,-0.1963811069726944
1743715044548944400,9.6749443359375,-0.95115272359848,4.883227968388796,-0.4629700147369876,1743715044548944400,9.6749443359375,0.0545807629823684,-0.5560786724090576,-0.3356575071811676
1743715044558908400,9.684908447265624,-0.5774092812024056,4.138153697696328,-0.954930342441052,1743715044558908400,9.684908447265624,-0.0338810794055461,-0.6421694159507751,-0.4363774359226227
1743715044568871200,9.69487109375,-0.3785468971550464,2.917422985705733,-1.0736416236698627,1743715044568871200,9.69487109375,-0.0911227986216545,-0.7296079397201538,-0.5044262409210205
1743715044578835500,9.70483544921875,-0.3768528065882623,1.5913655208468436,-1.1135756477165966,1743715044578835500,9.70483544921875,-0.1161969006061554,-0.8022993803024292,-0.512728214263916
1743715044588798200,9.714798095703124,-0.5833470006883144,0.3345113560736179,-1.136922913295403,1743715044588798200,9.714798095703124,-0.1114982888102531,-0.8476514220237732,-0.470517635345459
1743715044598762200,9.72476220703125,-0.8621009598352014,-0.6593962211459875,-1.1787364674784242,1743715044598762200,9.72476220703125,-0.0814933255314827,-0.8602548241615295,-0.3849635124206543
1743715044608725200,9.734725341796874,-1.1889549330234528,-1.3790221623271703,-1.186152296692878,1743715044608725200,9.734725341796874,-0.0468290895223617,-0.8531695008277893,-0.2959718406200409
1743715044618689300,9.744689208984376,-1.303309772608429,-1.5465379526048897,-1.089637065181136,1743715044618689300,9.744689208984376,-0.0128916408866643,-0.8508406281471252,-0.2452015876770019
1743715044628652300,9.75465234375,-1.0676222903151065,-1.1444476827770471,-0.8170415555987507,1743715044628652300,9.75465234375,0.0256291199475526,-0.8430694937705994,-0.2443102300167083
1743715044638616300,9.7646162109375,-0.718016167896986,-0.5587661016613245,-0.4970611579744145,1743715044638616300,9.7646162109375,0.0558399520814418,-0.8449270129203796,-0.270875334739685
1743715044648579300,9.774579345703126,-0.3811925162930041,0.1561445014357566,-0.2607427756327204,1743715044648579300,9.774579345703126,0.0734772682189941,-0.8580175042152405,-0.2920442819595337
1743715044658543400,9.78454345703125,-0.2320785710811614,0.863098592570424,-0.1123772559016943,1743715044658543400,9.78454345703125,0.0785851925611496,-0.8628876209259033,-0.2885293960571289
1743715044668506400,9.79450634765625,-0.231146843189001,1.4801163921922444,-0.0253971838459372,1743715044668506400,9.79450634765625,0.0711006447672844,-0.8510949015617371,-0.2716777324676513
1743715044678470400,9.804470458984374,-0.1911948450941592,1.9521569810807704,-0.0632609226909466,1743715044678470400,9.804470458984374,0.0465776212513446,-0.8227359652519226,-0.2563149929046631
1743715044688433400,9.814433349609375,-0.1197018997013568,2.196220004466176,-0.1365611184351146,1743715044688433400,9.814433349609375,0.0052110063843429,-0.7931117415428162,-0.2408414930105209
1743715044698397400,9.8243974609375,-0.0063503188747912,2.274558212643861,-0.1268447023943998,1743715044698397400,9.8243974609375,-0.0177888572216033,-0.748602569103241,-0.2286565154790878
1743715044708360400,9.8343603515625,0.0522925703603774,2.233837495198846,-0.1387086701241321,1743715044708360400,9.8343603515625,-0.0405349135398864,-0.7114410996437073,-0.2087216824293136
1743715044718324500,9.844324462890626,0.0576034631848335,2.1351935810953377,-0.2743416956625878,1743715044718324500,9.844324462890626,-0.0483264625072479,-0.6779651641845703,-0.1833521574735641
1743715044728287500,9.85428759765625,0.0567734055688604,2.002588360679149,-0.5086074745897203,1743715044728287500,9.85428759765625,-0.0583527311682701,-0.6564388275146484,-0.1711396872997284
1743715044738251500,9.86425146484375,0.0829225402932614,1.8359429234951732,-0.8090437617778777,1743715044738251500,9.86425146484375,-0.0645660683512687,-0.6224603652954102,-0.1620204448699951
1743715044748214500,9.874214599609376,-0.0356359615266323,1.796715074956417,-0.9416055814437568,1743715044748214500,9.874214599609376,-0.060564137995243,-0.6355090737342834,-0.1569556593894958
1743715044758178600,9.884178466796875,0.1921241253009065,1.6865326987504958,-1.0995000683519989,1743715044758178600,9.884178466796875,-0.0554090440273284,-0.6482506990432739,-0.1647132039070129
1743715044768141300,9.894141357421876,0.3837982052793726,1.599943964099884,-1.1086022432181983,1743715044768141300,9.894141357421876,-0.0350867286324501,-0.6430966854095459,-0.1529031544923782
1743715044778105300,9.904105224609374,0.3161608758687972,1.6249544867157937,-0.9900115196291356,1743715044778105300,9.904105224609374,-0.0158855430781841,-0.6369405388832092,-0.1208235546946525
1743715044788068400,9.914068359375,0.256875231750682,1.6418202813208105,-0.8532712452348321,1743715044788068400,9.914068359375,-0.0014834338799118,-0.6221762299537659,-0.0881819874048233
1743715044798032400,9.924032470703125,0.3035047713806852,1.615734822949767,-0.8156161989707499,1743715044798032400,9.924032470703125,0.0107921101152896,-0.6080918312072754,-0.073338858783245
1743715044807995400,9.933995361328124,0.6500175674259662,1.4565689278662204,-0.8408191023536026,1743715044807995400,9.933995361328124,0.0224889796227216,-0.5588931441307068,-0.0700306817889213
1743715044817959400,9.94395947265625,0.8748808003008365,1.3098714692115785,-0.8508581196784972,1743715044817959400,9.94395947265625,0.0280730668455362,-0.4984644055366516,-0.0334145687520504
1743715044827922400,9.95392236328125,0.7992728208046406,1.2779682644724846,-0.8821915617056191,1743715044827922400,9.95392236328125,0.028709826990962,-0.4391994774341583,0.034815352410078
1743715044837886200,9.96388623046875,0.6938521060425787,1.311084352132678,-0.8370363689444958,1743715044837886200,9.96388623046875,0.0136953182518482,-0.3883890509605407,0.1123306602239608
1743715044847849500,9.973849365234376,0.7430044786810874,1.2750205205827951,-0.7090859155315905,1743715044847849500,9.973849365234376,-0.0119461296126246,-0.3216758072376251,0.171116217970848
1743715044857813200,9.983813232421875,0.7792448358416557,1.090092407733202,-0.5679242079658433,1743715044857813200,9.983813232421875,-0.034351710230112,-0.2661512792110443,0.2191711068153381
1743715044867776500,9.993776611328125,0.9175860426265746,0.6522498565226793,-0.4477346708780154,1743715044867776500,9.993776611328125,-0.0763843804597854,-0.263962984085083,0.287322461605072
1743715044877740300,10.003740234375,1.0124200430531054,0.1496335121065378,-0.3119691232673823,1743715044877740300,10.003740234375,-0.092031754553318,-0.248317152261734,0.3432461619377136
1743715044887703300,10.013703369140623,0.9765490306615828,-0.2382873625934123,-0.1184990175844635,1743715044887703300,10.013703369140623,-0.1087462827563285,-0.230311781167984,0.3782092034816742
1743715044897667300,10.023667236328125,1.0363631556332111,-0.8259586562216281,-0.0253491251868195,1743715044897667300,10.023667236328125,-0.1180048733949661,-0.198648139834404,0.3906826972961426
1743715044907630300,10.03363037109375,1.2058371673066168,-1.539062502157688,0.0564094356612535,1743715044907630300,10.03363037109375,-0.1093141809105873,-0.1556620597839355,0.3859055042266845
1743715044917594400,10.043594482421875,1.3806184916079045,-2.2378122440487145,0.0524794849343365,1743715044917594400,10.043594482421875,-0.0824097990989685,-0.0846861451864242,0.3916381597518921
1743715044927557400,10.053557373046877,1.4013351164221763,-2.8021424095779657,-0.2131042050906456,1743715044927557400,10.053557373046877,-0.0626576691865921,0.0157184936106205,0.408976674079895
1743715044937521400,10.063521484375,1.289862115883827,-3.127295570197701,-0.5333363307200372,1743715044937521400,10.063521484375,-0.0632243081927299,0.0441043190658092,0.4922852218151092
1743715044947484400,10.073484375,0.6378654304046183,-3.3236598538190125,-0.4451081948319449,1743715044947484400,10.073484375,-0.0464035160839557,-0.1124171167612075,0.6803687810897827
1743715044957448400,10.083448486328123,-0.7836066112477332,-3.7429374052912,0.4925911364208906,1743715044957448400,10.083448486328123,0.0371206998825073,-0.3748192489147186,0.9228902459144592
1743715044967411200,10.0934111328125,-1.2431145393647254,-4.81759025183022,1.2758872204147278,1743715044967411200,10.0934111328125,0.1422833353281021,-0.5979615449905396,0.9592173099517822
1743715044977375200,10.103375244140626,0.1179331364631652,-6.62921998732388,0.95685999532938,1743715044977375200,10.103375244140626,0.2201849818229675,-0.4900384545326233,0.5787610411643982
1743715044987338200,10.113338134765623,0.5663469121791422,-7.710542813146114,0.3042569414548575,1743715044987338200,10.113338134765623,0.2877475321292877,-0.3177785277366638,0.0760453939437866
1743715044997302300,10.12330224609375,-0.3719184189260006,-7.865165804103016,-0.934216786366701,1743715044997302300,10.12330224609375,0.1970349550247192,-0.2359470576047897,-0.3534146249294281
1743715045007265800,10.133265869140626,-1.3806255058705803,-7.127340189364552,-2.4490488103702663,1743715045007265800,10.133265869140626,0.0344226099550724,-0.197072371840477,-0.6039032936096191
1743715045017229800,10.143229736328124,-2.811625108194351,-3.9224680430114263,-1.9167247254326936,1743715045017229800,10.143229736328124,0.0138500342145562,-0.0518206171691417,-0.5477572679519653
1743715045027192800,10.15319287109375,-3.606998072016239,-0.6567670416861772,-0.5781762835195288,1743715045027192800,10.15319287109375,-0.0331893786787986,0.0574201196432113,-0.3832108676433563
1743715045037156900,10.163156982421874,-2.7487480885207654,1.6098896040529012,0.4207180326040834,1743715045037156900,10.163156982421874,-0.0274253990501165,0.0929740741848945,-0.2339068204164505
1743715045047120000,10.173119873046875,-2.2513807506740093,3.595063888594508,1.2573545155107977,1743715045047120000,10.173119873046875,0.01339100766927,0.1190227195620536,-0.091304138302803
1743715045057084000,10.183083984375,-1.975445648340136,4.91969921169579,1.4973907675981522,1743715045057084000,10.183083984375,0.0747167244553566,0.1973558813333511,0.0322851575911045
1743715045067047000,10.193046875,-1.4660615633547305,5.396969517931342,1.1304193035550414,1743715045067047000,10.193046875,0.0987227261066436,0.2860258221626282,0.0773919150233268
1743715045077011000,10.203010986328126,-0.7510531989715993,4.932164725515246,0.4148534148870035,1743715045077011000,10.203010986328126,0.0685090571641922,0.3096912205219269,0.0517728552222251
1743715045086974000,10.212973876953123,-0.2046972276806831,3.5643349883317947,0.0579223564082756,1743715045086974000,10.212973876953123,0.006337562110275,0.2640723288059234,-0.0174195300787687
1743715045096938000,10.22293798828125,-0.0105811613775789,1.624462903806567,-0.0389151567272376,1743715045096938000,10.22293798828125,-0.0196643695235252,0.2013431638479232,-0.0746570080518722
1743715045106900700,10.232900634765626,-0.2670494197625667,0.3823375216096639,0.1059509035154711,1743715045106900700,10.232900634765626,-0.001914667780511,0.1841434091329574,-0.0780024677515029
1743715045116864800,10.24286474609375,-0.5353532235004007,-0.4766390225946903,0.2658753162155859,1743715045116864800,10.24286474609375,0.031556986272335,0.2272568196058273,-0.0370492041110992
1743715045126827800,10.252827880859376,-0.5968412730336189,-0.9289373846590518,0.2676982207938097,1743715045126827800,10.252827880859376,0.044594757258892,0.2839464545249939,0.0082210730761289
1743715045136791800,10.262791748046874,-0.4461446617402136,-0.9397872799754142,0.3022731289601885,1743715045136791800,10.262791748046874,0.044084545224905,0.3183664679527282,0.0165019370615482
1743715045146754800,10.2727548828125,-0.2930021185994148,-0.4209457769453525,0.2973706708061508,1743715045146754800,10.2727548828125,0.0499956980347633,0.3612212538719177,0.0161653142422437
1743715045156718800,10.28271875,-0.3449708638329058,0.2817541638761758,0.2274577794127166,1743715045156718800,10.28271875,0.053249966353178,0.387114942073822,0.0240474343299865
1743715045166681900,10.292681884765624,-0.3670541738905012,0.6880582520067692,0.114595918331854,1743715045166681900,10.292681884765624,0.0636088624596595,0.3824679851531982,0.0345448143780231
1743715045176645600,10.302645751953126,-0.3394190749246626,0.930291137355566,-0.0513898676333017,1743715045176645600,10.302645751953126,0.0740271210670471,0.3548126518726349,0.03526147082448
1743715045186609000,10.31260888671875,-0.3125006728608161,1.0829337681502105,-0.3248599132942035,1743715045186609000,10.31260888671875,0.077169120311737,0.3054959774017334,0.0195584073662757
1743715045196572700,10.32257275390625,-0.2201192532181739,1.2238099733054637,-0.6138651808097958,1743715045196572700,10.32257275390625,0.0716382339596748,0.250578910112381,-0.0059056766331195
1743715045206536000,10.332535888671876,-0.1493630246020853,1.349061323827505,-0.8540615918949246,1743715045206536000,10.332535888671876,0.0555886924266815,0.2133274227380752,-0.0237943977117538
1743715045216499700,10.342499755859375,-0.0668658701140433,1.462971780645847,-0.9003506840568035,1743715045216499700,10.342499755859375,0.0378149300813674,0.1841830909252166,-0.0344866812229156
1743715045226462700,10.352462646484376,-0.0040156653821468,1.5332453403115271,-0.6238221458744257,1743715045226462700,10.352462646484376,0.0301157366484403,0.1483510583639145,-0.030743071809411
1743715045236426800,10.3624267578125,0.0574329289235174,1.574727105256915,-0.201537174480874,1743715045236426800,10.3624267578125,0.0245498791337013,0.0884648486971855,-0.0209000669419765
1743715045246389800,10.3723896484375,0.1646514868877828,1.6690864739090203,0.1357043006763793,1743715045246389800,10.3723896484375,0.0234481319785118,0.0213004630059003,-0.0090170418843626
1743715045256353800,10.382353759765625,0.3309399273276329,1.7418880907475949,0.332004633949697,1743715045256353800,10.382353759765625,0.0308590680360794,-0.0276527106761932,0.0097033977508544
1743715045266316800,10.39231689453125,0.5153976461865007,1.8015964172571897,0.3531813870890066,1743715045266316800,10.39231689453125,0.0374397374689579,-0.0589352659881114,0.0347949042916297
1743715045276280800,10.40228076171875,0.5680148453913628,1.8967863915145395,0.3381149335235357,1743715045276280800,10.40228076171875,0.0478820353746414,-0.0670744776725769,0.0628010258078575
1743715045286243600,10.41224365234375,0.5311655625522136,1.9809148735314608,0.3442293247506022,1743715045286243600,10.41224365234375,0.0507981963455677,-0.0761103108525276,0.0889884233474731
1743715045296208000,10.422207763671874,0.4952057758986949,2.013808258351684,0.3433743518890813,1743715045296208000,10.422207763671874,0.0543837882578372,-0.072624996304512,0.1004809960722923
1743715045306170600,10.432170654296876,0.426927773964405,1.9768717356204983,0.5051110838413239,1743715045306170600,10.432170654296876,0.0668330043554306,-0.048226710408926,0.1059812232851982
1743715045316134700,10.442134765625,0.3531936985813081,1.951885178402066,0.6694834615267813,1743715045316134700,10.442134765625,0.0780123695731163,-0.0706369280815124,0.0948995128273963
1743715045326097700,10.45209765625,0.6432511420309543,1.808873714783788,0.61504153111279,1743715045326097700,10.45209765625,0.0827410817146301,-0.0941140204668045,0.0982502996921539
1743715045336061700,10.462061767578126,0.5625695125322788,1.827060528859496,0.6849617472961544,1743715045336061700,10.462061767578126,0.0954605787992477,-0.1171730384230613,0.1352584362030029
1743715045346024700,10.472024658203123,0.3018786680161953,1.883583211070299,0.8120756037544459,1743715045346024700,10.472024658203123,0.1055510267615318,-0.1150457039475441,0.1630676984786987
1743715045355988700,10.48198876953125,0.3980780385117977,1.572038304564357,0.7097477404411882,1743715045355988700,10.48198876953125,0.1083807796239852,-0.1063028052449226,0.1763073205947876
1743715045365951700,10.49195166015625,0.7859142306029796,1.133916351890564,0.4694091444063931,1743715045365951700,10.49195166015625,0.1143494546413421,-0.0914466306567192,0.1802344173192978
1743715045375915800,10.501915771484375,1.021799135164544,0.7054922018885612,0.3504334035551175,1743715045375915800,10.501915771484375,0.1309696286916732,-0.0616844445466995,0.1977941989898681
1743715045385878800,10.511878662109376,0.9811305132329464,0.2492863109916448,0.2598480735490098,1743715045385878800,10.511878662109376,0.1507095098495483,-0.0232752673327922,0.2305319011211395
1743715045395842800,10.5218427734375,1.0008522817909715,-0.3296446268200874,0.0924968261832371,1743715045395842800,10.5218427734375,0.1643093079328537,-0.0015076450072228,0.2578703165054321
1743715045405805800,10.531805908203124,1.186389028058201,-1.0136644170910118,0.0462581855669617,1743715045405805800,10.531805908203124,0.1756224185228347,0.0048780823126435,0.2684968709945678
1743715045415769900,10.541769775390623,1.368276896429062,-1.7062451149582862,0.1687051096601411,1743715045415769900,10.541769775390623,0.1863529533147812,-0.0013886272208765,0.2662608921527862
1743715045425732900,10.55173291015625,1.5158242499113082,-2.3016285903990266,0.3524881806604564,1743715045425732900,10.55173291015625,0.2040110379457473,-0.0197274200618267,0.2824465334415436
1743715045435697000,10.56169677734375,1.6157038432896136,-2.7271751391381023,0.6054314797896891,1743715045435697000,10.56169677734375,0.2272567003965377,-0.053661685436964,0.3347821831703186
1743715045445660000,10.571659912109377,1.639519603163004,-2.8698388122320173,0.8579410636767745,1743715045445660000,10.571659912109377,0.2385975122451782,-0.1052098274230957,0.4480208456516266
1743715045455624000,10.5816240234375,1.0796364801704883,-3.0038498077929017,1.0466489873260258,1743715045455624000,10.5816240234375,0.2790767848491668,-0.0835517719388008,0.5877684354782104
1743715045465587000,10.5915869140625,-0.2400852057956159,-3.6528128977298735,1.3576964657038448,1743715045465587000,10.5915869140625,0.4419051110744476,0.0095283724367618,0.6976456642150879
1743715045475551000,10.601551025390624,-0.1516390067100524,-5.3040504112154245,0.7782805208541452,1743715045475551000,10.601551025390624,0.6367855072021484,0.0496601834893226,0.6592984795570374
1743715045485513700,10.611513671875,1.2143291743852198,-7.771314969494939,-0.9193532714948056,1743715045485513700,10.611513671875,0.7594680190086365,0.0722411274909973,0.3827438354492187
1743715045495477800,10.621477783203124,0.893417012336105,-8.763854765492678,-2.3427120036765934,1743715045495477800,10.621477783203124,0.7462878823280334,0.0643926933407783,-0.008169250562787
1743715045505440800,10.631440673828124,-0.3460115319922566,-8.115567967382074,-3.690816757431626,1743715045505440800,10.631440673828124,0.5422298312187195,0.0344720818102359,-0.3971044719219208
1743715045515404800,10.64140478515625,-1.2139606333337722,-6.049058630934358,-4.421291132624448,1743715045515404800,10.64140478515625,0.3971561193466186,0.1594524383544922,-0.590319812297821
1743715045525367800,10.651367919921874,-2.014303348392248,-3.146565503334999,-3.218677676604688,1743715045525367800,10.651367919921874,0.2800968885421753,0.2483223974704742,-0.5405285358428955
1743715045535331800,10.661331787109376,-1.916771194922924,-0.6497247219592333,-1.7499468940407037,1743715045535331800,10.661331787109376,0.2014874070882797,0.0716317668557167,-0.309647649526596
1743715045545294800,10.671294921875,-1.8732757520675656,1.4950889203965665,-0.6046640025485307,1743715045545294800,10.671294921875,0.1545023322105407,-0.1728599965572357,-0.0923190712928772
1743715045555258600,10.681258544921874,-1.869932432989031,3.2643899187266823,0.1379958274133503,1743715045555258600,10.681258544921874,0.1581256240606308,-0.3218513429164886,0.0057875080965459
1743715045565222000,10.691221923828126,-1.6869161451101302,4.478150207182765,0.4142777704235166,1743715045565222000,10.691221923828126,0.1691282093524933,-0.3895339667797088,-0.0253331270068883
1743715045575185700,10.701185546875,-1.2224467221282422,4.8253445192188025,0.0867610955428332,1743715045575185700,10.701185546875,0.1430316120386123,-0.4380152523517608,-0.1351751834154129
1743715045585149000,10.71114892578125,-0.5993757599473,4.398546509113908,-0.5639564368460327,1743715045585149000,10.71114892578125,0.0664929002523422,-0.5015279054641724,-0.2327917516231537
1743715045595112700,10.72111279296875,-0.2638122644722461,3.430236314487457,-1.0453536868184805,1743715045595112700,10.72111279296875,-0.0296139847487211,-0.5799952745437622,-0.2927893102169037
1743715045605075700,10.73107568359375,-0.2699963599346578,2.3559271668195723,-1.0213017070364203,1743715045605075700,10.73107568359375,-0.0925332903861999,-0.641725480556488,-0.2886241376399994
1743715045615039700,10.741039794921877,-0.52995545611009,1.3422528128564355,-0.744587437023595,1743715045615039700,10.741039794921877,-0.1182153895497322,-0.6564146876335144,-0.2458678781986236
1743715045625002800,10.751002685546876,-0.6861876358292996,0.4127069409102201,-0.4285440500546246,1743715045625002800,10.751002685546876,-0.1204942539334297,-0.6590331196784973,-0.1881521195173263
1743715045634966800,10.760966796875,-0.780693281084299,-0.2479910104840993,-0.0961319312825799,1743715045634966800,10.760966796875,-0.0852469950914383,-0.6499874591827393,-0.1253033578395843
1743715045644929800,10.7709296875,-0.7790719634927809,-0.6491741023391485,0.173688414498046,1743715045644929800,10.7709296875,-0.0389085188508033,-0.6292555332183838,-0.0909283533692359
1743715045654893800,10.780893798828124,-0.5735821241296828,-0.569052517876029,0.1569159972649067,1743715045654893800,10.780893798828124,-0.0017016057390719,-0.6028215289115906,-0.0983654707670211
1743715045664856600,10.790856689453124,-0.3467047018881887,-0.1203559796959161,0.0537046291153877,1743715045664856600,10.790856689453124,0.026770781725645,-0.5799897313117981,-0.1332486271858215
1743715045674820900,10.80082080078125,-0.2243032609045505,0.4502864377200603,0.0903181304372847,1743715045674820900,10.80082080078125,0.0436081178486347,-0.5635359287261963,-0.1766110062599182
1743715045684785000,10.810784912109376,-0.1265676938176155,1.0152543166309596,0.1267628510635346,1743715045684785000,10.810784912109376,0.0403667837381362,-0.5381280183792114,-0.2230565398931503
1743715045694747600,10.82074755859375,-0.062547495458275,1.518141294682026,0.1784909194089472,1743715045694747600,10.82074755859375,0.0283707045018672,-0.5032269954681396,-0.248340368270874
1743715045704711700,10.830711669921875,-0.0583924216054379,1.923037269580364,0.2206854357335716,1743715045704711700,10.830711669921875,0.0032477746717631,-0.4623202979564667,-0.2554691433906555
1743715045714674700,10.8406748046875,-0.0628898791551589,2.192974154412746,0.2625171100951731,1743715045714674700,10.8406748046875,-0.0315580479800701,-0.4144587516784668,-0.2481060326099395
1743715045724638700,10.850638671875,-0.0387877035558223,2.2947692260235546,0.3281907747499644,1743715045724638700,10.850638671875,-0.0618176832795143,-0.3496161103248596,-0.2271485477685928
1743715045734601700,10.860601806640624,-0.0244295078575611,2.210049207854271,0.4032060490500181,1743715045734601700,10.860601806640624,-0.0853268951177597,-0.2795554995536804,-0.2076334506273269
1743715045744565800,10.870565673828125,0.0323287366747856,1.984710174161196,0.3380116923447698,1743715045744565800,10.870565673828125,-0.1003612354397773,-0.2137440294027328,-0.1873699873685836
1743715045754528800,10.88052880859375,0.065440659616515,1.6923691498190163,0.129535238386318,1743715045754528800,10.88052880859375,-0.1140238344669342,-0.1616597920656204,-0.1706714034080505
1743715045764492800,10.890492919921876,0.1264111880816519,1.429064250347018,-0.1055397380318492,1743715045764492800,10.890492919921876,-0.1234948337078094,-0.122721716761589,-0.1564003229141235
1743715045774455800,10.900455810546877,0.1643102722346782,1.245985564756393,-0.2963580048985779,1743715045774455800,10.900455810546877,-0.1290152668952942,-0.0970368683338165,-0.1399585008621215
1743715045784419800,10.910419921875,0.1188110883414745,1.1618605898708103,-0.4365165633037686,1743715045784419800,10.910419921875,-0.1240383461117744,-0.065983347594738,-0.1171024516224861
1743715045794382800,10.9203828125,0.0965734645050019,1.204342471769452,-0.5171580069225281,1743715045794382800,10.9203828125,-0.112630009651184,-0.0290844645351171,-0.1033671870827674
1743715045804347000,10.930346923828123,0.2733773076098412,1.2591940058976412,-0.5618927823144942,1743715045804347000,10.930346923828123,-0.1041073650121688,-0.0080082071945071,-0.0927345156669616
1743715045814310000,10.940309814453125,0.4558416606944054,1.2622206602424382,-0.5452557549640537,1743715045814310000,10.940309814453125,-0.0982802659273147,0.0033717355690896,-0.077038899064064
1743715045824274000,10.95027392578125,0.5882943208973854,1.274711308503151,-0.4541320072323083,1743715045824274000,10.95027392578125,-0.0887639969587326,0.0211115851998329,-0.0508152842521667
1743715045834237000,10.96023681640625,0.7194867519062011,1.2703192110240458,-0.4152311986908316,1743715045834237000,10.96023681640625,-0.0909384191036224,0.0371334515511989,-0.032669860869646
1743715045844201000,10.970200927734377,0.7459140825174748,1.3442705824196337,-0.4210924919396638,1743715045844201000,10.970200927734377,-0.0921182036399841,0.0902366191148758,-0.0019084853120148
1743715045854164000,10.9801640625,0.5999439152240753,1.3955313985794782,-0.3938711614064872,1743715045854164000,10.9801640625,-0.1160821244120597,0.1242313310503959,0.0571926496922969
1743715045864128000,10.9901279296875,0.4049894984006881,1.364526019462943,-0.493893670386821,1743715045864128000,10.9901279296875,-0.1437486261129379,0.2140363305807113,0.1154554262757301
1743715045874091000,11.000091064453123,0.0287654912352561,1.2485568765491246,-0.4740811548054218,1743715045874091000,11.000091064453123,-0.1748386472463607,0.245493859052658,0.1679995954036712
1743715045884054800,11.0100546875,0.385187065821886,0.8267425000756978,-0.6539949466243385,1743715045884054800,11.0100546875,-0.2214341014623642,0.2332624942064285,0.2169572860002517
1743715045894017800,11.020017822265626,0.7016727897308767,0.3963946885347366,-0.8545249716229736,1743715045894017800,11.020017822265626,-0.259052038192749,0.2097720652818679,0.2914632260799408
1743715045903981600,11.029981689453123,0.3767114253561943,0.2058738702446222,-0.7434379016622901,1743715045903981600,11.029981689453123,-0.2681930661201477,0.2076146304607391,0.3587607741355896
1743715045913944800,11.03994482421875,0.0808592510879039,-0.0588268674999475,-0.6011810923362151,1743715045913944800,11.03994482421875,-0.2795857787132263,0.2004246562719345,0.3684650361537933
1743715045923908600,11.04990869140625,0.4009085126973688,-0.6873550721734761,-0.6925097515229135,1743715045923908600,11.04990869140625,-0.2831235229969024,0.1766711324453354,0.318092405796051
1743715045933871900,11.059871826171875,0.7879656832400709,-1.328743927463889,-0.8052258839901536,1743715045933871900,11.059871826171875,-0.2779994904994964,0.1550991833209991,0.2390506416559219
1743715045943835600,11.069835693359376,0.7761141366004943,-1.7946271627664565,-0.8491330494515598,1743715045943835600,11.069835693359376,-0.2609922885894775,0.1462082266807556,0.1969346106052398
1743715045953798700,11.079798583984376,0.617790537559986,-2.149238473060727,-0.9083934860631824,1743715045953798700,11.079798583984376,-0.2501806914806366,0.1563657969236374,0.2181693315505981
1743715045963762700,11.0897626953125,0.8455613284446298,-2.3308535158395767,-1.0166108458064496,1743715045963762700,11.0897626953125,-0.2516094744205475,0.1996272504329681,0.3004705905914306
1743715045973725700,11.0997255859375,1.1459307609416545,-2.2046306899368764,-1.0168394669305532,1743715045973725700,11.0997255859375,-0.2803095877170563,0.2782152593135834,0.4338568747043609
1743715045983689700,11.109689697265624,1.3793909956395625,-2.128081703263521,-0.7896746060498059,1743715045983689700,11.109689697265624,-0.3361842930316925,0.3007186949253082,0.5906795263290405
1743715045993652700,11.11965283203125,0.526884524232149,-2.599977915245294,0.007277662852779,1743715045993652700,11.11965283203125,-0.3648020029067993,0.2720638811588287,0.7355437874794006
1743715046003617500,11.129617431640623,-0.6751159144558012,-3.6052158647745847,0.9121089263897388,1743715046003617500,11.129617431640623,-0.3512720763683319,0.1402073204517364,0.8024799227714539
1743715046013580300,11.139580322265624,0.049085956338793,-5.414207652980089,0.9911273719165472,1743715046013580300,11.139580322265624,-0.2759140729904175,0.0147285368293523,0.6609970331192017
1743715046023544300,11.14954443359375,0.5785517292357981,-7.098123447230458,0.709930330466479,1743715046023544300,11.14954443359375,-0.1879634410142898,-0.0320538841187953,0.4083317816257477
1743715046033507300,11.15950732421875,-0.4591045349478721,-7.619579516673087,0.124945572508499,1743715046033507300,11.15950732421875,-0.1659678220748901,0.0130291944369673,0.1702648699283599
1743715046043471400,11.169471435546876,-1.129161850839853,-7.02459994585812,-0.9726900902111084,1743715046043471400,11.169471435546876,-0.1846663951873779,0.2138919830322265,-0.0849184319376945
1743715046053435400,11.179435302734374,-1.1966986790180203,-4.712165883806348,-1.3772019611626862,1743715046053435400,11.179435302734374,-0.1465794295072555,0.430975466966629,-0.2678127884864807
1743715046063398400,11.1893984375,-1.2994026821672915,-2.134806627604365,-0.9923827788051216,1743715046063398400,11.1893984375,-0.1813118457794189,0.4876051843166351,-0.36600062251091
1743715046073362400,11.199362548828123,-1.7234747744396328,0.5116232422143221,-0.048666963741742,1743715046073362400,11.199362548828123,-0.2350388318300247,0.3831465244293213,-0.3344360888004303
1743715046083325400,11.209325439453124,-2.4026119072355328,2.611188460567593,0.7729135139282792,1743715046083325400,11.209325439453124,-0.2303346246480941,0.3056099116802215,-0.2221228778362274
1743715046093289500,11.21928955078125,-2.897760253858566,4.189182458665967,1.481707022384554,1743715046093289500,11.21928955078125,-0.183229312300682,0.3027136921882629,-0.1309016048908233
1743715046103252500,11.22925244140625,-2.7047999334618447,5.468395170241594,1.811258125702292,1743715046103252500,11.22925244140625,-0.1412866562604904,0.3776001930236816,-0.1087779253721237
1743715046113216500,11.239216552734376,-2.08799066202417,6.135873575556277,1.5341303064525127,1743715046113216500,11.239216552734376,-0.1331153661012649,0.4790506064891815,-0.1527884900569915
1743715046123179500,11.249179443359376,-1.414083684966713,6.007214462417363,0.9876561886746436,1743715046123179500,11.249179443359376,-0.1561397314071655,0.5641375780105591,-0.2299218922853469
1743715046133143600,11.2591435546875,-1.0009928593054414,5.17093373414576,0.751571231496334,1743715046133143600,11.2591435546875,-0.1565624475479126,0.5989293456077576,-0.3174874782562256
1743715046143106600,11.2691064453125,-0.6538135987080633,3.6659371677190062,0.9518712471313774,1743715046143106600,11.2691064453125,-0.1634501814842224,0.5685871839523315,-0.4024923741817474
1743715046153070300,11.2790703125,-0.2912979450300336,1.6869237438946962,1.0148287846952675,1743715046153070300,11.2790703125,-0.1302670240402221,0.5652675628662109,-0.5145922303199768
1743715046163033600,11.28903369140625,-0.5077322261251509,0.2138449952542781,1.0925459383651617,1743715046163033600,11.28903369140625,-0.0810174569487571,0.6025499701499939,-0.5518040657043457
1743715046172997400,11.298997314453125,-0.9505775540590286,-1.164869708558917,1.0620562536858025,1743715046172997400,11.298997314453125,-0.0507040135562419,0.616101086139679,-0.4911369681358337
1743715046182960400,11.30896044921875,-1.0704933887720107,-2.31907949141562,1.034654598149657,1743715046182960400,11.30896044921875,-0.0351551473140716,0.6188212633132935,-0.3881330788135528
1743715046192924400,11.31892431640625,-0.913252324271202,-3.047349926823377,1.1153542016964406,1743715046192924400,11.31892431640625,-0.0255512557923793,0.6177201271057129,-0.3074684143066406
1743715046202887400,11.328887451171877,-0.6726233669877052,-3.254655875697732,1.2327407371275123,1743715046202887400,11.328887451171877,-0.0134908640757203,0.6378254294395447,-0.2627054750919342
1743715046212851500,11.3388515625,-0.6342917366363108,-2.7054291712760925,1.1840019137259572,1743715046212851500,11.3388515625,0.0170552842319011,0.678080677986145,-0.2047159075736999
1743715046222814200,11.348814208984376,-0.7156535304188728,-1.7468793231636284,0.9207622615098952,1743715046222814200,11.348814208984376,0.0194563902914524,0.6900888681411743,-0.1260852813720703
1743715046232778200,11.3587783203125,-0.5602196614705026,-1.024804235264659,0.4179133869795128,1743715046232778200,11.3587783203125,-0.008868534117937,0.6558432579040527,-0.0624178685247898
1743715046242741200,11.3687412109375,-0.3343044353246688,-0.3030728462368249,-0.0399511578446254,1743715046242741200,11.3687412109375,-0.0524128153920173,0.6019419431686401,-0.0260271057486534
1743715046252705300,11.378705322265626,-0.2054968536257743,0.365015215408802,-0.3135883950322866,1743715046252705300,11.378705322265626,-0.0884330794215202,0.5567664504051208,-0.0059889168478548
1743715046262668300,11.388668212890623,-0.1404595871783792,0.9292933584898708,-0.3903018150197341,1743715046262668300,11.388668212890623,-0.0992412492632865,0.5095003843307495,-0.0006103969644755
1743715046272632300,11.39863232421875,-0.0573299069404602,1.3548901761114596,-0.4393978908937424,1743715046272632300,11.39863232421875,-0.1048595532774925,0.4533497989177704,-0.0063583068549633
1743715046282595300,11.40859521484375,0.0385936422884464,1.6748101122528314,-0.4303149687172845,1743715046282595300,11.40859521484375,-0.1080430969595909,0.3905681669712066,-0.0237114652991294
1743715046292559400,11.418559326171875,0.1991090522848069,1.919513187107444,-0.3675248236095532,1743715046292559400,11.418559326171875,-0.1119417399168014,0.3223994672298431,-0.0418598167598247
1743715046302522400,11.4285224609375,0.2618259860258549,2.069586844196916,-0.2652219851396977,1743715046302522400,11.4285224609375,-0.1087315678596496,0.2610210478305816,-0.0442832931876182
1743715046312486400,11.438486328125,0.3254115192949772,2.1645459323078398,-0.1422151895408984,1743715046312486400,11.438486328125,-0.0943845435976982,0.2110471278429031,-0.0363960973918437
1743715046322450400,11.448450439453126,0.3955576531887054,2.253399104759097,0.0235579126548022,1743715046322450400,11.448450439453126,-0.0711146369576454,0.1714935898780822,-0.0264819506555795
1743715046332413400,11.458413330078123,0.4686649749755859,2.224179440015554,0.1365615568265318,1743715046332413400,11.458413330078123,-0.0402941443026065,0.1329699009656906,-0.0142005179077386
1743715046342377500,11.46837744140625,0.5015361479640007,2.196163890364766,0.3111473220231011,1743715046342377500,11.46837744140625,-0.0055657243356108,0.1140172556042671,-0.0038781051989644
1743715046352340500,11.478340576171876,0.492389549434185,2.1447639579951763,0.5069178044697269,1743715046352340500,11.478340576171876,0.0289654284715652,0.0999299511313438,0.0163387302309274
1743715046362304500,11.488304443359375,0.4624737191200256,2.044511439651251,0.6632846799518912,1743715046362304500,11.488304443359375,0.0539924837648868,0.0933703184127807,0.0310902465134859
1743715046372267500,11.498267578125,0.4791219985168427,1.856268503165245,0.8179458109620958,1743715046372267500,11.498267578125,0.0725223943591117,0.0861100181937217,0.0410259589552879
1743715046382231600,11.5082314453125,0.55464105762057,1.6586153487771749,1.019685723207146,1743715046382231600,11.5082314453125,0.0881503596901893,0.0860407724976539,0.051839455962181
1743715046392194600,11.518194580078124,0.5980768061779439,1.5286679493933917,1.1441918083198368,1743715046392194600,11.518194580078124,0.0983387380838394,0.0933300927281379,0.0803675204515457
1743715046402158600,11.52815869140625,0.4939583331208675,1.4801561396807432,1.2714644355364144,1743715046402158600,11.52815869140625,0.0972188785672187,0.1051297560334205,0.1256897300481796
1743715046412121600,11.53812158203125,0.3362368646919727,1.4750859968096015,1.3445713189318775,1743715046412121600,11.53812158203125,0.0894170328974723,0.1094501465559005,0.180586576461792
1743715046422085600,11.548085693359376,0.2970167610682547,1.3716226997256278,1.3485071970760822,1743715046422085600,11.548085693359376,0.0788570716977119,0.1392554491758346,0.2452726364135742
1743715046432048400,11.55804833984375,0.2437210780799388,1.1985562895834443,1.2934269687585531,1743715046432048400,11.55804833984375,0.0684322938323021,0.1388563513755798,0.3083929121494293
1743715046442012400,11.568012451171874,0.4329543407775461,0.8573433900445699,1.1539693982295691,1743715046442012400,11.568012451171874,0.0526591911911964,0.1301520764827728,0.3601067066192627
1743715046451975400,11.577975341796876,0.5329238043963909,0.4195727350264787,1.032630910302326,1743715046451975400,11.577975341796876,0.0551750995218753,0.1176437065005302,0.4250151515007019
1743715046461939500,11.587939453125,0.5287655156731605,-0.1203600713491439,0.8779336120001971,1743715046461939500,11.587939453125,0.0701921284198761,0.1301701664924621,0.4690161645412445
1743715046471902500,11.59790234375,0.5423452743448317,-0.8074901025950908,0.7006652201235294,1743715046471902500,11.59790234375,0.0898572728037834,0.1543545722961425,0.4718855023384094
1743715046481866200,11.6078662109375,0.837702870029211,-1.5942156495809554,0.3437953172475099,1743715046481866200,11.6078662109375,0.1035941243171691,0.1842267215251922,0.4450200498104095
1743715046491829500,11.61782958984375,1.0191232670187949,-2.243302073636651,0.1082760311279445,1743715046491829500,11.61782958984375,0.1101231127977371,0.2039201855659485,0.3990629911422729
1743715046501793300,11.627793212890625,1.0740801612176,-2.729686245176196,0.1238890857255086,1743715046501793300,11.627793212890625,0.1049781516194343,0.1950798332691192,0.3764666020870209
1743715046511756500,11.637756591796874,0.9254713159836828,-2.9008967983186245,0.3487347098784521,1743715046511756500,11.637756591796874,0.0999989584088325,0.1609213799238205,0.4200457334518432
1743715046521720300,11.64772021484375,0.4161373537503182,-3.0550662002891302,0.7508622064441443,1743715046521720300,11.64772021484375,0.1373593658208847,0.14475679397583,0.5312156677246094
1743715046531683300,11.657683349609377,-0.7766821457467973,-3.5866368365108965,1.3163777823656797,1743715046531683300,11.657683349609377,0.2985641062259674,0.2470539212226867,0.6597855687141418
1743715046541647400,11.6676474609375,-1.0290027098678052,-4.682727607876062,1.366512224844098,1743715046541647400,11.6676474609375,0.4974769353866577,0.332807719707489,0.7149673104286194
1743715046551611400,11.677611328125,0.4931995506428182,-6.756996472409367,0.0529789086567237,1743715046551611400,11.677611328125,0.5978113412857056,0.3713811933994293,0.5573294758796692
1743715046561574400,11.687574462890623,1.147571952277422,-8.175968952330946,-1.3477929113268852,1743715046561574400,11.687574462890623,0.569240152835846,0.4071389138698578,0.2430538833141327
1743715046571538400,11.697538330078125,0.3994119905292987,-8.256050789305567,-2.489176530358195,1743715046571538400,11.697538330078125,0.3725389838218689,0.3821282982826233,-0.1140312328934669
1743715046581501400,11.70750146484375,-0.0838696849502623,-6.842990163776278,-3.4011066661149263,1743715046581501400,11.70750146484375,0.228492870926857,0.4021249115467071,-0.327962726354599
1743715046591465500,11.717465576171875,-1.0104569993518293,-3.724888538381457,-2.2920526605412364,1743715046591465500,11.717465576171875,0.1297615319490432,0.4966575503349304,-0.4190108478069305
1743715046601428500,11.727428466796876,-0.9148691118180752,-1.1253630430787802,-0.9993872507397084,1743715046601428500,11.727428466796876,0.0222273543477058,0.3732029795646667,-0.3689681589603424
1743715046611392500,11.737392578125,-0.9424073993459344,1.3644243126541375,0.0629848274296149,1743715046611392500,11.737392578125,-0.032547477632761,0.1686093807220459,-0.1941018402576446
1743715046621355500,11.74735546875,-1.4386907413482666,3.5317736119449137,0.8845455044206232,1743715046621355500,11.74735546875,-0.0412237904965877,0.0229491163045167,-0.0084302397444844
1743715046631319600,11.757319580078123,-1.9022715449273584,5.208674558997154,1.1878296553205698,1743715046631319600,11.757319580078123,-0.0287645421922206,-0.0551783964037895,0.108695276081562
1743715046641282300,11.7672822265625,-2.0339703180231155,6.001337679338455,0.7692283226095139,1743715046641282300,11.7672822265625,-0.0549135841429233,-0.0670949816703796,0.1299798041582107
1743715046651246300,11.777246337890626,-1.702523902478069,5.8503206039190285,-0.1715913691535592,1743715046651246300,11.777246337890626,-0.1343197524547577,-0.0720368102192878,0.0802120268344879
1743715046661209300,11.787209228515623,-1.0364121093414724,4.830286651796103,-1.019241778831929,1743715046661209300,11.787209228515623,-0.2447996586561203,-0.10242560505867,-0.0232105012983083
1743715046671173400,11.79717333984375,-0.4769651858091354,3.457301431545615,-1.2745296683259308,1743715046671173400,11.79717333984375,-0.3136557638645172,-0.1102664321660995,-0.1384210139513015
1743715046681136400,11.807136474609376,-0.2275358130849897,2.171058090680837,-1.1241404424812644,1743715046681136400,11.807136474609376,-0.3236183822154999,-0.1660450249910354,-0.2247921228408813
1743715046691100400,11.817100341796875,-0.2967641014814376,0.7969418205738067,-0.9388594976060092,1743715046691100400,11.817100341796875,-0.2931497991085052,-0.2367498725652694,-0.2515693604946136
1743715046701063400,11.8270634765625,-0.4019219275236129,-0.3982376860529184,-0.709180681142956,1743715046701063400,11.8270634765625,-0.2355736047029495,-0.3230080604553222,-0.2285663038492202
1743715046711027500,11.83702734375,-0.6593067892968654,-1.448259364682436,-0.5085716360913589,1743715046711027500,11.83702734375,-0.1494021713733673,-0.3450755178928375,-0.1968683302402496
1743715046720990500,11.846990478515623,-1.107009640264511,-1.997449244225025,-0.2055469398451969,1743715046720990500,11.846990478515623,-0.0597196780145168,-0.3294174671173095,-0.1860321909189224
1743715046730954500,11.85695458984375,-1.2683937959194185,-2.174313877606392,-0.1291221640734002,1743715046730954500,11.85695458984375,-0.0208209827542305,-0.3203611075878143,-0.2055283784866333
1743715046740918300,11.866918212890624,-0.8995372487820684,-2.010301711535454,-0.1255155909487977,1743715046740918300,11.866918212890624,0.003162647364661,-0.3146310746669769,-0.2613572776317596
1743715046750881500,11.876881591796876,-0.3997181338690221,-1.4249024544924496,0.1051385733524337,1743715046750881500,11.876881591796876,0.0304903145879507,-0.2757219970226288,-0.3038387298583984
1743715046760845300,11.88684521484375,-0.1068039858140051,-0.692219463339448,0.3148263758620247,1743715046760845300,11.88684521484375,0.0564707778394222,-0.2248441725969314,-0.3153252005577087
1743715046770808600,11.89680859375,0.0780829182423651,0.0916372502118349,0.4878426997847855,1743715046770808600,11.89680859375,0.0613686218857765,-0.1848472654819488,-0.3050634860992431
1743715046780772400,11.9067724609375,0.1255133624590933,0.8454308339327573,0.6457536263711751,1743715046780772400,11.9067724609375,0.04120609536767,-0.1514440327882766,-0.2842943072319031
1743715046790735400,11.9167353515625,0.1281225220441818,1.413937408363819,0.7228115124147385,1743715046790735400,11.9167353515625,-0.0020217280834913,-0.1130646541714668,-0.2483181953430175
1743715046800699400,11.926699462890625,0.0713747989058494,1.809560528004169,0.738482617342472,1743715046800699400,11.926699462890625,-0.0539677515625953,-0.0527983866631984,-0.2153690457344055
1743715046810662400,11.936662353515626,0.0309036723077297,1.9627128618866203,0.7578925434723496,1743715046810662400,11.936662353515626,-0.1017562001943588,0.0235435459762811,-0.1943431347608566
1743715046820626400,11.94662646484375,0.0490017851866781,1.9340835642516607,0.691675711851567,1743715046820626400,11.94662646484375,-0.1483335644006729,0.098670519888401,-0.1754956692457199
1743715046830589400,11.95658935546875,0.1023017059586942,1.7950117781698702,0.4846770022954791,1743715046830589400,11.95658935546875,-0.1856951266527176,0.156711921095848,-0.1530899256467819
1743715046840553500,11.966553466796874,0.1980874541521072,1.596905619317293,0.1921609136473387,1743715046840553500,11.966553466796874,-0.2154343873262405,0.1983512341976165,-0.1307113766670227
1743715046850516200,11.97651611328125,0.2346646420516073,1.4970330402016638,-0.0183251631004735,1743715046850516200,11.97651611328125,-0.226898968219757,0.2235056757926941,-0.114020861685276
1743715046860480300,11.986480224609377,0.2251647731047123,1.5038468118697403,-0.2145743324421346,1743715046860480300,11.986480224609377,-0.2359619736671447,0.2312991470098495,-0.1109004393219947
1743715046870443300,11.996443359375,0.3081926004033535,1.5239531958311796,-0.3541341577691957,1743715046870443300,11.996443359375,-0.2308946251869201,0.2457653731107711,-0.1171750649809837
1743715046880407300,12.0064072265625,0.3649695496361702,1.528346462354064,-0.3920760946832597,1743715046880407300,12.0064072265625,-0.2146405577659607,0.2611014544963836,-0.1230862140655517
1743715046890370300,12.016370361328123,0.391803780547902,1.4758546430945396,-0.474746304183267,1743715046890370300,12.016370361328123,-0.1970241814851761,0.2818416059017181,-0.1284918934106826
1743715046900334300,12.026334228515625,0.3775578861176967,1.446325766271353,-0.5882107342671603,1743715046900334300,12.026334228515625,-0.1827927827835083,0.3031346201896667,-0.1254356503486633
1743715046910297300,12.03629736328125,0.2994832973122596,1.4165508057326075,-0.8021523948289454,1743715046910297300,12.03629736328125,-0.1935812830924987,0.3008308410644531,-0.0911222323775291
1743715046920261400,12.046261474609375,0.1807892594791948,1.4707172802060842,-0.8711387642282992,1743715046920261400,12.046261474609375,-0.1965395212173462,0.3319637477397918,-0.0558436065912246
1743715046930225400,12.056225341796877,0.0655018152192234,1.5994488740593191,-0.7936805537555366,1743715046930225400,12.056225341796877,-0.2033648043870926,0.3695786297321319,-0.019997363910079
1743715046940188400,12.0661884765625,0.0393660879656672,1.6031921522408723,-0.7370259887933731,1743715046940188400,12.0661884765625,-0.2176010012626648,0.4023973047733307,0.0278713572770357
1743715046950152400,12.07615234375,0.1003111166633665,1.446360253062844,-0.7056882359173149,1743715046950152400,12.07615234375,-0.2302810996770858,0.4167922735214233,0.0790037363767623
1743715046960115500,12.086115478515625,0.1119510663788765,1.1105191096901892,-0.6677903208080679,1743715046960115500,12.086115478515625,-0.23139189183712,0.435228019952774,0.1083578914403915
1743715046970079500,12.09607958984375,-0.0042610184453427,0.7033493446409702,-0.6115640642605722,1743715046970079500,12.09607958984375,-0.2294256687164306,0.4310606122016907,0.1135889291763305
1743715046980042500,12.10604248046875,0.0519381308995187,0.1913631143331527,-0.6739453363064676,1743715046980042500,12.10604248046875,-0.2348712980747223,0.4068833589553833,0.1150137186050415
1743715046990006500,12.116006591796875,-0.0611653934501111,-0.2512006201803684,-0.7160797199416905,1743715046990006500,12.116006591796875,-0.2330908924341201,0.4145000874996185,0.1332792341709137
1743715046999969500,12.125969482421874,-0.3001845774494111,-0.6016951428055763,-0.7073663251973689,1743715046999969500,12.125969482421874,-0.2380470335483551,0.3929146528244018,0.1406508684158325
1743715047009933000,12.13593310546875,0.0643218847196549,-1.0256149671256545,-0.6880611746162175,1743715047009933000,12.13593310546875,-0.2327918261289596,0.3987405896186828,0.1199466213583946
1743715047019896000,12.14589599609375,0.3362473860859871,-1.3073679619580507,-0.5641704083902761,1743715047019896000,12.14589599609375,-0.2170829027891159,0.4129051566123962,0.1104487255215644
1743715047029860000,12.155860107421876,0.2723777021132409,-1.3413076409608125,-0.5279647937495261,1743715047029860000,12.155860107421876,-0.2055400311946869,0.4375793039798736,0.1355996280908584
1743715047039823000,12.165822998046876,0.1357258366547525,-1.2720201697230338,-0.4985903037704527,1743715047039823000,12.165822998046876,-0.2071645557880401,0.4360213577747345,0.2028473764657974
1743715047049787100,12.175787109375,-0.0736591104507446,-1.4273305584222078,-0.4190012552814557,1743715047049787100,12.175787109375,-0.2209571897983551,0.3480241894721985,0.3125530481338501
1743715047059750100,12.185750244140625,-0.506723049082607,-2.099648220461607,-0.0622668747188756,1743715047059750100,12.185750244140625,-0.2223124802112579,0.2378918230533599,0.4113736450672149
1743715047069714200,12.195714111328124,-0.6375158132493496,-3.2893191927999257,0.1802855842733755,1743715047069714200,12.195714111328124,-0.2016318589448928,0.0726636350154876,0.4427790343761444
1743715047079678000,12.205677978515626,0.1763116756737232,-4.9742678372293705,0.0276027219330426,1743715047079678000,12.205677978515626,-0.1513798683881759,-0.049475323408842,0.3551389276981354
1743715047089641200,12.21564111328125,0.5213103773616254,-6.43729280936718,-0.2346446952421218,1743715047089641200,12.21564111328125,-0.1042705774307251,-0.0471597202122211,0.1774166226387024
1743715047099605000,12.22560498046875,0.1724783811211586,-7.42800129828453,-0.9041887278497218,1743715047099605000,12.22560498046875,-0.1360732465982437,0.0489369854331016,-0.060488075017929
1743715047109568000,12.235568115234376,-0.1248269876301288,-7.840338236838579,-1.5533527471862731,1743715047109568000,12.235568115234376,-0.2424997985363006,0.1666204780340194,-0.3027345240116119
1743715047119532000,12.245531982421875,-0.6624154228366911,-6.919784065121412,-1.0346475108217448,1743715047119532000,12.245531982421875,-0.3130477368831634,0.2792569994926452,-0.4146797060966491
1743715047129494800,12.255494873046874,-1.3891548492848873,-3.718286948159337,0.0209895234715193,1743715047129494800,12.255494873046874,-0.3745844960212707,0.3645221889019012,-0.3525857627391815
1743715047139458800,12.265458740234376,-0.9846187937401234,-1.4670944135338069,0.6100413116727024,1743715047139458800,12.265458740234376,-0.4267707467079162,0.392378032207489,-0.275441437959671
1743715047149421800,12.275421875,-0.4821370354890823,0.4943634798556566,1.1262553157433868,1743715047149421800,12.275421875,-0.4498529136180877,0.4210121929645538,-0.1600146293640136
1743715047159385900,12.2853857421875,-0.6619935441628098,2.335321016642451,1.5578089959427714,1743715047159385900,12.2853857421875,-0.4302065074443817,0.4971303939819336,0.0052054831758141
1743715047169348900,12.295348876953126,-1.107849013698101,3.8659623119354247,1.7331003886580467,1743715047169348900,12.295348876953126,-0.4078565239906311,0.5884063243865967,0.1624872237443924
1743715047179313000,12.30531298828125,-1.492754339969158,4.886196170544624,1.5639990827545522,1743715047179313000,12.30531298828125,-0.4064314663410187,0.668913722038269,0.2605288326740265
1743715047189276000,12.31527587890625,-1.8698058839999137,5.3068508555889125,1.3257193189457055,1743715047189276000,12.31527587890625,-0.407916396856308,0.7409035563468933,0.2634558081626892
1743715047199240000,12.325239990234374,-1.9224936642229555,5.147424848264455,1.183858998123929,1743715047199240000,12.325239990234374,-0.4010560810565948,0.7769680619239807,0.1567493677139282
1743715047209204000,12.335203857421876,-1.606793245472759,4.431778916630148,1.2743076961383222,1743715047209204000,12.335203857421876,-0.3524942398071289,0.7527552247047424,-0.0104746567085385
1743715047219167000,12.3451669921875,-1.344865771833807,3.3864649773001667,1.4987540187753736,1743715047219167000,12.3451669921875,-0.2800402641296386,0.68935626745224,-0.1324426382780075
1743715047229131000,12.355131103515625,-1.0675298627912997,1.9531261183738708,1.5344890567623075,1743715047229131000,12.355131103515625,-0.2082811146974563,0.5832429528236389,-0.240471675992012
1743715047239094000,12.365093994140626,-0.8096144012726842,0.944957376089692,1.4717445774272084,1743715047239094000,12.365093994140626,-0.116507776081562,0.5476436614990234,-0.331427127122879
1743715047249058000,12.37505810546875,-0.903026698333025,0.1947609400779008,1.430325356324017,1743715047249058000,12.37505810546875,-0.0583855547010898,0.5826138854026794,-0.3759464025497436
1743715047259021000,12.38502099609375,-1.008430169699341,-0.5372101034134626,1.3028414244443178,1743715047259021000,12.38502099609375,-0.0490469150245189,0.6022584438323975,-0.372039794921875
1743715047268985000,12.394985107421874,-1.0966964821733534,-1.311502285283804,1.2223162276163697,1743715047268985000,12.394985107421874,-0.0577225163578987,0.6455588340759277,-0.3536927700042724
1743715047278948000,12.404947998046875,-1.5036463208615778,-1.9217986676961183,1.4548194538503885,1743715047278948000,12.404947998046875,-0.0757382661104202,0.7228315472602844,-0.3265000581741333
1743715047288912100,12.414912109375,-1.7360780892945824,-2.301786411309242,1.6202898559056222,1743715047288912100,12.414912109375,-0.1163857206702232,0.7828295230865479,-0.3260272741317749
1743715047298875100,12.424875244140624,-1.498879983242601,-2.122995778301358,1.5952026147916911,1743715047298875100,12.424875244140624,-0.1447222828865051,0.8384490609169006,-0.3501579165458679
1743715047308839200,12.434839111328126,-1.1846296902354807,-1.5198860925227402,1.4977446956023572,1743715047308839200,12.434839111328126,-0.1676754653453827,0.90303635597229,-0.3481768071651459
1743715047318802200,12.44480224609375,-0.9893709567032754,-1.0201607933729886,1.3051727900013326,1743715047318802200,12.44480224609375,-0.1758588254451751,0.9552319049835204,-0.3057380020618438
1743715047328766200,12.45476611328125,-0.8370387070320546,-0.4296826256304979,1.1570547239590436,1743715047328766200,12.45476611328125,-0.1822849810123443,0.9983235597610474,-0.251957893371582
1743715047338730000,12.46472998046875,-0.6290542743742465,0.1115361289024352,0.9532796526245771,1743715047338730000,12.46472998046875,-0.1919333487749099,1.022559642791748,-0.2062985450029373
1743715047348693000,12.47469287109375,-0.3913808058954775,0.5817471642762422,0.7444572347726672,1743715047348693000,12.47469287109375,-0.2112862169742584,1.026364803314209,-0.1742748171091079
1743715047358656800,12.48465673828125,-0.2580618111867457,0.973657985395193,0.6670623718596994,1743715047358656800,12.48465673828125,-0.2177337259054184,1.0231133699417114,-0.1329343020915985
1743715047368620000,12.4946201171875,-0.1731354567904025,1.250208735409379,0.6753161132030189,1743715047368620000,12.4946201171875,-0.2022259831428527,1.015058517456055,-0.0916827023029327
1743715047378583800,12.504583740234375,-0.1086602812051773,1.4769137967586516,0.6594310001984238,1743715047378583800,12.504583740234375,-0.1741789132356643,1.009372353553772,-0.0532967001199722
1743715047388546800,12.514546875,-0.0217428991220891,1.654793744662404,0.5913073485756293,1743715047388546800,12.514546875,-0.1438957154750824,0.9967898726463318,-0.022954573854804
1743715047398510800,12.5245107421875,-0.0010262743078172,1.8066361649900675,0.5466028221914544,1743715047398510800,12.5245107421875,-0.1088335961103439,0.9885396361351012,0.0090797906741499
1743715047408473900,12.534473876953124,-0.0919255656339228,1.8949556689560407,0.5777152418790384,1743715047408473900,12.534473876953124,-0.0683885589241981,0.9840078949928284,0.0335007794201374
1743715047418438000,12.54443798828125,-0.0924539003569632,1.8329121774971484,0.6339107014294714,1743715047418438000,12.54443798828125,-0.0337301790714263,0.974557101726532,0.0437603406608104
1743715047428401000,12.55440087890625,-0.0574772795218974,1.6718319732248783,0.7525891763672232,1743715047428401000,12.55440087890625,0.0032278602011501,0.9670693278312684,0.0382918342947959
1743715047438365000,12.564364990234376,-0.0183306064605712,1.49215403598845,0.8922110706124454,1743715047438365000,12.564364990234376,0.0403315536677837,0.9594920873641968,0.0361836776137352
1743715047448329000,12.574328857421875,-0.047848012041673,1.3783014468371868,1.0151958644419907,1743715047448329000,12.574328857421875,0.0695927441120147,0.9491844177246094,0.0436128005385398
1743715047458292000,12.5842919921875,-0.1646026793099939,1.2716069127470253,1.1346423280775546,1743715047458292000,12.5842919921875,0.0908594131469726,0.938834547996521,0.0617135092616081
1743715047468256000,12.594256103515624,-0.3134872727453708,1.1979109774172303,1.1577654295116662,1743715047468256000,12.594256103515624,0.0941882207989692,0.9300585985183716,0.090857058763504
1743715047478219000,12.604218994140624,-0.4435294377405196,1.1959627659589052,1.203202215693146,1743715047478219000,12.604218994140624,0.0945474803447723,0.924439013004303,0.1268451511859893
1743715047488183000,12.61418310546875,-0.4667547574400901,1.137865966299176,1.2635653528496622,1743715047488183000,12.61418310546875,0.0844859108328819,0.916119396686554,0.1650233715772628
1743715047498146000,12.62414599609375,-0.4023252476274967,1.0566688615590334,1.4035562996029851,1743715047498146000,12.62414599609375,0.078377678990364,0.9166618585586548,0.2041681110858917
1743715047508110000,12.634110107421876,-0.3125777566850185,0.973296166345477,1.5824644215106962,1743715047508110000,12.634110107421876,0.0810893401503562,0.9277145266532898,0.2451701611280441
1743715047518073000,12.644072998046877,-0.1489011792439967,0.8029156342864036,1.7119284212917087,1743715047518073000,12.644072998046877,0.0816491395235061,0.9524486064910888,0.2761791944503784
1743715047528037000,12.654037109375,-0.05464461337924,0.5767991864800452,1.7205936660453676,1743715047528037000,12.654037109375,0.0910604745149612,0.9845699667930604,0.295801967382431
1743715047538000100,12.664000244140626,0.0084239833436906,0.2841051109164953,1.6253203974187374,1743715047538000100,12.664000244140626,0.1026936918497085,1.0188685655593872,0.3112112581729889
1743715047547964200,12.673964111328123,-0.1190649169720709,-0.0322433964788913,1.5053839583091435,1743715047547964200,12.673964111328123,0.1226666271686554,1.0769765377044678,0.3303563892841339
1743715047557928200,12.68392822265625,-0.2812448991797864,-0.3829027542769909,1.3543223130956292,1743715047557928200,12.68392822265625,0.1330484300851822,1.0754293203353882,0.324148029088974
1743715047567891000,12.693890869140626,0.0749639094389975,-0.9236538912981748,1.1022012170694768,1743715047567891000,12.693890869140626,0.1430281847715377,1.0954172611236572,0.3082471191883087
1743715047577855200,12.703855224609375,0.1094704285442829,-1.3623352314203976,0.9807295312166212,1743715047577855200,12.703855224609375,0.1551844477653503,1.1004236936569214,0.325263112783432
1743715047587818000,12.71381787109375,0.0349086701653897,-1.6451894654929635,0.9819256091333926,1743715047587818000,12.71381787109375,0.1521489918231964,1.100194811820984,0.3597865402698517
1743715047597782000,12.723781982421874,0.1730151183463633,-2.053206787282228,0.914132248910889,1743715047597782000,12.723781982421874,0.1590052992105484,1.1515754461288452,0.3935519456863403
1743715047607745000,12.7337451171875,0.1600302568279206,-2.5028444057047365,0.9507690580431372,1743715047607745000,12.7337451171875,0.1968483626842498,1.219831109046936,0.4181669950485229
1743715047617708800,12.743708740234377,0.3448794592224061,-3.139135645595193,0.860614009213075,1743715047617708800,12.743708740234377,0.25522381067276,1.2839308977127075,0.4364474713802337
1743715047627672000,12.753672119140624,0.4269968936778605,-3.844250830864906,0.5809154992250726,1743715047627672000,12.753672119140624,0.3438245952129364,1.3642021417617798,0.4436503052711487
1743715047637635800,12.7636357421875,0.0361573550522327,-4.34072677282989,0.3540786281896755,1743715047637635800,12.7636357421875,0.4660269320011139,1.4486595392227173,0.4220896065235138
1743715047647599000,12.77359912109375,-0.2027284118257462,-4.933328508597612,-0.0257920831813476,1743715047647599000,12.77359912109375,0.5486897826194763,1.4713473320007324,0.3289943635463714
1743715047657563000,12.78356298828125,0.278979584596306,-5.662927562260627,-0.9586782967977224,1743715047657563000,12.78356298828125,0.5092140436172485,1.4451706409454346,0.1436439305543899
1743715047667527000,12.79352685546875,0.6090120416902005,-5.730574280554056,-1.859435150502622,1743715047667527000,12.79352685546875,0.4183500111103058,1.4401276111602783,-0.0087496731430292
1743715047677490000,12.803489990234375,-0.0098994627237319,-3.840652514111996,-1.5294535468131305,1743715047677490000,12.803489990234375,0.3439817726612091,1.4867169857025146,0.0141556430608034
1743715047687454000,12.813453857421877,-0.7420226280368865,-1.88490598410666,-0.6297251593731343,1743715047687454000,12.813453857421877,0.2471553534269333,1.5318074226379397,0.123550072312355
1743715047697417000,12.8234169921875,-0.7434231424845754,-0.3152753252059221,0.2916335701925679,1743715047697417000,12.8234169921875,0.1505420058965683,1.5722246170043943,0.2133694440126419
1743715047707381000,12.833381103515626,-0.625302812886238,1.279877312964201,1.11448823251687,1743715047707381000,12.833381103515626,0.0669438764452934,1.588165521621704,0.2511085569858551
1743715047717344000,12.843343994140625,-0.7046364618420601,2.7777503111213444,1.5872203838661312,1743715047717344000,12.843343994140625,-0.0175220053642988,1.59064519405365,0.2721989154815674
1743715047727308000,12.85330810546875,-1.1595194335721433,4.10178240763247,1.7995745560407637,1743715047727308000,12.85330810546875,-0.0800973698496818,1.602971076965332,0.2952384650707245
1743715047737271000,12.86327099609375,-1.7078515272416173,5.004292388615012,1.6342258806690573,1743715047737271000,12.86327099609375,-0.1456169933080673,1.6233735084533691,0.2977119982242584
1743715047747235000,12.873235107421875,-2.0127613796472548,5.296246459466219,1.0705657233558594,1743715047747235000,12.873235107421875,-0.2155878543853759,1.639922022819519,0.2463718503713607
1743715047757199000,12.88319921875,-1.954387370481342,5.1321711650311945,0.4936289550360292,1743715047757199000,12.88319921875,-0.2817820608615875,1.6480656862258911,0.130896121263504
1743715047767162000,12.893162109375,-1.6326314510844646,4.597933355426788,0.0227231788637116,1743715047767162000,12.893162109375,-0.3204193115234375,1.653283953666687,-0.0005553581286221
1743715047777126100,12.903126220703124,-1.3513451969809829,3.88055431638956,-0.2049484259627759,1743715047777126100,12.903126220703124,-0.3361665904521942,1.6320072412490845,-0.1212026849389076
1743715047787089200,12.913089111328125,-1.1617923469401896,2.9094384166926144,-0.2977202696951106,1743715047787089200,12.913089111328125,-0.346317857503891,1.6007452011108398,-0.2184296399354934
1743715047797053200,12.92305322265625,-0.9845945360817014,1.7546493726432322,-0.3455373386092484,1743715047797053200,12.92305322265625,-0.3310456871986389,1.5928709506988523,-0.3102895319461822
1743715047807016000,12.933015869140624,-0.8604360953629017,0.4667021504700183,-0.2033154544660821,1743715047807016000,12.933015869140624,-0.2918904721736908,1.6047903299331665,-0.371531069278717
1743715047816980000,12.94297998046875,-0.751151544779539,-0.9554641570568084,-0.0062452875977382,1743715047816980000,12.94297998046875,-0.2739500999450683,1.6188912391662598,-0.3993422091007232
1743715047826943000,12.95294287109375,-0.8223181077621877,-2.3632038798242805,0.1789005961883813,1743715047826943000,12.95294287109375,-0.2661344408988952,1.6819405555725098,-0.4124534428119659
1743715047836907000,12.962906982421876,-1.0737431843481955,-3.465426870334148,0.6023820656238124,1743715047836907000,12.962906982421876,-0.2645954191684723,1.7685399055480957,-0.4226930439472198
1743715047846870800,12.972870849609375,-1.1605704039297997,-4.139693912875652,1.3016574753567576,1743715047846870800,12.972870849609375,-0.2611615657806396,1.851572036743164,-0.443611592054367
1743715047856834000,12.982833984375,-1.022979942446947,-3.958206295868754,2.2684062658853827,1743715047856834000,12.982833984375,-0.2285258620977401,1.9448721408843996,-0.4776601195335388
1743715047866797800,12.9927978515625,-0.7302971189297736,-2.9212697242617605,2.865314612805843,1743715047866797800,12.9927978515625,-0.232365608215332,2.066399335861206,-0.5052698850631714
1743715047876760800,13.0027607421875,-0.4915678577877581,-1.5948136154741048,2.808384226576984,1743715047876760800,13.0027607421875,-0.2590859234333038,2.2147538661956787,-0.4990657567977905
1743715047886724900,13.012724853515625,-0.4798443945072591,-0.4091583085179329,2.6584756969213483,1743715047886724900,13.012724853515625,-0.3110994398593902,2.3688347339630127,-0.4485429525375366
1743715047896687900,13.02268798828125,-0.569073999055475,0.3765215288072824,2.296462585937977,1743715047896687900,13.02268798828125,-0.3792052567005157,2.5310587882995605,-0.3766349256038666
1743715047906652000,13.03265185546875,-0.666242579909414,0.746572984817624,1.8480061401240528,1743715047906652000,13.03265185546875,-0.4644876718521118,2.66687273979187,-0.3017514050006866
1743715047916615000,13.042614990234377,-0.7914019412990659,0.8325427107870579,1.3613592259950935,1743715047916615000,13.042614990234377,-0.547346293926239,2.753682374954224,-0.224274456501007
1743715047926579000,13.052578857421874,-0.7992075004834681,0.7843038727968931,0.898341755387187,1743715047926579000,13.052578857421874,-0.6196104884147644,2.8086862564086914,-0.1692700982093811
1743715047936543000,13.06254296875,-0.7223239480935036,0.8099176220029592,0.6526365177527069,1743715047936543000,13.06254296875,-0.6701013445854187,2.856358766555786,-0.1431849598884582
1743715047946506000,13.072506103515623,-0.6192797532044351,0.8899111961722374,0.6301743644453585,1743715047946506000,13.072506103515623,-0.700733482837677,2.89609956741333,-0.1404591500759124
1743715047956470000,13.082469970703125,-0.5236905504964292,0.9792927764117716,0.7226146016031503,1743715047956470000,13.082469970703125,-0.7094510793685913,2.926861524581909,-0.1471271812915802
1743715047966433000,13.09243310546875,-0.4882977500759065,1.045572882527113,0.792027891177684,1743715047966433000,13.09243310546875,-0.7026121616363525,2.9540469646453857,-0.1595175713300705
1743715047976397000,13.10239697265625,-0.4711842643201351,1.0864824005424976,0.7512387846715748,1743715047976397000,13.10239697265625,-0.6838688254356384,2.98037052154541,-0.1715529263019561
1743715047986360000,13.112360107421877,-0.485818208219856,1.0999614753186702,0.6260227246586233,1743715047986360000,13.112360107421877,-0.6643658876419067,3.002164840698242,-0.1910600364208221
1743715047996324000,13.122323974609374,-0.4652526092488318,1.118999937787652,0.3903502207387238,1743715047996324000,13.122323974609374,-0.6544985771179199,3.0241641998291016,-0.2114521265029907
1743715048006286800,13.132286865234375,-0.5275239911794662,1.128166410061717,0.1736691800746135,1743715048006286800,13.132286865234375,-0.6554065942764282,3.044212102890014,-0.2295368611812591
1743715048016251000,13.1422509765625,-0.6634780105669051,1.1652999166697262,0.0067296096491161,1743715048016251000,13.1422509765625,-0.6580870151519775,3.0693118572235107,-0.2416704893112182
1743715048026215000,13.15221484375,-0.8232944054484367,1.1085405030936002,-0.1406217280706856,1743715048026215000,13.15221484375,-0.6603448390960693,3.088449239730835,-0.2519057691097259
1743715048036178000,13.162177978515626,-0.8778956911426037,0.9502695110231636,-0.3418084177466109,1743715048036178000,13.162177978515626,-0.6611459255218506,3.0959696769714355,-0.2704999446868896
1743715048046142000,13.172141845703123,-0.7932031455021351,0.6901397344559431,-0.526930957189761,1743715048046142000,13.172141845703123,-0.6589763760566711,3.092650413513184,-0.308230310678482
1743715048056105000,13.18210498046875,-0.7194014117103069,0.4482324277997017,-0.5671459901349619,1743715048056105000,13.18210498046875,-0.6505410671234131,3.075749158859253,-0.3543511927127838
1743715048066069000,13.192069091796874,-0.7825145782273262,0.3029319764614105,-0.6345436655707657,1743715048066069000,13.192069091796874,-0.6435126662254333,3.0460028648376465,-0.3926573693752289
1743715048076032000,13.202031982421875,-0.9312732071954756,0.2547323014378547,-0.7728812921591103,1743715048076032000,13.202031982421875,-0.6333524584770203,3.026451826095581,-0.4235779941082001
1743715048085996000,13.21199609375,-1.096379598243907,0.3300415171831846,-0.9253625949122012,1743715048085996000,13.21199609375,-0.6277319192886353,3.0301668643951416,-0.4438166618347168
1743715048095959000,13.221958984375,-1.2571487638056278,0.2664285844504833,-1.1595610076915472,1743715048095959000,13.221958984375,-0.6246304512023926,3.0543689727783203,-0.4464271068572998
1743715048105922800,13.2319228515625,-1.3853309070825577,0.0856470698863267,-1.3672079520232974,1743715048105922800,13.2319228515625,-0.6173699498176575,3.078850746154785,-0.433987945318222
1743715048115886800,13.241886962890623,-1.1456196491658688,-0.1674398024320602,-1.5489989358909426,1743715048115886800,13.241886962890623,-0.6246465444564819,3.0296950340271,-0.4313631355762481
1743715048125849900,13.251849853515624,-0.6283014101803303,-0.5661404298216104,-1.5194026929199695,1743715048125849900,13.251849853515624,-0.6281140446662903,2.9798359870910645,-0.4176492094993591
1743715048135814000,13.26181396484375,-0.4279425039649009,-0.958648632311821,-0.970050170161575,1743715048135814000,13.26181396484375,-0.616030752658844,2.9625613689422607,-0.3794909119606018
1743715048145777000,13.27177685546875,-0.4693184704482555,-1.6199188306361436,-0.3121008233556523,1743715048145777000,13.27177685546875,-0.580797016620636,2.965842962265014,-0.3508597910404205
1743715048155741000,13.281740966796876,-0.0293091696579009,-2.534251935881376,0.2249627111939713,1743715048155741000,13.281740966796876,-0.5311602354049683,2.9510273933410645,-0.3742159903049469
1743715048165703700,13.29170361328125,0.8837339688420295,-3.565988016235828,0.554939127251692,1743715048165703700,13.29170361328125,-0.4871277809143066,2.931605339050293,-0.4222921729087829
1743715048175667700,13.301667724609375,0.9919161111414432,-4.143452388626337,0.9468648171462118,1743715048175667700,13.301667724609375,-0.4755257368087768,2.899947166442871,-0.4332297742366791
1743715048185632000,13.311632080078123,0.4845885202944278,-4.294917207813263,1.6495843394510448,1743715048185632000,13.311632080078123,-0.5040466785430908,2.8476333618164062,-0.4430243372917175
1743715048195594800,13.3215947265625,0.3044622182359919,-3.88111428835988,2.4199694308802484,1743715048195594800,13.3215947265625,-0.5542975664138794,2.81642484664917,-0.4510308802127838
1743715048205558800,13.331558837890626,0.0885258401930332,-2.6235750639319417,3.134467653784156,1743715048205558800,13.331558837890626,-0.5888239741325378,2.883580207824707,-0.4074650108814239
1743715048215521800,13.341521728515623,-0.360544791996479,-1.005306923112273,3.7304642926871776,1743715048215521800,13.341521728515623,-0.6206727623939514,2.910250186920166,-0.2753943502902984
1743715048225485800,13.35148583984375,-0.9131821085792036,0.3391360932648182,3.8752202618852256,1743715048225485800,13.35148583984375,-0.6632854342460632,2.9348809719085693,-0.1451422721147537
1743715048235448800,13.36144873046875,-1.1433856065034866,1.2255547711461785,3.729722534409165,1743715048235448800,13.36144873046875,-0.7187308669090271,2.976310968399048,-0.1430029422044754
1743715048245412900,13.371412841796875,-1.131021799492836,1.7016531109929085,3.452880107972025,1743715048245412900,13.371412841796875,-0.7890344858169556,2.938615322113037,-0.1717546880245208
1743715048255376000,13.3813759765625,-1.2805600345313548,1.72762984829247,3.086144644641876,1743715048255376000,13.3813759765625,-0.8245216012001038,2.8810949325561523,-0.1944357603788375
1743715048265340000,13.39133984375,-1.3579916492581368,1.6475924349814652,2.8037966065257787,1743715048265340000,13.39133984375,-0.8298454880714417,2.8382914066314697,-0.2301365286111831
1743715048275304000,13.401303955078124,-1.2780220404863356,1.6046049416482449,2.647405436852574,1743715048275304000,13.401303955078124,-0.8136955499649048,2.803746461868286,-0.2869262993335724
1743715048285267000,13.411266845703125,-1.1635703163981437,1.754071865016222,2.589916539958119,1743715048285267000,13.411266845703125,-0.7779451608657837,2.8001809120178223,-0.3404556214809418
1743715048295231000,13.42123095703125,-0.981176105940342,1.9245505967527627,2.484991645888984,1743715048295231000,13.42123095703125,-0.7220446467399597,2.805246353149414,-0.4049755036830902
1743715048305194000,13.431194091796876,-0.7065607079029083,1.9826661011129616,2.229388406835496,1743715048305194000,13.431194091796876,-0.6578779816627502,2.832303047180176,-0.4778065383434295
1743715048315158000,13.441157958984377,-0.5362334404010325,1.9394173264950512,1.9766107465967533,1743715048315158000,13.441157958984377,-0.5856195092201233,2.872744560241699,-0.5519625544548035
1743715048325121000,13.45112109375,-0.4709656896660104,1.748036676505208,1.6787755087524652,1743715048325121000,13.45112109375,-0.5205135345458984,2.906877040863037,-0.6237416863441467
1743715048335084800,13.461084716796876,-0.3575777588844299,1.428441734534502,1.4633604877024888,1743715048335084800,13.461084716796876,-0.4466105997562408,2.921685218811035,-0.6921172738075256
1743715048345048800,13.471048828125,-0.1938917560279369,0.9314169265151024,1.4149907168090343,1743715048345048800,13.471048828125,-0.3644156754016876,2.9435884952545166,-0.7588717937469482
1743715048355011800,13.48101171875,-0.0859446097944863,0.5587246006071567,1.4277946688026188,1743715048355011800,13.48101171875,-0.275022953748703,2.9829044342041016,-0.8166786432266235
1743715048364975900,13.490975830078124,-0.1309586222529411,0.332215354090929,1.4906334022924304,1743715048364975900,13.490975830078124,-0.1914752423763275,3.0107336044311523,-0.8543940186500549
1743715048374939000,13.50093896484375,-0.0414800205128733,0.1786380727946758,1.4053433291502295,1743715048374939000,13.50093896484375,-0.1212687268853187,3.01734471321106,-0.8698065280914307
1743715048384903000,13.51090283203125,-0.0601367947544669,0.0950870984047651,1.4190063821911811,1743715048384903000,13.51090283203125,-0.0463056713342666,3.045454978942871,-0.8508346676826477
1743715048394866000,13.520865966796874,-0.2286824989020824,0.1487029532581567,1.4140984441444278,1743715048394866000,13.520865966796874,0.0127499252557754,3.064493417739868,-0.8105455636978149
1743715048404830000,13.530829833984376,-0.4763713115692138,0.2301432191044092,1.321550801089406,1743715048404830000,13.530829833984376,0.0459591783583164,3.0636823177337646,-0.7668372392654419
1743715048414792700,13.540792724609377,-0.5387637625962496,0.3701648532569408,1.1604508692033588,1743715048414792700,13.540792724609377,0.0562789291143417,3.0289461612701416,-0.7202069163322449
1743715048424756700,13.5507568359375,-0.589388618940115,0.4603606724888086,1.0659580834299325,1743715048424756700,13.5507568359375,0.0471337735652923,3.0124733448028564,-0.6761108636856079
1743715048434721000,13.560720947265626,-0.6072597911953925,0.4701555057942867,0.9697564479120075,1743715048434721000,13.560720947265626,0.0268021374940872,2.992870807647705,-0.6650811433792114
1743715048444683800,13.570683837890623,-0.4539700946688652,0.5962748713225126,0.9437290033385156,1743715048444683800,13.570683837890623,-0.0073248380795121,2.946982383728028,-0.6407901644706726
1743715048454647800,13.580647705078125,-0.3849392285406589,0.6501642824202776,1.0186289076305926,1743715048454647800,13.580647705078125,-0.0338869392871856,2.908754825592041,-0.6016597747802734
1743715048464610800,13.59061083984375,-0.1845487581431865,0.566909660628438,1.105875667798519,1743715048464610800,13.59061083984375,-0.0498001687228679,2.872034788131714,-0.5679651498794556
1743715048474574800,13.600574951171875,0.0242640881627798,0.4776379705041647,1.1999651334680617,1743715048474574800,13.600574951171875,-0.0558524653315544,2.835378408432007,-0.5339043736457825
1743715048484537900,13.610537841796877,0.1137590839152224,0.3610843057006597,1.2035044135101138,1743715048484537900,13.610537841796877,-0.0527153015136718,2.7991764545440674,-0.4952025413513183
1743715048494502000,13.620501953125,0.2030184625471942,0.1925292355030775,1.0334411307066678,1743715048494502000,13.620501953125,-0.0487080439925193,2.7595107555389404,-0.4632595181465149
1743715048504466000,13.6304658203125,0.3049392063642852,-0.0332429289102554,0.8093689020790159,1743715048504466000,13.6304658203125,-0.0447615347802639,2.7091541290283203,-0.4421550631523132
1743715048514429000,13.640428955078123,0.392404742115736,-0.2648509598702192,0.6252474294371902,1743715048514429000,13.640428955078123,-0.0296281203627586,2.6575629711151123,-0.4314257204532623
1743715048524393000,13.65039306640625,0.4519213454455137,-0.4404600402325391,0.5172879899777472,1743715048524393000,13.65039306640625,-0.0025101141072809,2.5984790325164795,-0.4233829975128174
1743715048534356000,13.66035595703125,0.5157131418764591,-0.5196978275984525,0.4681608248457312,1743715048534356000,13.66035595703125,0.0285977367311716,2.525904893875122,-0.4151026904582977
1743715048544319700,13.67031982421875,0.5393740034490824,-0.4896387894213199,0.3801911572307348,1743715048544319700,13.67031982421875,0.061255045235157,2.4521822929382324,-0.4067802727222442
1743715048554283000,13.680282958984376,0.5275608525911346,-0.3772586109101772,0.2983203910127281,1743715048554283000,13.680282958984376,0.0869023501873016,2.37265419960022,-0.3940266668796539
1743715048564246800,13.690246826171874,0.4958955117285251,-0.1644149016529321,0.2442759354837238,1743715048564246800,13.690246826171874,0.106176346540451,2.281460762023926,-0.3745840191841125
1743715048574210800,13.7002109375,0.4261567895919084,0.0371627327024936,0.2156118587963283,1743715048574210800,13.7002109375,0.1172255352139473,2.1831769943237305,-0.3501985073089599
1743715048584173800,13.710173828125,0.436758263105154,0.192996268492937,0.189056444825977,1743715048584173800,13.710173828125,0.1322095096111297,2.101501941680908,-0.3280942142009735
1743715048594137900,13.720137939453124,0.4743552955716848,0.2365495790153741,0.1531662162773311,1743715048594137900,13.720137939453124,0.1487267017364502,2.0174202919006348,-0.3120380043983459
1743715048604100900,13.730100830078126,0.5427554625809192,0.2099871507823467,0.0722926444031298,1743715048604100900,13.730100830078126,0.1777915805578231,1.9230167865753172,-0.301395058631897
1743715048614065000,13.74006494140625,0.6590951923727989,0.2001566616415977,-0.0067917059667408,1743715048614065000,13.74006494140625,0.2071878165006637,1.8336472511291504,-0.3074468076229095
1743715048624028000,13.75002783203125,0.7960901721805334,0.2282879466265439,-0.1219594693697988,1743715048624028000,13.75002783203125,0.2402564585208892,1.7354774475097656,-0.3233024477958679
1743715048633992000,13.759991943359376,0.9246896640866994,0.2644400409817695,-0.1972727767683565,1743715048633992000,13.759991943359376,0.2724495530128479,1.6439435482025146,-0.3348304629325866
1743715048643956000,13.7699560546875,0.956550198727846,0.3093359982848167,-0.2223008350409567,1743715048643956000,13.7699560546875,0.3060974478721618,1.562354564666748,-0.3362703919410705
1743715048653919000,13.7799189453125,0.9665969609677793,0.3853951556146144,-0.2049652309671044,1743715048653919000,13.7799189453125,0.3372223377227783,1.49676513671875,-0.32197105884552
1743715048663883000,13.789883056640624,0.909705445444584,0.4420727361261844,-0.1679499439112842,1743715048663883000,13.789883056640624,0.3709116578102112,1.42414128780365,-0.2938145399093628
1743715048673845800,13.799845703125,1.1320967352479696,0.4342167619287967,-0.2375577331446111,1743715048673845800,13.799845703125,0.3876701295375824,1.3260096311569214,-0.2700324952602386
1743715048683809800,13.809809814453123,1.3917694156974554,0.342692908963561,-0.2958087004527449,1743715048683809800,13.809809814453123,0.4082062840461731,1.245331645011902,-0.2313213944435119
1743715048693772800,13.819772705078124,1.4429747022777797,0.3260252672791481,-0.1940082220144569,1743715048693772800,13.819772705078124,0.4264297783374786,1.1385706663131714,-0.1740855276584625
1743715048703736800,13.82973681640625,1.5271663126587869,0.3328846316546202,-0.0627183219805359,1743715048703736800,13.82973681640625,0.4499393999576568,1.0650843381881714,-0.125569075345993
1743715048713699800,13.839699951171877,1.375440212187171,0.3548988950639963,0.0606412234455347,1743715048713699800,13.839699951171877,0.4732287526130676,1.00505268573761,-0.0814988240599632
1743715048723664000,13.849663818359376,1.3832272128015757,0.2344716036975383,0.0764030023314058,1743715048723664000,13.849663818359376,0.4990318119525909,0.9352461695671082,-0.0584005266427993
1743715048733628000,13.8596279296875,1.6406284411877392,0.0749205086886882,-0.0062066726204007,1743715048733628000,13.8596279296875,0.5233103036880493,0.8757295608520508,-0.0490589551627635
1743715048743591000,13.8695908203125,1.7103367681860924,0.0407704018056392,-0.0621068390186876,1743715048743591000,13.8695908203125,0.542749285697937,0.8223846554756165,-0.0358419753611087
1743715048753555000,13.879554931640625,1.6810539750784634,0.0693751495212316,-0.0468525712635368,1743715048753555000,13.879554931640625,0.5528767108917236,0.7646254897117615,-0.0131624964997172
1743715048763518000,13.88951806640625,1.759258327743411,0.0350742359906435,0.0155968706477433,1743715048763518000,13.88951806640625,0.5477159023284912,0.7054293751716614,0.0122931357473135
1743715048773481700,13.899481689453124,1.8733038091182708,-0.0140443074434995,0.1162360502216964,1743715048773481700,13.899481689453124,0.5412585735321045,0.647932231426239,0.04800346493721
1743715048783445000,13.909445068359377,1.981501733508706,-0.0719417851388454,0.2828515306588262,1743715048783445000,13.909445068359377,0.5378721952438354,0.6035750508308411,0.0895075425505638
1743715048793408800,13.91940869140625,2.0493477737665176,-0.1413069977879524,0.4563786901805549,1743715048793408800,13.91940869140625,0.5353983640670776,0.567942202091217,0.1367855668067932
1743715048803372800,13.929372802734376,2.0585960791051385,-0.1646767674595117,0.5835743066381662,1743715048803372800,13.929372802734376,0.5358068346977234,0.5378165245056152,0.1837456077337265
1743715048813335800,13.939335693359377,1.9608862309813495,-0.1682797603875398,0.6965237364046275,1743715048813335800,13.939335693359377,0.5265965461730957,0.5007131099700928,0.2309187203645706
1743715048823299800,13.9492998046875,1.8709873488694428,-0.1653799472928047,0.7303782213419675,1743715048823299800,13.9492998046875,0.5060665607452393,0.455566942691803,0.2726989090442657
1743715048833262800,13.959262939453126,1.817400720110536,-0.1665016447991132,0.7344975662942975,1743715048833262800,13.959262939453126,0.4858486652374267,0.4129654169082641,0.3229325413703918
1743715048843227000,13.969226806640624,1.7387807723820208,-0.1683598398864269,0.7040965828116983,1743715048843227000,13.969226806640624,0.4626170098781585,0.3724027574062347,0.3810053467750549
1743715048853190000,13.97918994140625,1.711169127357006,-0.146460727289319,0.7164167698763311,1743715048853190000,13.97918994140625,0.4384157955646515,0.3257175385951996,0.4475758671760559
1743715048863154000,13.98915380859375,1.64306998912096,-0.1629541814506054,0.8041838275913149,1743715048863154000,13.98915380859375,0.4150966107845306,0.2888923287391662,0.5217552781105042
1743715048873118000,13.999117919921876,1.180638355576992,-0.4712099832832813,0.9255247997365892,1743715048873118000,13.999117919921876,0.417640209197998,0.2641994953155517,0.5903886556625366
1743715048883081000,14.0090810546875,0.2891711621344089,-1.1073381415665149,1.1122340969145297,1743715048883081000,14.0090810546875,0.4839636981487274,0.2211067676544189,0.6203715801239014
1743715048893045000,14.019044921875,0.2696621595442295,-2.1419892325848338,0.968815952191502,1743715048893045000,14.019044921875,0.6060752272605896,0.2167413085699081,0.5055070519447327
1743715048903008000,14.029008056640626,1.3531658365368842,-3.133978408962488,0.0380013389511033,1743715048903008000,14.029008056640626,0.6281625032424927,0.187125951051712,0.2681901752948761
1743715048912972000,14.038971923828123,2.0574831494271755,-4.0556379115730525,-1.431744575472176,1743715048912972000,14.038971923828123,0.5195351243019104,0.1231927797198295,0.0534083694219589
1743715048922934800,14.048934814453125,1.4053203866660595,-3.710193658074736,-2.3453318307861686,1743715048922934800,14.048934814453125,0.377290666103363,0.0691967979073524,-0.0328633673489093
1743715048932898800,14.05889892578125,0.1955482910633087,-2.355812016007304,-2.016816500256956,1743715048932898800,14.05889892578125,0.291925698518753,0.0914847999811172,-0.0133168287575244
1743715048942863000,14.068863037109375,-0.3235573793282732,-1.203109715104103,-0.9389675610903648,1743715048942863000,14.068863037109375,0.2189652025699615,0.1066805273294448,0.0130407437682151
1743715048952825900,14.078825927734377,-0.2391454041948542,-0.0212158065080642,0.4464430601648986,1743715048952825900,14.078825927734377,0.1744547188282013,0.0677195489406585,0.0160613004118204
1743715048962790000,14.088789794921874,-0.130225595270656,1.303704178753495,1.5347703579217196,1743715048962790000,14.088789794921874,0.1784082949161529,0.0091267814859747,0.0047651613131165
1743715048972753000,14.0987529296875,-0.138687134145759,2.35300338832736,1.932547002334148,1743715048972753000,14.0987529296875,0.2088346481323242,-0.0321000181138515,-0.0062318299897015
1743715048982716700,14.108716552734377,-0.2058171716213226,3.025398791778088,1.6549379754386842,1743715048982716700,14.108716552734377,0.231339618563652,-0.0517137311398983,-0.0320575460791587
1743715048992680000,14.118679931640624,-0.2671136075725779,3.2343074996739625,0.7992126150500029,1743715048992680000,14.118679931640624,0.2158413529396057,-0.0433330312371254,-0.0961678251624107
1743715049002643700,14.128643798828126,-0.2720259843324311,3.0521149492681023,-0.07240250255235,1743715049002643700,14.128643798828126,0.1795555204153061,-0.0390733033418655,-0.1866591125726699
1743715049012607700,14.138607666015623,-0.3321066695520654,2.680246799224615,-0.617942294055596,1743715049012607700,14.138607666015623,0.1481714993715286,-0.0577886700630188,-0.2725343406200409
1743715049022570800,14.14857080078125,-0.4251625178575515,2.1703964119017125,-0.9355889515027404,1743715049022570800,14.14857080078125,0.1281142681837082,-0.1024532839655876,-0.3379437029361725
1743715049032534800,14.15853466796875,-0.4694751588473096,1.5336685341596603,-1.1496596452716736,1743715049032534800,14.15853466796875,0.1201263889670372,-0.1724022775888443,-0.3755906820297241
1743715049042497500,14.16849755859375,-0.3616179741859436,0.8191846320420503,-1.224673750527948,1743715049042497500,14.16849755859375,0.1274983882904052,-0.2513445317745209,-0.3896273970603943
1743715049052461800,14.1784619140625,-0.2524632057284005,0.0922626886337995,-1.175034982611984,1743715049052461800,14.1784619140625,0.1479448080062866,-0.3098640441894531,-0.380529522895813
1743715049062424600,14.188424560546874,-0.2070049201011657,-0.5468687431186438,-1.0324717011526223,1743715049062424600,14.188424560546874,0.1881915926933288,-0.324261337518692,-0.3974009156227112
1743715049072388600,14.198388671875,-0.1253308546321932,-0.8809493065595626,-0.7657534861057996,1743715049072388600,14.198388671875,0.2287957370281219,-0.3085934519767761,-0.4372013211250305
1743715049082352600,14.2083525390625,-0.0007657236754894,-1.180127483445406,-0.4728266246996819,1743715049082352600,14.2083525390625,0.263547271490097,-0.2926150858402252,-0.4719094634056091
1743715049092315600,14.218315673828124,0.3281991041868924,-1.4078057737410068,-0.2974235152382403,1743715049092315600,14.218315673828124,0.290707528591156,-0.2694740891456604,-0.4918501377105713
1743715049102279700,14.22827978515625,0.6810872439503669,-1.383102125117183,-0.2291498424191959,1743715049102279700,14.22827978515625,0.3058440387248993,-0.2483603507280349,-0.4946586787700653
1743715049112242700,14.23824267578125,0.8234370287895202,-1.118847377574444,-0.1365662147353403,1743715049112242700,14.23824267578125,0.296636700630188,-0.2196056544780731,-0.4708321988582611
1743715049122206700,14.248206787109376,0.8662596869498491,-0.7033686338633298,0.0234897975883446,1743715049122206700,14.248206787109376,0.2774491608142853,-0.1794375628232956,-0.4230719208717346
1743715049132169700,14.258169677734376,0.9162076669454574,-0.2183803005963563,0.1581280764684081,1743715049132169700,14.258169677734376,0.2431212812662124,-0.1341531723737716,-0.3564452230930328
1743715049142133800,14.2681337890625,0.872205443611741,0.2668441795140505,0.2681725420409813,1743715049142133800,14.2681337890625,0.2045882940292358,-0.0711103752255439,-0.2767602205276489
1743715049152097800,14.278097900390623,0.8097416809141635,0.7510340558797121,0.2922206128329038,1743715049152097800,14.278097900390623,0.1737262606620788,-0.0007659059483557,-0.2125964164733886
1743715049162060800,14.288060791015624,0.8113853564679622,1.075000637063384,0.2095192410096526,1743715049162060800,14.288060791015624,0.1342289894819259,0.0444141551852226,-0.1670859456062317
1743715049172024800,14.29802490234375,0.8734504752367734,1.268385028091073,0.0390958561895415,1743715049172024800,14.29802490234375,0.0922660902142524,0.0548649318516254,-0.1380630880594253
1743715049181987800,14.30798779296875,0.9809539876222608,1.3531722662776708,-0.2338479919064789,1743715049181987800,14.30798779296875,0.055051639676094,0.0365944802761077,-0.1210313364863395
1743715049191952000,14.317951904296876,1.011239820292592,1.3951426915228369,-0.4214920126512646,1743715049191952000,14.317951904296876,0.0376484170556068,0.0137123353779315,-0.1108966767787933
1743715049201915000,14.327914794921876,0.989225556883216,1.425049169486761,-0.4633336238849908,1743715049201915000,14.327914794921876,0.0346319116652011,-0.0074112811125814,-0.1012104302644729
1743715049211878700,14.337878662109375,0.8818523928791284,1.4150088369876146,-0.5240521138178185,1743715049211878700,14.337878662109375,0.0338079296052455,-0.0220610629767179,-0.1006975024938583
1743715049221842700,14.3478427734375,0.7334329327374697,1.3516992711156606,-0.6133686294645071,1743715049221842700,14.3478427734375,0.0305511951446533,-0.0505435615777969,-0.0984123274683952
1743715049231805700,14.3578056640625,0.8256085276097058,1.2388590738773346,-0.7225912207275629,1743715049231805700,14.3578056640625,0.0143687622621655,-0.1129747107625007,-0.1169029176235199
1743715049241769700,14.367769775390624,1.057147000464797,1.0428110165983435,-0.7619228219017385,1743715049241769700,14.367769775390624,0.007674247957766,-0.1396927535533905,-0.1186441406607627
1743715049251732700,14.377732666015625,0.9782762928456068,0.9173001383572816,-0.6529368158735335,1743715049251732700,14.377732666015625,0.0060539809055626,-0.1695590317249298,-0.0887421667575836
1743715049261696800,14.38769677734375,0.9929752648055552,0.7793436200410128,-0.6091850236369296,1743715049261696800,14.38769677734375,-0.0002925698645412,-0.1814349591732025,-0.0623427517712116
1743715049271659800,14.39765966796875,1.0052081389129162,0.6675298432409763,-0.5832143142193555,1743715049271659800,14.39765966796875,-0.0141793573275208,-0.1819209903478622,-0.0479851178824901
1743715049281623800,14.407623779296877,1.1373621084302663,0.4745645544081926,-0.6598227759949863,1743715049281623800,14.407623779296877,-0.0330235548317432,-0.1947326809167862,-0.0474410243332386
1743715049291587800,14.417587890625,1.3754104015707969,0.22523674236238,-0.7115121928304433,1743715049291587800,14.417587890625,-0.0370465256273746,-0.1772458404302597,-0.0398339703679084
1743715049301550800,14.42755078125,1.3620575835227966,0.1392290224701166,-0.703791827711463,1743715049301550800,14.42755078125,-0.0369524471461772,-0.1524901688098907,-0.0153845492750406
1743715049311515000,14.437514892578124,1.2448650362938642,0.107096100628376,-0.7801466069869697,1743715049311515000,14.437514892578124,-0.0541820339858531,-0.1413669437170028,0.022227007895708
1743715049321477600,14.4474775390625,1.1551239750921725,0.0885164878427982,-0.855619927252829,1743715049321477600,14.4474775390625,-0.0761331990361213,-0.1339352130889892,0.0661251619458198
1743715049331441700,14.457441650390624,1.0432055688738822,0.0607709873050451,-0.7712379819314926,1743715049331441700,14.457441650390624,-0.0962158292531967,-0.1270288378000259,0.1198150217533111
1743715049341404700,14.46740478515625,1.0325392134308815,0.0274660990744829,-0.7243431058961898,1743715049341404700,14.46740478515625,-0.1220718622207641,-0.1252241134643554,0.1812089085578918
1743715049351368700,14.47736865234375,0.9718366151869297,0.0991986253768205,-0.727810270550102,1743715049351368700,14.47736865234375,-0.1503658294677734,-0.1132558658719062,0.2548543810844421
1743715049361332700,14.487332763671876,0.8151666285723448,0.1522112536400556,-0.7288315764218568,1743715049361332700,14.487332763671876,-0.185785561800003,-0.1061281934380531,0.3283629417419433
1743715049371295700,14.497295654296876,0.8052180660098791,0.0979834043681621,-0.7337723938249051,1743715049371295700,14.497295654296876,-0.2192356586456298,-0.0982268676161766,0.394767552614212
1743715049381259800,14.507259765625,0.9503197799056768,-0.1038707088410854,-0.6852959476865828,1743715049381259800,14.507259765625,-0.2490359544754028,-0.080079548060894,0.4417551159858703
1743715049391222800,14.517222900390625,1.2028116089403629,-0.4214730156898498,-0.5963971825279295,1743715049391222800,14.517222900390625,-0.2662793695926666,-0.0653227046132087,0.4799392223358154
1743715049401186800,14.527186767578126,1.418459854224324,-0.8661661634474992,-0.5102030732180923,1743715049401186800,14.527186767578126,-0.270862728357315,-0.0362192057073116,0.510084331035614
1743715049411149800,14.53714990234375,1.633240084502101,-1.3337380824893712,-0.4115633968982845,1743715049411149800,14.53714990234375,-0.271044909954071,0.0038424616213887,0.5271868705749512
1743715049421113900,14.54711376953125,1.7337252425581215,-1.7959546119779348,-0.3234877846907824,1743715049421113900,14.54711376953125,-0.2686951756477356,0.0496464222669601,0.5449895858764648
1743715049431077600,14.55707763671875,1.6360183170437812,-2.271243389007449,-0.2302270066640339,1743715049431077600,14.55707763671875,-0.2694267332553863,0.0523439384996891,0.5841990113258362
1743715049441040600,14.56704052734375,1.2000514965772628,-2.898829928916693,-0.0263548681632615,1743715049441040600,14.56704052734375,-0.260787159204483,-0.0026384606026113,0.6275917291641235
1743715049451004700,14.577004638671877,0.6428723718464374,-3.8670518607378,0.3732531746610998,1743715049451004700,14.577004638671877,-0.2040950953960418,-0.1489421427249908,0.6541066765785217
1743715049460967700,14.5869677734375,0.4347568601548671,-5.084530877456069,0.6540995029773563,1743715049460967700,14.5869677734375,-0.0834309011697769,-0.3223752081394195,0.637859582901001
1743715049470931700,14.596931640625,0.4305962698766961,-6.392919999155402,0.4108692771542817,1743715049470931700,14.596931640625,0.0407240651547908,-0.3446858525276184,0.5102145075798035
1743715049480894700,14.606894775390623,0.2086182370493188,-7.321226684695482,-0.599945887985453,1743715049480894700,14.606894775390623,0.0559067800641059,-0.2349494099617004,0.2659834921360016
1743715049490858800,14.616858642578125,-0.1794388677835464,-7.305566758748888,-1.9817611150972545,1743715049490858800,14.616858642578125,-0.0783881694078445,-0.1230865269899368,-0.0300087500363588
1743715049500822800,14.62682275390625,-0.9562883329212664,-5.351701804706454,-2.088627498622984,1743715049500822800,14.62682275390625,-0.1433779150247573,0.009041354060173,-0.1969466656446457
1743715049510785800,14.636785888671875,-1.579671575921774,-2.3256080164015294,-0.779168701865524,1743715049510785800,14.636785888671875,-0.2204468697309494,0.1165779381990432,-0.1990489661693573
1743715049520749800,14.646749755859377,-0.98002342877388,-0.5935282029628753,-0.2386076623226515,1743715049520749800,14.646749755859377,-0.2661663293838501,0.2048943787813186,-0.1557685732841491
1743715049530712800,14.656712890625,-0.4021055039295926,0.9615841012418268,0.2852610760185867,1743715049530712800,14.656712890625,-0.2716085016727447,0.312666118144989,-0.059403158724308
1743715049540676900,14.6666767578125,-0.4524866146454587,2.214057274451852,0.8062678673237562,1743715049540676900,14.6666767578125,-0.2521480023860931,0.3919325172901153,0.077545166015625
1743715049550639900,14.676639892578123,-0.6993278340399265,3.35046485863626,1.1384241847038268,1743715049550639900,14.676639892578123,-0.2417177259922027,0.4207423329353332,0.1988705247640609
1743715049560604000,14.68660400390625,-1.0432990923762322,4.14609384304583,1.3791709231480955,1743715049560604000,14.68660400390625,-0.2351260781288147,0.4374642968177795,0.2727872729301452
1743715049570568000,14.69656787109375,-1.375874511951208,4.449495190584659,1.615632239358127,1743715049570568000,14.69656787109375,-0.2223479598760604,0.4499649107456207,0.276170015335083
1743715049580530700,14.70653076171875,-1.3635492833852767,4.228680940839648,1.724882303149998,1743715049580530700,14.70653076171875,-0.1814100295305252,0.4532313346862793,0.2338830977678299
1743715049590494700,14.71649462890625,-1.0379472099542617,3.4786943481862544,1.5174470288075506,1743715049590494700,14.71649462890625,-0.1592543870210647,0.4159976840019226,0.1776251494884491
1743715049600457700,14.726457763671876,-0.6241676713764667,2.5643168192774057,1.0450427211731672,1743715049600457700,14.726457763671876,-0.1430216282606125,0.3641974925994873,0.1054393053054809
1743715049610421800,14.736421875,-0.4268821447243914,1.9909119514107705,0.6636578971784561,1743715049610421800,14.736421875,-0.117559939622879,0.3460264801979065,0.0449101887643337
1743715049620384800,14.746384765625,-0.3248012419095262,1.5664502752989529,0.2918753065265715,1743715049620384800,14.746384765625,-0.108538880944252,0.367967814207077,0.0055457232519984
1743715049630348800,14.756348876953124,-0.1967138642439618,1.1557190183758734,0.030922313076118,1743715049630348800,14.756348876953124,-0.094799630343914,0.4085011184215545,-0.0158130954951047
1743715049640312600,14.7663125,-0.1567091495811939,0.7202420272529125,-0.0488799123726785,1743715049640312600,14.7663125,-0.0991041362285614,0.4467147290706634,-0.0457536578178405
1743715049650275600,14.776275634765623,-0.209934580344893,0.2886497686088085,0.0205771980772726,1743715049650275600,14.776275634765623,-0.1063972041010856,0.4766406714916229,-0.1036656945943832
1743715049660239600,14.786239501953125,-0.3618810090363025,-0.1098182190686464,0.2884387744729407,1743715049660239600,14.786239501953125,-0.1146600618958473,0.4720817506313324,-0.1695253551006317
1743715049670202600,14.79620263671875,-0.488131928522326,-0.4066378501296043,0.5202938207302242,1743715049670202600,14.79620263671875,-0.1130632311105728,0.4466879665851593,-0.2309439778327942
1743715049680166700,14.806166748046875,-0.422278523386456,-0.5676216082900762,0.654896206312999,1743715049680166700,14.806166748046875,-0.1059892326593399,0.4138169884681701,-0.2613432109355926
1743715049690129700,14.816129638671876,-0.2769804284020327,-0.5143447761327028,0.6427553944032639,1743715049690129700,14.816129638671876,-0.0880794748663902,0.4015302360057831,-0.2477799952030182
1743715049700093700,14.82609375,-0.1623358120902441,-0.0746662416666746,0.5796491690836847,1743715049700093700,14.82609375,-0.0896241888403892,0.4206880331039428,-0.2222181260585785
1743715049710057700,14.8360576171875,0.0577320580005645,0.2813607806444168,0.4652269633509218,1743715049710057700,14.8360576171875,-0.1091009527444839,0.4362882971763611,-0.1876068860292434
1743715049720020700,14.846020751953125,0.2300420968174934,0.5604506937474012,0.4221635187046602,1743715049720020700,14.846020751953125,-0.1254458725452423,0.4493378102779388,-0.1527977734804153
1743715049729984800,14.85598486328125,0.3110018856704235,0.7880553342849016,0.3861534266360104,1743715049729984800,14.85598486328125,-0.1375789642333984,0.4528950154781341,-0.1114058569073677
1743715049739947800,14.86594775390625,0.3983329631209373,0.9555126723736524,0.2668163233927451,1743715049739947800,14.86594775390625,-0.1422605812549591,0.4331544935703277,-0.071190595626831
1743715049749911800,14.875911865234375,0.4595288978397846,1.1034206758618357,0.116224816441629,1743715049749911800,14.875911865234375,-0.1326353847980499,0.4094795286655426,-0.0381482243537902
1743715049759875800,14.885875732421876,0.4266308368444442,1.2613082215726374,-0.0152776668970473,1743715049759875800,14.885875732421876,-0.1139931753277778,0.3999819457530975,-0.0083010448142886
1743715049769838800,14.8958388671875,0.3526081537783145,1.394942200514674,-0.1320305988660082,1743715049769838800,14.8958388671875,-0.0888731777667999,0.4101222157478332,0.019373457878828
1743715049779803000,14.905802978515624,0.3407037809729576,1.5040589933156967,-0.2614656648134812,1743715049779803000,14.905802978515624,-0.069542184472084,0.3546672463417053,0.0173313356935977
1743715049789766000,14.915765869140625,0.68671385166049,1.4609171862035988,-0.4010255632057786,1743715049789766000,14.915765869140625,-0.0479399561882019,0.3198959529399872,0.0037478832527995
1743715049799730000,14.92572998046875,0.77690557923913,1.4760709161937235,-0.3363558148965239,1743715049799730000,14.92572998046875,-0.0138376476243138,0.2808254063129425,0.0157398600131273
1743715049809693000,14.93569287109375,0.7663023521602154,1.4617998142570257,-0.2322889441625215,1743715049809693000,14.93569287109375,0.0151766939088702,0.233802780508995,0.0311851296573877
1743715049819657000,14.945656982421877,0.8218588196873664,1.3997078074812888,-0.1044631583089008,1743715049819657000,14.945656982421877,0.0374657213687896,0.2061315923929214,0.0273733157664537
1743715049829620700,14.955620849609376,0.8863736696958542,1.3176403496474027,0.0170275427716784,1743715049829620700,14.955620849609376,0.0478794798254966,0.1721310168504715,0.0067503275349736
1743715049839583700,14.965583740234376,0.989355905264616,1.1946429155319929,0.1738472583215683,1743715049839583700,14.965583740234376,0.0610971897840499,0.1542706340551376,-0.0060757612809538
1743715049849547800,14.9755478515625,0.930738881123066,1.1595236713558434,0.3231489811904728,1743715049849547800,14.9755478515625,0.0759011656045913,0.1518761962652206,0.0047537167556583
1743715049859510800,14.9855107421875,0.7432803730130195,1.1935171263724564,0.413004608682543,1743715049859510800,14.9855107421875,0.0858219116926193,0.135614588856697,0.0317523330450058
1743715049869474600,14.995474609375,0.6383680461645126,1.213079320454597,0.5605622643630951,1743715049869474600,14.995474609375,0.0880981162190437,0.1028105765581131,0.0656916573643684
1743715049879437600,15.0054375,0.6500117222070694,1.1385615473479032,0.6955735230077058,1743715049879437600,15.0054375,0.0836778581142425,0.060699924826622,0.1064101159572601
1743715049889401600,15.015401611328125,0.6145756671667099,0.9905915845394134,0.8046809634584933,1743715049889401600,15.015401611328125,0.092749111354351,0.0350957624614238,0.1613079905509948
1743715049899365600,15.02536572265625,0.700244364362955,0.7626864997506141,0.9064430826477706,1743715049899365600,15.02536572265625,0.096036896109581,0.009266453795135,0.2235550731420517
1743715049909328600,15.03532861328125,0.9505810611903668,0.4660223515123128,0.901046411236003,1743715049909328600,15.03532861328125,0.0974654108285904,0.0130252391099929,0.2851502597332001
1743715049919292700,15.045292724609377,1.1225719510555268,0.1478302620768547,0.8918093579437583,1743715049919292700,15.045292724609377,0.0944932550191879,0.040617648512125,0.345517486333847
1743715049929255700,15.055255615234374,1.1936252629220483,-0.2630044552206993,0.8544898272443562,1743715049929255700,15.055255615234374,0.0929009467363357,0.0664990469813346,0.3957495093345642
1743715049939219700,15.0652197265625,1.2992436922132968,-0.7637877389907837,0.7422725111447275,1743715049939219700,15.0652197265625,0.0920955762267112,0.0756015703082084,0.4284397661685943
1743715049949182700,15.0751826171875,1.3263561555445194,-1.3497288478255272,0.5453809157136827,1743715049949182700,15.0751826171875,0.0934364795684814,0.0699988156557083,0.4558737874031067
1743715049959146800,15.085146728515625,1.2960194694697855,-1.9621827005326744,0.2817011185146868,1743715049959146800,15.085146728515625,0.0944081619381904,0.0487009212374687,0.4799927175045013
1743715049969110800,15.09511083984375,1.2998866662919522,-2.5305028124809263,0.0623361359962262,1743715049969110800,15.09511083984375,0.0826433822512626,0.0266584698110818,0.4833879768848419
1743715049979073800,15.10507373046875,1.2632663699030875,-2.750908481425047,0.0593275104984641,1743715049979073800,15.10507373046875,0.0766864046454429,0.0061871195212006,0.5013033151626587
1743715049989037800,15.115037841796877,1.1765361078899352,-2.5331506966412065,0.3148412446375936,1743715049989037800,15.115037841796877,0.0614161044359207,-0.0143202859908342,0.5327851176261902
1743715049999000800,15.125000732421874,1.2270949863255023,-2.189823581427336,0.6448395802661776,1743715049999000800,15.125000732421874,0.0469761751592159,-0.0498561784625053,0.5872163772583008
1743715050008964400,15.13496435546875,0.9194050747472792,-2.1129273887515065,1.1325812308292835,1743715050008964400,15.13496435546875,0.0705430209636688,-0.0606853887438774,0.6606591939926147
1743715050018927400,15.14492724609375,-0.0529179357171058,-2.6265859361857173,1.7613181828826665,1743715050018927400,15.14492724609375,0.1912374496459961,-0.0206134151667356,0.721463143825531
1743715050028891400,15.154891357421874,-0.3182500301677733,-3.51878202842474,1.347893010700494,1743715050028891400,15.154891357421874,0.3333671391010284,-0.0289275385439395,0.7284802794456482
1743715050038855400,15.16485546875,0.5662134950578213,-4.9615539016067975,-0.2775202526334673,1743715050038855400,15.16485546875,0.3656548857688904,-0.0845500901341438,0.5906808972358704
1743715050048818400,15.174818359375,0.6985739469327032,-5.723631329548359,-1.799640899275243,1743715050048818400,15.174818359375,0.3254954814910888,-0.1004062891006469,0.3687929511070251
1743715050058782500,15.184782470703125,-0.2630510708414018,-5.468406276157498,-2.7052187433958053,1743715050058782500,15.184782470703125,0.2253118306398391,-0.1229319050908088,0.141745463013649
1743715050068745500,15.194745361328126,-0.7553121715903282,-3.98908132660389,-2.736042920726537,1743715050068745500,15.194745361328126,0.1633951961994171,-0.1336910724639892,-0.0561750754714012
1743715050078709200,15.204709228515624,-0.8142565279901027,-2.281523960003257,-1.9891078245982527,1743715050078709200,15.204709228515624,0.0864737182855606,-0.1535338163375854,-0.2079590708017349
1743715050088672500,15.214672607421877,-0.7697919478416443,-0.4540308849453925,-1.05548169760108,1743715050088672500,15.214672607421877,0.0426913499832153,-0.2355394661426544,-0.2807227671146393
1743715050098636300,15.22463623046875,-1.1557809776961805,1.5710405256986617,-0.1629683926390484,1743715050098636300,15.22463623046875,0.0531171523034572,-0.3131527304649353,-0.2590919733047485
1743715050108600300,15.234600341796876,-1.779088086720556,3.2322891455888745,0.2989974134914577,1743715050108600300,15.234600341796876,0.0975245609879493,-0.3889737129211426,-0.1705815494060516
1743715050118563300,15.244563232421877,-2.2373462339721617,4.42530533670187,0.2796913495948538,1743715050118563300,15.244563232421877,0.1402706950902938,-0.4486503601074219,-0.0881351381540298
1743715050128527400,15.25452734375,-2.2701497485518454,4.9443333022147415,-0.2572075689775869,1743715050128527400,15.25452734375,0.1282270848751068,-0.4839699864387512,-0.0843425244092941
1743715050138490400,15.264490478515626,-1.8260148191988468,4.947288060367107,-1.055202369203046,1743715050138490400,15.264490478515626,0.0684493705630302,-0.5200573801994324,-0.1658107787370681
1743715050148454400,15.274454345703123,-1.255201136869192,4.424990279403328,-1.5896496568396687,1743715050148454400,15.274454345703123,-0.0001603165874257,-0.5425078272819519,-0.2771700322628021
1743715050158418400,15.28441845703125,-0.9109703508138656,3.536377306348085,-1.7221220446564256,1743715050158418400,15.28441845703125,-0.0467475280165672,-0.5905795097351074,-0.3388403356075287
1743715050168381400,15.29438134765625,-0.8122456996243447,2.3757757766276595,-1.5667508656807243,1743715050168381400,15.29438134765625,-0.0615581646561622,-0.6598358154296875,-0.3461834788322449
1743715050178345500,15.304345458984375,-0.6122843413591385,1.245070203477144,-1.2995108187168836,1743715050178345500,15.304345458984375,-0.054572258144617,-0.7437633872032166,-0.2917663156986236
1743715050188308500,15.31430859375,-0.3683797234058379,0.0074158292144536,-1.0187536299888045,1743715050188308500,15.31430859375,-0.0093129016458988,-0.7690490484237671,-0.2756328880786896
1743715050198272500,15.3242724609375,-0.1985901429772376,-1.005353684863448,-0.5383745806155726,1743715050198272500,15.3242724609375,0.0432366617023944,-0.7753410339355469,-0.2576994001865387
1743715050208235500,15.334235595703126,-0.2502209614932537,-1.8873481165617705,-0.0414623843914829,1743715050208235500,15.334235595703126,0.0972476974129676,-0.793418288230896,-0.2195131480693817
1743715050218199600,15.344199462890623,-0.24018713180013,-2.3773761975616217,0.5093887611605227,1743715050218199600,15.344199462890623,0.1562136560678482,-0.8004361987113953,-0.2119577825069427
1743715050228163600,15.35416357421875,-0.1395744749069213,-2.2709400221467018,0.9226222832281142,1743715050228163600,15.35416357421875,0.1837909519672393,-0.7989826798439026,-0.2379747331142425
1743715050238126600,15.364126708984376,0.1094050351578742,-1.6236001494973895,1.057843969753012,1743715050238126600,15.364126708984376,0.1876685470342636,-0.7628105878829956,-0.2620643675327301
1743715050248090600,15.374090576171875,0.2982430879928171,-0.7022223864376544,1.0630069785393774,1743715050248090600,15.374090576171875,0.1836895197629928,-0.678425669670105,-0.2318017929792404
1743715050258053400,15.384053466796876,0.3872246360640972,0.2008119106799364,0.9145086079426108,1743715050258053400,15.384053466796876,0.1731625348329544,-0.5718063712120056,-0.1665537804365158
1743715050268017400,15.394017333984374,0.4180745323579758,0.9735223763167856,0.6225447463497519,1743715050268017400,15.394017333984374,0.1520572453737259,-0.4659693837165832,-0.1125121191143989
1743715050277980400,15.40398046875,0.4495652107734232,1.5551935527473688,0.2527784639563411,1743715050277980400,15.40398046875,0.1144689992070198,-0.3698123395442962,-0.0865125209093093
1743715050287944200,15.413944091796877,0.4535363794267177,1.8888287105083463,-0.1451364472824614,1743715050287944200,15.413944091796877,0.0725745484232902,-0.3122342824935913,-0.0745014026761055
1743715050297908200,15.423908203125,0.4732897121667861,2.002454505166411,-0.4416375595793128,1743715050297908200,15.423908203125,0.0317247845232486,-0.282672643661499,-0.0604953095316886
1743715050307871200,15.433871337890626,0.5036171189565212,2.012301945441961,-0.6362944547608494,1743715050307871200,15.433871337890626,0.0001804403727874,-0.2799825966358185,-0.0344179049134254
1743715050317835300,15.443835205078123,0.5198374917974695,1.947929718774557,-0.6782572812214493,1743715050317835300,15.443835205078123,-0.0205245111137628,-0.2567748427391052,-0.0040000434964895
1743715050327798300,15.45379833984375,0.4368598968487233,1.852010845720768,-0.7055982926115393,1743715050327798300,15.45379833984375,-0.0205234456807374,-0.2210496068000793,0.0087924506515264
1743715050337762300,15.46376220703125,0.5699731398522854,1.6544395243972538,-0.8403592297568917,1743715050337762300,15.46376220703125,-0.0308965221047401,-0.2391617447137832,0.0146260969340801
1743715050347726300,15.473726318359375,0.7731681462764739,1.407307176569104,-0.9748176768243312,1743715050347726300,15.473726318359375,-0.0271736904978752,-0.2288910001516342,0.0229514054954051
1743715050357689300,15.483689453125,0.8401649492938071,1.3335101189523937,-0.9807971165601164,1743715050357689300,15.483689453125,-0.0129906935617327,-0.2297704070806503,0.0394694022834301
1743715050367653400,15.4936533203125,0.7990963682591915,1.3724077126234768,-0.952809258633852,1743715050367653400,15.4936533203125,0.0014052899787202,-0.2216288447380066,0.0664999559521675
1743715050377616400,15.503616455078124,0.4966273331344127,1.4790437945246695,-0.9220824041977524,1743715050377616400,15.503616455078124,0.0068233236670494,-0.2371204942464828,0.0983742773532867
1743715050387580400,15.513580322265623,0.6427951418917626,1.456959388488531,-1.04954361278899,1743715050387580400,15.513580322265623,0.005408652126789,-0.2539173364639282,0.11514712870121
1743715050397543400,15.52354345703125,0.9982217871569096,1.366985687574744,-1.135506105300039,1743715050397543400,15.52354345703125,0.0059994431212544,-0.2105372846126556,0.0897421538829803
1743715050407507500,15.533507568359376,1.15922023142986,1.2748615306288005,-1.0789415567088871,1743715050407507500,15.533507568359376,0.0007045464590191,-0.1609942317008972,0.084522895514965
1743715050417471500,15.543471435546875,1.0860030925929545,1.2440227402508257,-0.9680411684267224,1743715050417471500,15.543471435546875,-0.0099480655044317,-0.1300352662801742,0.1111039072275161
1743715050427434500,15.5534345703125,0.9715711691837756,1.2228875977635385,-0.8778176574703306,1743715050427434500,15.5534345703125,-0.0380409508943557,-0.1304483264684677,0.179945558309555
1743715050437398500,15.5633984375,0.7568518022477626,1.1190624816298484,-0.7449389538750052,1743715050437398500,15.5633984375,-0.0412473604083061,-0.0727481991052627,0.222167819738388
1743715050447361500,15.573361572265624,0.6718436147868633,0.9100117349147796,-0.6879690393533557,1743715050447361500,15.573361572265624,-0.0567054152488708,-0.0603008493781089,0.2666604220867157
1743715050457325600,15.58332568359375,0.7530511678557843,0.4170505230724811,-0.834685275773704,1743715050457325600,15.58332568359375,-0.0711212828755378,-0.0734589546918869,0.298169195652008
1743715050467288600,15.59328857421875,0.7455809781055897,-0.0624117402493953,-0.9650785192288458,1743715050467288600,15.59328857421875,-0.0933046117424964,-0.1009158790111541,0.3196728825569153
1743715050477252600,15.603252685546876,0.6167069070417434,-0.6007634149134159,-0.966955638212338,1743715050477252600,15.603252685546876,-0.1097940951585769,-0.1251290589570999,0.3340735733509063
1743715050487216400,15.61321630859375,0.5676466696660966,-1.1898919216126205,-0.9172117294214666,1743715050487216400,15.61321630859375,-0.1158250868320465,-0.1415826082229614,0.3364435136318207
1743715050497179400,15.623179443359374,0.6962872242350131,-1.7995862464785577,-0.9244296979762612,1743715050497179400,15.623179443359374,-0.1205091327428817,-0.1344425678253173,0.3231192529201507
1743715050507143400,15.633143310546876,0.8158136943042278,-2.400342647129297,-0.9637759121976792,1743715050507143400,15.633143310546876,-0.126133993268013,-0.1097236275672912,0.3207836449146271
1743715050517106400,15.6431064453125,0.8722970674179494,-2.831020129016041,-0.9607474312219768,1743715050517106400,15.6431064453125,-0.1295456290245056,-0.0860363617539405,0.3466711342334747
1743715050527070500,15.653070556640625,0.8435960197210312,-3.120278969433904,-0.8663647547595202,1743715050527070500,15.653070556640625,-0.1421106904745102,-0.1167191714048385,0.4215999841690063
1743715050537034500,15.663034423828124,0.3497172546423971,-3.509374733132124,-0.4537375280220061,1743715050537034500,15.663034423828124,-0.1168332993984222,-0.2368330508470535,0.6009484529495239
1743715050546997200,15.672997314453124,-0.9039362143933772,-3.9768613119781016,0.3236868874594569,1743715050546997200,15.672997314453124,-0.0168795399367809,-0.4273734390735626,0.8775456547737122
1743715050556961300,15.682961181640623,-1.120265427678823,-5.147151876541972,0.4647926635868847,1743715050556961300,15.682961181640623,0.0650982111692428,-0.526343584060669,0.911377727985382
1743715050566924300,15.69292431640625,0.1322524614557624,-6.60532823960483,-0.0469488301456673,1743715050566924300,15.69292431640625,0.0709616988897323,-0.4852435290813446,0.6247568726539612
1743715050576888300,15.702888427734376,0.5710531901739537,-7.574022465112804,-0.9179881206214427,1743715050576888300,15.702888427734376,-0.022041680291295,-0.3221408128738403,0.159459188580513
1743715050586852400,15.712852294921875,0.2465618544638156,-7.664775918227433,-1.1750248996093868,1743715050586852400,15.712852294921875,-0.1473852097988128,-0.1974127441644668,-0.3138311207294464
1743715050596815400,15.7228154296875,-0.5238847578942776,-5.796694227671623,-0.6406172863960266,1743715050596815400,15.7228154296875,-0.1270185708999633,-0.0763836652040481,-0.5264586806297302
1743715050606779400,15.732779296875,-1.488655380217731,-1.939371733787656,-0.0271216878172941,1743715050606779400,15.732779296875,-0.1141046360135078,0.0513503290712833,-0.5190963745117188
1743715050616742400,15.742742431640623,-1.1410557022511958,0.6735574329674243,0.1668774558415636,1743715050616742400,15.742742431640623,-0.0787201076745987,0.0964410752058029,-0.445171058177948
1743715050626706400,15.75270654296875,-0.973675667182356,3.144686849981546,0.7521027810897678,1743715050626706400,15.75270654296875,0.0048437668010592,0.1696316599845886,-0.3113914132118225
1743715050636669400,15.76266943359375,-1.6374518569782377,4.939163790622353,1.20481454626061,1743715050636669400,15.76266943359375,0.0875113904476165,0.2475777119398117,-0.1575862020254135
1743715050646633500,15.772633544921876,-2.1446739416241645,5.992103987047076,1.2990439318574964,1743715050646633500,15.772633544921876,0.1041566804051399,0.2811700403690338,-0.0454684533178806
1743715050656597200,15.78259716796875,-2.1521441313743592,6.281733414342999,0.9553471065483988,1743715050656597200,15.78259716796875,0.0583997629582881,0.2473162561655044,0.0039572920650243
1743715050666560500,15.792560546875,-1.6724143031574783,5.812061308151483,0.5913280625700951,1743715050666560500,15.792560546875,-0.0039680106565356,0.1857330650091171,0.0113350469619035
1743715050676524300,15.802524169921876,-0.9516741171240806,4.416851981133222,0.5800669195717201,1743715050676524300,15.802524169921876,-0.0666407421231269,0.1095824912190437,-0.0273276921361684
1743715050686487600,15.812487548828123,-0.1986637927353382,2.441002574297785,0.6927863034419715,1743715050686487600,15.812487548828123,-0.0807333886623382,0.0686065629124641,-0.1244779452681541
1743715050696451300,15.822451416015625,-0.0268050778824836,1.0541671078711747,0.8042669758301227,1743715050696451300,15.822451416015625,-0.0539919286966323,0.1152745112776756,-0.1935939043760299
1743715050706415400,15.832415283203124,-0.4167161765515804,-0.1259925242781639,0.7659126221902668,1743715050706415400,15.832415283203124,-0.0349372774362564,0.1825235933065414,-0.1881855577230453
1743715050716378400,15.84237841796875,-0.7013468457121401,-1.1779402025341987,0.527582516433671,1743715050716378400,15.84237841796875,-0.0128398891538381,0.2324380576610565,-0.1418743133544922
1743715050726342400,15.85234228515625,-0.7061655711054802,-1.8649539139240976,0.3772640177376568,1743715050726342400,15.85234228515625,-0.0096534173935651,0.2739284932613373,-0.1335868239402771
1743715050736305400,15.862305419921874,-0.6418317767523228,-2.094779153120517,0.3421901836058125,1743715050736305400,15.862305419921874,-0.0183072555810213,0.2981300354003906,-0.1841504126787185
1743715050746269400,15.87226953125,-0.7155424712598324,-1.8369009548723696,0.3187554954718798,1743715050746269400,15.87226953125,-0.0149042699486017,0.306542694568634,-0.2620271146297455
1743715050756232400,15.882232421875,-0.7950573220014572,-1.1570540663719178,0.2166588105659931,1743715050756232400,15.882232421875,-0.0120337232947349,0.2861700654029846,-0.3217598497867584
1743715050766196500,15.892196533203125,-0.5500164665598422,-0.691762367221713,-0.0045832726696506,1743715050766196500,15.892196533203125,-0.0186809729784727,0.2336376011371612,-0.3531401455402374
1743715050776160500,15.902160400390626,-0.2286403402607887,-0.3111386637926101,-0.1760214057565666,1743715050776160500,15.902160400390626,-0.0304443873465061,0.2038885802030563,-0.3535987734794616
1743715050786123500,15.91212353515625,-0.081699720500037,0.0691045158863067,-0.1794708886233158,1743715050786123500,15.91212353515625,-0.0381126925349235,0.1936458051204681,-0.3278254866600036
1743715050796087600,15.922087646484377,-0.0810321965020149,0.4707622395157814,-0.0882140525638125,1743715050796087600,15.922087646484377,-0.045533187687397,0.1892582923173904,-0.2772427797317505
1743715050806050300,15.93205029296875,-0.1164578032135963,0.7912637749373912,-0.0432196124555077,1743715050806050300,15.93205029296875,-0.0507817454636096,0.1951374858617782,-0.2254344224929809
1743715050816014600,15.9420146484375,-0.0002618658065795,0.94926939406991,-0.0497903234821744,1743715050816014600,15.9420146484375,-0.0603633970022201,0.1856208145618438,-0.1779718846082687
1743715050825978600,15.951978515625,0.1641524513244628,1.0993921509981155,-0.0824039049803279,1743715050825978600,15.951978515625,-0.0459024310111999,0.1677691042423248,-0.1262434422969818
1743715050835941400,15.96194140625,0.3124386404752731,1.3160177168816327,-0.0798296340455301,1743715050835941400,15.96194140625,-0.0274912770837545,0.1570142060518264,-0.0744970738887786
1743715050845905400,15.971905517578126,0.4891852735001593,1.48637252997756,-0.1717286039334721,1743715050845905400,15.971905517578126,-0.0030772797763347,0.1376501023769378,-0.0329469703137874
1743715050855868400,15.981868408203123,0.620233839058876,1.6855167997062206,-0.2577830490442924,1743715050855868400,15.981868408203123,0.0159297082573175,0.1081587150692939,-0.0018072186503559
1743715050865832400,15.99183251953125,0.6159259127318859,1.8804045810341836,-0.3322516675133258,1743715050865832400,15.99183251953125,0.0301459282636642,0.0866102799773216,0.0313589908182621
1743715050875796200,16.001796142578126,0.5512064800620079,1.992921537667513,-0.3063613298555835,1743715050875796200,16.001796142578126,0.0466195754706859,0.0734733939170837,0.0615688376128673
1743715050885759200,16.01175927734375,0.5394471417505293,2.073555163305998,-0.2385534296510741,1743715050885759200,16.01175927734375,0.0609559044241905,0.0793986618518829,0.0786721929907798
1743715050895723300,16.02172314453125,0.4799858488045632,2.1533494155108928,-0.1007254148189909,1743715050895723300,16.02172314453125,0.0615621395409107,0.0526879169046878,0.0824783891439437
1743715050905686300,16.031686279296874,0.6896165142994374,2.060953455886245,-0.0510284595755394,1743715050905686300,16.031686279296874,0.0500634089112281,0.0253822598606348,0.0669982358813285
1743715050915650300,16.041650390625,0.790723749776557,1.913070586839318,0.1171398489273153,1743715050915650300,16.041650390625,0.0505293831229209,-0.0008826488628983,0.0760197788476944
1743715050925614300,16.0516142578125,0.7462332314692437,1.8404805669248103,0.3399388610150665,1743715050925614300,16.0516142578125,0.0537989474833011,-0.0170147474855184,0.0934560224413871
1743715050935577300,16.061577392578126,0.7213643092811107,1.7312527149647474,0.4680338374651968,1743715050935577300,16.061577392578126,0.0548131167888641,-0.0060287448577582,0.1060761511325836
1743715050945541400,16.071541259765624,0.650280529211089,1.5473966152608394,0.4992834371337666,1743715050945541400,16.071541259765624,0.0495214164257049,-0.0077605987899005,0.118050530552864
1743715050955504400,16.08150439453125,0.7663969716411083,1.2449725883215663,0.4022228101663291,1743715050955504400,16.08150439453125,0.0473381578922271,-0.0207485686987638,0.1178393363952636
1743715050965468400,16.091468505859375,0.8678255480270832,0.9161942229419946,0.3698671854846179,1743715050965468400,16.091468505859375,0.0442262515425682,0.0044963341206312,0.1551171988248825
1743715050975431400,16.101431396484376,0.7805166824083775,0.6463204664736986,0.430397642032057,1743715050975431400,16.101431396484376,0.0612408258020877,0.0163579192012548,0.197619080543518
1743715050985395500,16.1113955078125,0.6813303319912404,0.2443704818993806,0.4853701356587931,1743715050985395500,16.1113955078125,0.0879198461771011,0.0096169263124465,0.2377806156873703
1743715050995359500,16.121359375,0.9677226770620792,-0.1787257510781288,0.3511817742370068,1743715050995359500,16.121359375,0.0997650474309921,0.0279971696436405,0.2674083113670349
1743715051005322500,16.131322509765624,1.2036883917748928,-0.5664063872814178,0.1914416777283884,1743715051005322500,16.131322509765624,0.113651305437088,0.0375041216611862,0.3030720353126526
1743715051015286800,16.141286865234374,1.1534697050791234,-0.979711878606677,0.2003634910590015,1743715051015286800,16.141286865234374,0.1217875182628631,0.0653545632958412,0.3490819036960602
1743715051025249800,16.151249755859375,1.197248129594326,-1.456205939772725,0.2327573836581781,1743715051025249800,16.151249755859375,0.128277376294136,0.0827852189540863,0.3776794672012329
1743715051035213800,16.1612138671875,1.2746003954745828,-2.006952401107549,0.2904877794246189,1743715051035213800,16.1612138671875,0.1339788734912872,0.1029531508684158,0.386290043592453
1743715051045177600,16.171177490234374,1.2583482027232646,-2.5303385618299243,0.4502948036896064,1743715051045177600,16.171177490234374,0.1349107027053833,0.1179800331592559,0.3798156380653381
1743715051055140600,16.181140625,1.2813327724695205,-2.975395282202959,0.5949934532098472,1743715051055140600,16.181140625,0.139469712972641,0.1101014763116836,0.3742959201335907
1743715051065104600,16.191104736328125,1.336812083107233,-3.108420773857832,0.7476110956937074,1743715051065104600,16.191104736328125,0.1407653391361236,0.1176832243800163,0.4049651324748993
1743715051075067600,16.201067626953126,1.3544365871250628,-2.900827824735641,0.8932260928738862,1743715051075067600,16.201067626953126,0.1484978944063186,0.1280453950166702,0.4915791153907776
1743715051085031400,16.211031494140624,1.115489810774848,-2.8664374793559317,1.0044816512692718,1743715051085031400,16.211031494140624,0.1715835183858871,0.133051335811615,0.6238002777099609
1743715051094995700,16.22099560546875,-0.233773830691725,-3.210425688827037,1.482013750246167,1743715051094995700,16.22099560546875,0.3202964961528778,0.1731674522161483,0.7589836120605469
1743715051104958500,16.23095849609375,-1.0551356606423854,-3.75076941409111,1.5389479358673095,1743715051104958500,16.23095849609375,0.5118395686149597,0.1983732134103775,0.7491663694381714
1743715051114922500,16.240922607421876,0.2794320045389235,-5.200155736976861,-0.2364222080423496,1743715051114922500,16.240922607421876,0.5335313677787781,0.116193413734436,0.4782732129096985
1743715051124885500,16.250885498046873,0.892394245159626,-5.851750344461203,-2.083204596791416,1743715051124885500,16.250885498046873,0.4586467444896698,0.0083825290203094,0.1527377218008041
1743715051134849500,16.260849609375,-0.4565947440840304,-4.863792031034827,-3.09578896356076,1743715051134849500,16.260849609375,0.3262557685375213,-0.0585590526461601,-0.0524165518581867
1743715051144812500,16.2708125,-1.318691904526949,-2.862456300765276,-3.26763986043334,1743715051144812500,16.2708125,0.2164970636367797,-0.068362683057785,-0.1805151253938675
1743715051154776600,16.280776611328125,-1.2230967104695736,-1.046385952475667,-2.6316215922653674,1743715051154776600,16.280776611328125,0.1150921359658241,-0.0494697839021682,-0.3045957684516907
1743715051164740600,16.29074072265625,-0.8076865019500256,0.6505939060091972,-1.5260101283609866,1743715051164740600,16.29074072265625,0.0232088174670934,-0.1693104356527328,-0.3380980789661407
1743715051174703600,16.30070361328125,-1.195050181158632,2.371179681009054,-0.5033742501113564,1743715051174703600,16.30070361328125,0.0087848044931888,-0.3196120262145996,-0.2090836316347122
1743715051184667600,16.310667724609374,-2.0966089988961816,3.90530297319889,0.3654541913479566,1743715051184667600,16.310667724609374,0.0608237721025943,-0.419890433549881,-0.0671792328357696
1743715051194630700,16.320630615234375,-2.328088727301359,4.854619129019976,0.5024784703154117,1743715051194630700,16.320630615234375,0.0979794263839721,-0.5089901089668274,-0.0419697761535644
1743715051204594700,16.3305947265625,-1.681050029555708,4.7031122242569925,-0.1672497232200577,1743715051204594700,16.3305947265625,0.0673344358801841,-0.6107196807861328,-0.1482208520174026
1743715051214558700,16.340558837890626,-0.8673157718740403,3.720062725660205,-0.9156701260026544,1743715051214558700,16.340558837890626,0.0133831202983856,-0.6916459798812866,-0.3150713443756103
1743715051224521700,16.350521728515623,-0.4351858992218971,2.584194655179977,-1.3242030691638589,1743715051224521700,16.350521728515623,0.0002159192226827,-0.750339925289154,-0.4402543008327484
1743715051234485500,16.360485595703125,-0.4037514810383319,1.3619091149628162,-1.4392840310662984,1743715051234485500,16.360485595703125,0.0047180894762277,-0.8277592062950134,-0.4628367722034454
1743715051244448800,16.37044873046875,-0.476780330761522,0.0092658409953117,-1.5282045696653426,1743715051244448800,16.37044873046875,0.0063753742724657,-0.9406570196151732,-0.40794637799263
1743715051254412500,16.38041259765625,-0.6724690532088279,-1.2388006216883658,-1.4685225466407834,1743715051254412500,16.38041259765625,0.0347477607429027,-0.9660419225692748,-0.3708491027355194
1743715051264376600,16.39037646484375,-0.8969675444245337,-1.8866425986409183,-1.0936837102234362,1743715051264376600,16.39037646484375,0.0577129982411861,-0.9634780883789062,-0.3433429002761841
1743715051274339600,16.400339599609374,-1.043213825245574,-2.38564192160368,-0.6164739750687033,1743715051274339600,16.400339599609374,0.0832706540822982,-0.950586199760437,-0.3160114288330078
1743715051284303600,16.4103037109375,-1.0155540302298962,-2.3033757263273,0.0355449222423136,1743715051284303600,16.4103037109375,0.1059594601392746,-0.9297765493392944,-0.3081409931182861
1743715051294266600,16.4202666015625,-0.6072949355740099,-1.6399673469305038,0.4285387893576174,1743715051294266600,16.4202666015625,0.1057353243231773,-0.9106152653694152,-0.3284963369369507
1743715051304230700,16.430230712890626,0.0106454587854444,-0.8589449800223111,0.7551338193487376,1743715051304230700,16.430230712890626,0.0933787897229194,-0.8755795359611511,-0.3462159633636474
1743715051314193700,16.440193603515624,0.3225100987650454,-0.0004354688078165,1.056380692267418,1743715051314193700,16.440193603515624,0.0720852836966514,-0.824863851070404,-0.3331805169582367
1743715051324157700,16.45015771484375,0.3842739695649594,0.8321692012995481,1.1781512880016118,1743715051324157700,16.45015771484375,0.0496329665184021,-0.7556334137916565,-0.2898586094379425
1743715051334121700,16.460121826171875,0.3520388294577598,1.5126339294373987,1.1477690092194823,1743715051334121700,16.460121826171875,0.0196097195148468,-0.6884240508079529,-0.215314045548439
1743715051344084700,16.470084716796876,0.2241628295205533,1.978773769849539,0.938860812780261,1743715051344084700,16.470084716796876,-0.0149280177429318,-0.6146116256713867,-0.1449988633394241
1743715051354048800,16.480048828125,0.0884790784418582,2.2378742033690213,0.6456031119845808,1743715051354048800,16.480048828125,-0.0452085249125957,-0.5325082540512085,-0.084517166018486
1743715051364011500,16.490011474609375,-0.0464414331793785,2.286595856440067,0.3780023419495671,1743715051364011500,16.490011474609375,-0.0760282203555107,-0.4679790139198303,-0.0336617082357406
1743715051373975600,16.4999755859375,-0.0349485637843608,2.170707962068916,0.1268455609109252,1743715051373975600,16.4999755859375,-0.1040198132395744,-0.4256710410118103,-0.001548235071823
1743715051383939800,16.50993994140625,0.1040180083572864,2.022322404196858,-0.0717678168114274,1743715051383939800,16.50993994140625,-0.1179276332259178,-0.3808444440364837,0.0120788933709263
1743715051393902600,16.519902587890623,0.2201940720200538,1.823000439813733,-0.2123103147665969,1743715051393902600,16.519902587890623,-0.1182399541139602,-0.3449176549911499,0.0135619565844535
1743715051403866600,16.52986669921875,0.367559054672718,1.6772914076745509,-0.2648923695928417,1743715051403866600,16.52986669921875,-0.1030974835157394,-0.318869799375534,-0.0047763045877218
1743715051413829600,16.53982958984375,0.5356302868761121,1.6131290243655445,-0.3451924706943333,1743715051413829600,16.53982958984375,-0.0799821838736534,-0.2926268279552459,-0.0254027377814054
1743715051423793700,16.549793701171875,0.5960756954886018,1.5932897669076918,-0.4819281419787555,1743715051423793700,16.549793701171875,-0.053472813218832,-0.2581221163272857,-0.0243742242455482
1743715051433756700,16.559756591796877,0.5274949112154543,1.6183973201572894,-0.5797530313169583,1743715051433756700,16.559756591796877,-0.028661735355854,-0.2246995866298675,-0.016050811856985
1743715051443720700,16.569720703125,0.5092892463088036,1.63225341155231,-0.6354482131950557,1743715051443720700,16.569720703125,-0.0108126979321241,-0.1888182908296585,0.0055551482364535
1743715051453684500,16.5796845703125,0.393587960550934,1.683085773167014,-0.6853304344780743,1743715051453684500,16.5796845703125,0.003696201601997,-0.1582722067832946,0.0381799675524234
1743715051463647500,16.5896474609375,0.4552057739436626,1.6707015078902243,-0.7035420907340943,1743715051463647500,16.5896474609375,0.006772419437766,-0.1771942377090454,0.0448149666190147
1743715051473611500,16.599611572265626,0.8480044838130474,1.5261130042135715,-0.8442908701173961,1743715051473611500,16.599611572265626,0.001001413562335,-0.1870387345552444,0.0606855787336826
1743715051483574500,16.609574462890624,0.9004512948870659,1.5388678563684224,-0.804661820366606,1743715051483574500,16.609574462890624,0.0006797037785872,-0.1667084395885467,0.0908583924174308
1743715051493538600,16.61953857421875,0.7838344286542386,1.6672791322261094,-0.7685819144647568,1743715051493538600,16.61953857421875,-0.0203459858894348,-0.1396584212779998,0.1295788884162902
1743715051503502600,16.629502685546875,0.657806686932221,1.6706027236908674,-0.7550853770971298,1743715051503502600,16.629502685546875,-0.0563689656555652,-0.095899760723114,0.1539249718189239
1743715051513465600,16.639465576171876,0.7293268125928938,1.4866975241482256,-0.6995118123047054,1743715051513465600,16.639465576171876,-0.0960159078240394,-0.0321180969476699,0.1477514207363128
1743715051523429600,16.6494296875,0.927384748389572,1.086186632466316,-0.7100339369714259,1743715051523429600,16.6494296875,-0.1456335335969925,0.005301178433001,0.1533792167901992
1743715051533392600,16.659392578125,0.9095255588330328,0.5494593441337347,-0.7677193062860518,1743715051533392600,16.659392578125,-0.1900355070829391,0.0257169902324676,0.1910667419433593
1743715051543356700,16.669356689453124,0.5453132573049515,0.085810736015439,-0.7442505332194268,1743715051543356700,16.669356689453124,-0.2250062823295593,0.0440512560307979,0.2525615096092224
1743715051553320700,16.67932080078125,0.3714825117267668,-0.3880149827241897,-0.6176077283389866,1743715051553320700,16.67932080078125,-0.2447097450494766,0.0818240642547607,0.2899421453475952
1743715051563283700,16.68928369140625,0.5135482189275324,-1.0970815359681845,-0.5120223245345056,1743715051563283700,16.68928369140625,-0.2689679563045501,0.1163311749696731,0.2893296182155609
1743715051573247700,16.699247802734376,0.5992239303864538,-1.79601949390769,-0.399848080391623,1743715051573247700,16.699247802734376,-0.2818541526794433,0.139926940202713,0.2751408517360687
1743715051583210800,16.709210693359374,0.5830511595468968,-2.306341590395569,-0.2535614310275763,1743715051583210800,16.709210693359374,-0.2774420976638794,0.1504610776901245,0.2518579065799713
1743715051593174800,16.7191748046875,0.748363375365734,-2.614257785010338,-0.2487586521220393,1743715051593174800,16.7191748046875,-0.2661239504814148,0.175566166639328,0.23855622112751
1743715051603138600,16.729138671875,0.988621526575461,-2.6056775881916283,-0.4229228491719812,1743715051603138600,16.729138671875,-0.267786830663681,0.2193019241094589,0.2584391236305237
1743715051613101800,16.739101806640626,1.223161007877439,-2.407038345375657,-0.5904401007544249,1743715051613101800,16.739101806640626,-0.3215690851211548,0.2610389292240143,0.3386651873588562
1743715051623065600,16.749065673828124,1.1596806154832244,-2.4263866044461726,-0.5101321634063497,1743715051623065600,16.749065673828124,-0.3994015753269195,0.2199974805116653,0.4814452230930328
1743715051633028600,16.759028564453125,0.123092126661539,-2.975193622151017,0.2140609212935902,1743715051633028600,16.759028564453125,-0.4507725238800049,0.1269717961549759,0.6419710516929626
1743715051642992600,16.76899267578125,-0.3601636837244034,-4.0664772854954006,0.8327218667462468,1743715051642992600,16.76899267578125,-0.4353666603565216,-0.0628114491701126,0.6806779503822327
1743715051652955600,16.77895556640625,0.6246947639904916,-5.734554290100932,1.0354534934423862,1743715051652955600,16.77895556640625,-0.3280708789825439,-0.1155429929494857,0.5741978287696838
1743715051662919400,16.78891943359375,0.6334113005399704,-6.97489863409996,0.864269974437356,1743715051662919400,16.78891943359375,-0.2147762775421142,-0.0296046435832977,0.3987908363342285
1743715051672883500,16.798883544921875,0.0562939880214631,-7.620265745371579,0.0745356923558749,1743715051672883500,16.798883544921875,-0.1857430636882782,0.1249028071761131,0.1509507000446319
1743715051682846500,16.808846435546876,-0.2873134054385125,-6.930654418703913,-0.6572825169276446,1743715051682846500,16.808846435546876,-0.2041585594415664,0.2688682377338409,-0.1149970814585685
1743715051692810500,16.818810546875,-0.8990202391706407,-3.853542975345254,-0.4868105437254533,1743715051692810500,16.818810546875,-0.2615032196044922,0.3516094088554382,-0.1873322576284408
1743715051702773500,16.8287734375,-1.2342052567221224,-1.392247554603219,-0.1924328989891335,1743715051702773500,16.8287734375,-0.3438564240932464,0.3941012322902679,-0.1372845321893692
1743715051712737500,16.838737548828124,-1.4394646483302116,0.8905255286782979,0.4327210434783249,1743715051712737500,16.838737548828124,-0.3723529875278473,0.4328312873840332,-0.0289700329303741
1743715051722701600,16.84870166015625,-1.6730828500688075,2.805111196255684,1.1490118488874286,1743715051722701600,16.84870166015625,-0.3664996325969696,0.4666899144649505,0.0956744253635406
1743715051732664600,16.85866455078125,-1.9053798862062397,3.983482191422581,1.5155239517904815,1743715051732664600,16.85866455078125,-0.3360021710395813,0.5504998564720154,0.1982985436916351
1743715051742628600,16.868628662109376,-2.134776963118464,4.623117481043934,1.55739193957448,1743715051742628600,16.868628662109376,-0.2867150604724884,0.6353934407234192,0.2228739261627197
1743715051752591600,16.878591552734374,-1.9375743289768692,4.506671368268132,1.3084335453629492,1743715051752591600,16.878591552734374,-0.2970731854438782,0.6504024863243103,0.1560394912958145
1743715051762555600,16.8885556640625,-1.4655132818222043,3.8110523256182662,1.0752829611361026,1743715051762555600,16.8885556640625,-0.3246936202049255,0.6066358685493469,0.03207254037261
1743715051772519700,16.898519775390625,-1.0886275958776472,2.880518027156591,1.0941146489866078,1743715051772519700,16.898519775390625,-0.3204381465911865,0.5458489656448364,-0.1077552139759063
1743715051782482700,16.908482666015626,-0.9272248816527424,1.999002903407812,1.2337512293443085,1743715051782482700,16.908482666015626,-0.2711025476455688,0.5070046186447144,-0.2149663567543029
1743715051792446700,16.91844677734375,-0.881392374151945,1.2442436895251274,1.2603624651551246,1743715051792446700,16.91844677734375,-0.192822054028511,0.4831277132034302,-0.2710926532745361
1743715051802409700,16.92840966796875,-0.73850965147987,0.6118056179314851,1.0889004945348948,1743715051802409700,16.92840966796875,-0.1176809594035148,0.4565741419792175,-0.3022180795669555
1743715051812373800,16.938373779296874,-0.6093009416341781,0.1915916623920202,0.7771314238842576,1743715051812373800,16.938373779296874,-0.0627273246645927,0.4720098674297333,-0.3236605525016784
1743715051822336800,16.948336669921876,-0.5914518350802361,-0.0687929657191038,0.5181193993005901,1743715051822336800,16.948336669921876,-0.0322083011269569,0.5079265832901001,-0.3482812047004699
1743715051832300500,16.958300537109373,-0.5987411153055727,-0.1520803207367658,0.2992563201559707,1743715051832300500,16.958300537109373,-0.0279447492212057,0.5196498036384583,-0.3807853162288666
1743715051842264600,16.9682646484375,-0.5101753814935683,-0.0998766707688569,0.2474320979597047,1743715051842264600,16.9682646484375,-0.0253865178674459,0.5145916938781738,-0.4167084395885467
1743715051852227600,16.9782275390625,-0.398442707105726,0.0976397054970264,0.2800125443732366,1743715051852227600,16.9782275390625,-0.0131928026676177,0.5160720944404602,-0.4389806687831878
1743715051862191600,16.988191650390625,-0.3478535065971315,0.4067927484303713,0.3502607504019513,1743715051862191600,16.988191650390625,0.0018585841171443,0.5115753412246704,-0.435306042432785
1743715051872154600,16.998154541015627,-0.2405691899202764,0.7013228072494267,0.4169663884529844,1743715051872154600,16.998154541015627,0.0122289005666971,0.4949000775814056,-0.4159957468509674
1743715051882118700,17.00811865234375,-0.1191277530752122,1.00380236376822,0.4070804062653332,1743715051882118700,17.00811865234375,0.0113966632634401,0.4857468008995056,-0.386434406042099
1743715051892082700,17.018082763671874,-0.0853027864933013,1.2754875535726546,0.3768545236213133,1743715051892082700,17.018082763671874,0.0063488092273473,0.4937129914760589,-0.3472143113613128
1743715051902045700,17.028045654296875,-0.0815524940490722,1.465284733763337,0.3570685672532767,1743715051902045700,17.028045654296875,-0.0046026417985558,0.4928405582904815,-0.3052918910980224
1743715051912009700,17.038009765625,-0.0719383510727435,1.6227280428379771,0.349843365240097,1743715051912009700,17.038009765625,-0.0210174340754747,0.4764608144760132,-0.2621026337146759
1743715051921972500,17.047972412109374,-0.0680218352161347,1.730626692020893,0.3217150393972173,1743715051921972500,17.047972412109374,-0.0344861038029193,0.467958927154541,-0.2201850116252899
1743715051931936800,17.057936767578123,-0.0209399121761322,1.7764450248658656,0.2665862957628443,1743715051931936800,17.057936767578123,-0.0411672107875347,0.4532841444015503,-0.1740476042032241
1743715051941900800,17.06790087890625,0.0710685094356536,1.7277794858962296,0.1980634522220119,1743715051941900800,17.06790087890625,-0.0454240068793296,0.436748594045639,-0.1368919909000396
1743715051951863600,17.077863525390626,0.1738416322983801,1.5861527546346186,0.1731523713925853,1743715051951863600,17.077863525390626,-0.0352129414677619,0.4137344658374786,-0.1118356734514236
1743715051961827600,17.08782763671875,0.2525169634759426,1.4377923312038183,0.1911980599645525,1743715051961827600,17.08782763671875,-0.0092535158619284,0.391847014427185,-0.0932614579796791
1743715051971790600,17.09779052734375,0.3103973439060151,1.3207763095855711,0.2394346329323947,1743715051971790600,17.09779052734375,0.0133310165256261,0.3659184575080871,-0.0743603929877281
1743715051981754600,17.107754638671874,0.3631764556743204,1.2367477808117866,0.2980868014525622,1743715051981754600,17.107754638671874,0.0414587929844856,0.3456528782844543,-0.0576453283429145
1743715051991717600,17.117717529296876,0.441664666781947,1.2163947286128998,0.3995179351218044,1743715051991717600,17.117717529296876,0.0691842660307884,0.3299020826816559,-0.0360582657158374
1743715052001681700,17.127681640625,0.4139511688176542,1.22023620647192,0.5362480169156566,1743715052001681700,17.127681640625,0.0948105305433273,0.3457968831062317,-0.0001194418873637
1743715052011645700,17.137645751953126,0.4088578642666339,1.244383974778652,0.7009983976006507,1743715052011645700,17.137645751953126,0.1032022163271904,0.3099017441272735,0.0078410813584923
1743715052021608700,17.147608642578124,0.8414741321962326,1.0979384450584648,0.7584891941912472,1743715052021608700,17.147608642578124,0.1029670611023902,0.2783211767673492,0.0126875024288892
1743715052031572700,17.15757275390625,0.9233048586647956,0.9528735560417174,0.8924152148824185,1743715052031572700,17.15757275390625,0.1107459887862205,0.2705457210540771,0.0578018762171268
1743715052041535700,17.16753564453125,0.8009386351250112,0.8983850100070238,1.0589540498867631,1743715052041535700,17.16753564453125,0.122448980808258,0.2708165645599365,0.1167717203497886
1743715052051499800,17.177499755859376,0.7661410241186618,0.784995946714282,1.1367897153697908,1743715052051499800,17.177499755859376,0.1245526447892189,0.2798886001110077,0.1592067927122116
1743715052061463800,17.1874638671875,0.8638906197309494,0.6428197648763656,1.101601643741131,1743715052061463800,17.1874638671875,0.1203736141324043,0.2897771894931793,0.2002234756946563
1743715052071426800,17.1974267578125,1.0473989289104937,0.5240986929059028,1.0843233228124678,1743715052071426800,17.1974267578125,0.1215596199035644,0.3044469058513641,0.2390686124563217
1743715052081390800,17.207390869140625,1.0656127771236,0.2923065375506877,1.200365896288678,1743715052081390800,17.207390869140625,0.1340170800685882,0.3346016108989715,0.2886366844177246
1743715052091353900,17.217353759765626,0.9186686502315105,0.0182967041909694,1.191522153162956,1743715052091353900,17.217353759765626,0.1460113078355789,0.3507847189903259,0.3323862850666046
1743715052101318000,17.22731787109375,0.926309374243021,-0.4190203618407249,1.066873517774418,1743715052101318000,17.22731787109375,0.1681600213050842,0.3452914357185364,0.3525996804237366
1743715052111282000,17.237281982421877,1.096463842461258,-1.0845248367339373,0.8783876393780111,1743715052111282000,17.237281982421877,0.1972420215606689,0.3550651669502258,0.3451631367206573
1743715052121245000,17.247244873046874,1.2925135071754454,-1.8344284272789957,0.6292319690287113,1743715052121245000,17.247244873046874,0.2147789448499679,0.3666142225265503,0.3112515211105346
1743715052131209000,17.257208984375,1.44077763062492,-2.5551135221242904,0.467219817668572,1743715052131209000,17.257208984375,0.2275465726852417,0.3660672605037689,0.2844134867191314
1743715052141172000,17.267171875,1.4027216023445128,-3.031049364885688,0.4482560278709978,1743715052141172000,17.267171875,0.2449740320444107,0.3658366203308105,0.2834939062595367
1743715052151136000,17.277135986328126,1.1674831059277058,-3.139370038872957,0.5656310189947485,1743715052151136000,17.277135986328126,0.2474167495965957,0.3702675700187683,0.33684903383255
1743715052161100000,17.28710009765625,0.8666964709319174,-3.097175157222152,0.7143523116271943,1743715052161100000,17.28710009765625,0.2578118741512298,0.3729645311832428,0.4329087138175964
1743715052171063000,17.29706298828125,0.2865548421561718,-3.2888024754494425,1.1722061158616095,1743715052171063000,17.29706298828125,0.3360591530799866,0.4042666852474212,0.5464555025100708
1743715052181026800,17.30702685546875,-0.2883854185841977,-3.7296331025600433,1.7162835477612912,1743715052181026800,17.30702685546875,0.4644717276096344,0.4484900832176208,0.5902929902076721
1743715052190990000,17.316989990234376,0.2536614573359489,-4.601242333844304,1.2222708541046827,1743715052190990000,17.316989990234376,0.5115684270858765,0.4455733299255371,0.4701558351516723
1743715052200953900,17.326953857421874,1.0751099426567554,-5.371728109169006,-0.2010379014555364,1743715052200953900,17.326953857421874,0.443868488073349,0.4124633073806762,0.2026266604661941
1743715052210918000,17.33691796875,0.5776164942122995,-4.964551914379,-1.4751932565763592,1743715052210918000,17.33691796875,0.3072797656059265,0.3854946196079254,-0.0300410762429237
1743715052220881000,17.346880859375,-0.6536661530613899,-3.282551598361134,-2.02164786593616,1743715052220881000,17.346880859375,0.1952331513166427,0.4194057285785675,-0.141450434923172
1743715052230845000,17.356844970703126,-1.2165433433033526,-1.6236469112485643,-1.862853726774454,1743715052230845000,17.356844970703126,0.0516294091939926,0.434792011976242,-0.2436903715133667
1743715052240807700,17.3668076171875,-0.8375906418263912,-0.14685060338974,-1.1402367140185088,1743715052240807700,17.3668076171875,-0.0924524068832397,0.2503761053085327,-0.2605699896812439
1743715052250771700,17.376771728515624,-0.7744250144697725,1.3609551752388476,-0.2433076201745309,1743715052250771700,17.376771728515624,-0.1686902493238449,0.0588061064481735,-0.1577609926462173
1743715052260734700,17.386734619140626,-1.312639764881134,2.792956063559651,0.4181506663341074,1743715052260734700,17.386734619140626,-0.1346276104450225,-0.02024264074862,-0.0107398498803377
1743715052270698800,17.39669873046875,-1.7195733830869198,3.8241578909069296,0.6774271870728582,1743715052270698800,17.39669873046875,-0.0614978484809398,-0.0547401681542396,0.0647806674242019
1743715052280662800,17.406662841796877,-1.350341572896391,3.957178706386685,0.1823117015398107,1743715052280662800,17.406662841796877,-0.0506422705948352,-0.0884174406528472,0.0390545353293418
1743715052290625800,17.416625732421874,-0.8126188437856733,3.2269436929076907,-0.6320915962435305,1743715052290625800,17.416625732421874,-0.0892730504274368,-0.1152962818741798,-0.0791530385613441
1743715052300589800,17.42658984375,-0.5355718346871435,2.3013643865048885,-1.035665821018815,1743715052300589800,17.42658984375,-0.0753399282693862,-0.1308163851499557,-0.2153753340244293
1743715052310552800,17.436552734375,-0.5633936153315008,1.347349259212613,-1.2301147725380956,1743715052310552800,17.436552734375,-0.0359795056283474,-0.1524911522865295,-0.3052844107151031
1743715052320516900,17.446516845703126,-0.6405974126517773,0.3850608090937137,-1.3979818604715168,1743715052320516900,17.446516845703126,-0.0182170215994119,-0.2117387652397155,-0.3422496318817138
1743715052330481000,17.45648095703125,-0.7515652401469648,-0.4698778578966855,-1.4289131514385345,1743715052330481000,17.45648095703125,-0.0204862672835588,-0.3196214437484741,-0.3314342796802521
1743715052340444000,17.46644384765625,-0.8541584763981401,-1.230482290676236,-1.2309652518875895,1743715052340444000,17.46644384765625,-0.0090589094907045,-0.4000696837902069,-0.3143735527992248
1743715052350408000,17.476407958984375,-0.9113175568163394,-1.6422411370813843,-0.7077512328617275,1743715052350408000,17.476407958984375,0.0452008955180645,-0.401595264673233,-0.3272381126880646
1743715052360371000,17.486370849609376,-0.8925193328440189,-1.6358920603156089,-0.0153375392915448,1743715052360371000,17.486370849609376,0.0901140421628952,-0.3764292001724243,-0.3360803425312042
1743715052370335000,17.4963349609375,-0.6129986271083354,-1.408643978130817,0.3366131871910766,1743715052370335000,17.4963349609375,0.1132790893316268,-0.3658960461616516,-0.3555377721786499
1743715052380298800,17.506298828125,-0.1246796881139278,-0.9270517170429228,0.3959935969205573,1743715052380298800,17.506298828125,0.1172645092010498,-0.3407329022884369,-0.3745167851448059
1743715052390262000,17.516261962890624,0.1525564138159156,-0.3764712599247694,0.4506804785389453,1743715052390262000,17.516261962890624,0.1096046939492225,-0.2939301431179046,-0.3750526309013366
1743715052400225800,17.526225830078126,0.2159633025825023,0.2119049671024084,0.5427898763071746,1743715052400225800,17.526225830078126,0.0944244042038917,-0.2316816598176956,-0.360643059015274
1743715052410188800,17.536188720703127,0.2372926524676382,0.7322732413083315,0.6382792719025164,1743715052410188800,17.536188720703127,0.0615256763994693,-0.1850867718458175,-0.3308702409267425
1743715052420152800,17.54615283203125,0.3122667910397053,1.2028425886005163,0.6777743200100957,1743715052420152800,17.54615283203125,0.0135288592427968,-0.1519397348165512,-0.2993178963661194
1743715052430116900,17.556116943359374,0.3017968349516391,1.7269529719442127,0.7700830397427082,1743715052430116900,17.556116943359374,-0.0256704427301883,-0.1254435330629348,-0.2548787593841553
1743715052440080000,17.566079833984375,0.1494458805799484,2.182610581308603,0.8737122679781169,1743715052440080000,17.566079833984375,-0.0442297458648681,-0.0853019803762435,-0.2109656482934951
1743715052450044000,17.5760439453125,0.0396760306976735,2.53049638274014,0.8576700647156685,1743715052450044000,17.5760439453125,-0.0468149408698082,-0.0234451349824666,-0.1723266690969467
1743715052460007000,17.5860068359375,0.0171720840752124,2.7156752554804084,0.64714303490296,1743715052460007000,17.5860068359375,-0.0680017173290252,0.0235308948904275,-0.1485606282949447
1743715052469971000,17.595970947265624,0.0841010094881057,2.695341492503881,0.2901101234849542,1743715052469971000,17.595970947265624,-0.0912355035543441,0.0588921718299388,-0.1322559118270874
1743715052479935000,17.60593505859375,0.0636192894082516,2.607964237824082,-0.0288837016542907,1743715052479935000,17.60593505859375,-0.1120209470391273,0.0950600281357765,-0.1203063055872917
1743715052489898000,17.61589794921875,0.0409117830377072,2.471415248218179,-0.2803063762206584,1743715052489898000,17.61589794921875,-0.1296088844537735,0.1220347210764885,-0.1175901591777801
1743715052499862000,17.625862060546876,0.1146738424062728,2.2706927693873644,-0.4399272119974717,1743715052499862000,17.625862060546876,-0.1380111575126648,0.1346746236085891,-0.1300580203533172
1743715052509825000,17.635824951171877,0.2185376831151544,2.075182472246885,-0.4733570783145725,1743715052509825000,17.635824951171877,-0.1349072456359863,0.1373389959335327,-0.147157609462738
1743715052519789000,17.6457890625,0.3446878821730613,1.8796207371801137,-0.4676891156807541,1743715052519789000,17.6457890625,-0.1212327182292938,0.1248775273561477,-0.155243769288063
1743715052529753000,17.655753173828124,0.4169569995701312,1.7323673982083796,-0.5195328462950884,1743715052529753000,17.655753173828124,-0.1025426909327507,0.1047263517975807,-0.1503259390592575
1743715052539715800,17.6657158203125,0.4293791126392781,1.7034657133728264,-0.5864640732629224,1743715052539715800,17.6657158203125,-0.0785761103034019,0.1158527731895446,-0.1273559182882309
1743715052549679900,17.675679931640627,0.3757726101361215,1.717674271467328,-0.672873542356491,1743715052549679900,17.675679931640627,-0.0569841563701629,0.1262270510196685,-0.0962457209825515
1743715052559643000,17.685642822265624,0.3306979352653026,1.7137106285333632,-0.7682038018673658,1743715052559643000,17.685642822265624,-0.0508490316569805,0.1562049239873886,-0.0475189238786697
1743715052569606700,17.695606689453125,0.3150958769857883,1.677837935641408,-0.8182045349635183,1743715052569606700,17.695606689453125,-0.0586875453591346,0.1445422619581222,0.0012674882309511
1743715052579570700,17.70557080078125,0.6075508830964564,1.4838672691583632,-0.8438236179318278,1743715052579570700,17.70557080078125,-0.0784103870391845,0.0865231603384018,0.074696697294712
1743715052589533700,17.71553369140625,0.7293022626735269,1.14287590341568,-0.6980616865616291,1743715052589533700,17.71553369140625,-0.0779009237885475,0.0745517611503601,0.1349268108606338
1743715052599497700,17.725497802734374,0.5651834944229572,0.73276073256433,-0.4951307379011064,1743715052599497700,17.725497802734374,-0.0664083138108253,0.0937150716781616,0.168238952755928
1743715052609460700,17.735460693359375,0.4496750278234481,0.186901458749175,-0.3932023222342133,1743715052609460700,17.735460693359375,-0.0634198486804962,0.0630334988236427,0.2019161731004715
1743715052619424800,17.7454248046875,0.4076360673867166,-0.4727542901158332,-0.4530747167317197,1743715052619424800,17.7454248046875,-0.0665325596928596,0.0155080566182732,0.2331468015909195
1743715052629388800,17.755388916015626,0.4268728289067744,-1.0331938779473304,-0.453706292633526,1743715052629388800,17.755388916015626,-0.0647941827774047,-0.0213436484336853,0.2489659637212753
1743715052639351800,17.765351806640624,0.5737574806965887,-1.5989625518471002,-0.509381600767374,1743715052639351800,17.765351806640624,-0.0580526478588581,-0.0400435663759708,0.2412987202405929
1743715052649315800,17.77531591796875,0.6789700326006859,-2.023645761755109,-0.5555681824028492,1743715052649315800,17.77531591796875,-0.0517298430204391,-0.0280777979642152,0.2123413980007171
1743715052659278800,17.78527880859375,0.8741874112091959,-2.1785925778388977,-0.5629731614297255,1743715052659278800,17.78527880859375,-0.048943642526865,-0.019146354869008,0.1907279938459396
1743715052669243000,17.795242919921876,1.0318399060551076,-2.2350836958676576,-0.5666325607201084,1743715052669243000,17.795242919921876,-0.0469476021826267,-0.0005204727058298,0.2113815993070602
1743715052679207000,17.80520703125,1.1569278096437454,-2.1647522685348988,-0.6141751966070383,1743715052679207000,17.80520703125,-0.0658296793699264,0.0291122552007436,0.2734076678752899
1743715052689170000,17.815169921875,1.245156566586345,-2.199453579559922,-0.531844302063994,1743715052689170000,17.815169921875,-0.0985878556966781,0.0300560649484395,0.3813914060592651
1743715052699134000,17.825134033203124,0.8913000201821327,-2.638621241894364,-0.0393424787612166,1743715052699134000,17.825134033203124,-0.1173857823014259,-0.0289577208459377,0.5213155150413513
1743715052709097000,17.835096923828125,0.0103450145341455,-3.502211417374015,0.7569166841775179,1743715052709097000,17.835096923828125,-0.0971016511321067,-0.1644603461027145,0.6598766446113586
1743715052719061000,17.84506103515625,-0.4369638686798512,-4.775212414827943,1.39970605391562,1743715052719061000,17.84506103515625,-0.0210795868188142,-0.22083680331707,0.6199260354042053
1743715052729024800,17.855024658203124,-0.0831971925161778,-6.156557467144728,1.4392375615760684,1743715052729024800,17.855024658203124,0.0512619875371456,-0.2237510234117508,0.4303940534591675
1743715052738988000,17.864988037109374,0.0591185439229011,-7.110844397115707,0.4987256205879151,1743715052738988000,17.864988037109374,0.0015695354668423,-0.1071666255593299,0.1349043548107147
1743715052748951800,17.874951904296875,-0.0021406652905046,-6.809553758120536,-1.03262119262591,1743715052748951800,17.874951904296875,-0.102356769144535,0.0307268016040325,-0.1449865996837616
1743715052758915000,17.8849150390625,-0.3485829899154603,-4.58629201747179,-1.303978611780703,1743715052758915000,17.8849150390625,-0.2056772857904434,0.2214570641517639,-0.2526949644088745
1743715052768878800,17.89487890625,-0.4148598811604082,-2.595987384304404,-0.7816201136056333,1743715052768878800,17.89487890625,-0.2994762361049652,0.3342383205890655,-0.2529599964618683
1743715052778843000,17.9048427734375,-0.2296678566776216,-0.5040262112140655,0.1544937020214274,1743715052778843000,17.9048427734375,-0.3732782900333404,0.3562315106391907,-0.1596816927194595
1743715052788806000,17.914805908203125,-0.7568575013361871,1.3884399790138005,1.2153878165926784,1743715052788806000,17.914805908203125,-0.3826793134212494,0.395451009273529,0.0036646476946771
1743715052798770000,17.92477001953125,-1.6348877055786548,3.101434568232298,2.036639537232369,1743715052798770000,17.92477001953125,-0.3186867535114288,0.5223783254623413,0.1474995762109756
1743715052808733000,17.93473291015625,-1.970580964913219,4.021927949672937,2.409457389216125,1743715052808733000,17.93473291015625,-0.2814220190048218,0.6209902763366699,0.2069535553455352
1743715052818697000,17.944697021484377,-1.8046527360878883,4.03311277603209,2.2858421154633164,1743715052818697000,17.944697021484377,-0.2665437459945678,0.6625276207923889,0.1631157845258712
1743715052828661000,17.954660888671874,-1.6495321708723902,3.677497257131338,2.073824920158088,1743715052828661000,17.954660888671874,-0.2136715054512024,0.6905980110168457,0.0558210462331771
1743715052838623700,17.964623779296875,-1.3220926528811454,2.7613451197654006,1.8705594788461923,1743715052838623700,17.964623779296875,-0.1728851944208145,0.6723141074180603,-0.0688156932592392
1743715052848588000,17.974588134765625,-0.7936743432104587,1.3057272090137004,1.2626673810966311,1743715052848588000,17.974588134765625,-0.1476366966962814,0.6251670122146606,-0.2078244388103485
1743715052858550800,17.98455078125,-0.5847992453232407,0.3571808685213327,0.8400229104746133,1743715052858550800,17.98455078125,-0.0924655869603157,0.6111500263214111,-0.3067374229431152
1743715052868514800,17.994514892578124,-0.6337666898488998,-0.1719803684711456,0.4801193024585023,1743715052868514800,17.994514892578124,-0.0623563230037689,0.5947283506393433,-0.3731542527675628
1743715052878478800,18.004478759765625,-0.6301195655182004,-0.4855214172303676,0.1042102429937571,1743715052878478800,18.004478759765625,-0.0585719682276248,0.5824517011642456,-0.4321936070919037
1743715052888441900,18.01444189453125,-0.6919090822160243,-0.597607581230998,0.0847753285530954,1743715052888441900,18.01444189453125,-0.0553864277899265,0.5919305086135864,-0.4775682985782623
1743715052898406000,18.024406005859376,-0.875834740024805,-0.4740419918388128,0.3979923329897225,1743715052898406000,18.024406005859376,-0.041660226881504,0.5587493777275085,-0.5278935432434082
1743715052908369000,18.034368896484374,-0.7952839703641832,-0.350264805522561,0.4143149606287479,1743715052908369000,18.034368896484374,-0.0273499023169279,0.55299973487854,-0.5522704124450684
1743715052918333000,18.0443330078125,-0.7541945657372474,-0.1311667120456695,0.544188454526104,1743715052918333000,18.0443330078125,0.0167046412825584,0.5090826153755188,-0.5897400379180908
1743715052928296700,18.054296630859376,-0.3752467596311122,0.1371983934253454,0.5972776916895062,1743715052928296700,18.054296630859376,0.0475837662816047,0.4896115064620971,-0.5896754264831543
1743715052938260000,18.064260009765626,-0.3371335212707519,0.4786036006659269,0.3982591306997463,1743715052938260000,18.064260009765626,0.0643401071429252,0.4842391014099121,-0.5605151653289795
1743715052948223700,18.0742236328125,-0.1975812581956386,0.7484358560800551,0.2260997706661932,1743715052948223700,18.0742236328125,0.0552793331444263,0.4822180271148681,-0.5130868554115295
1743715052958186800,18.084186767578124,-0.1451812088727951,0.9983318234026431,0.0932988450148142,1743715052958186800,18.084186767578124,0.0427574142813682,0.4766810536384582,-0.4515675604343414
1743715052968150800,18.09415087890625,-0.1287923110645264,1.2728612967222928,0.0603319017680361,1743715052968150800,18.09415087890625,0.0351889096200466,0.4624219834804535,-0.3850362002849579
1743715052978114800,18.10411474609375,-0.124802437710762,1.41317110016644,0.0028827523620799,1743715052978114800,18.10411474609375,0.0193761251866817,0.4532636404037475,-0.317249447107315
1743715052988077800,18.114077880859377,-0.0489945517282933,1.5047878921121358,-0.0473622012861073,1743715052988077800,18.114077880859377,0.0189045798033475,0.4143615663051605,-0.2465926110744476
1743715052998041900,18.124041748046874,0.0435807830512523,1.6068512592703104,-0.0395825619942508,1743715052998041900,18.124041748046874,0.0109039116650819,0.3834103047847748,-0.1767096668481826
1743715053008004900,18.1340048828125,0.1071604711014777,1.6132330692619083,-0.0654639126279391,1743715053008004900,18.1340048828125,0.0160486716777086,0.3388389945030212,-0.1181744113564491
1743715053017969000,18.143968994140625,0.1778582475285977,1.680261947917938,0.0078968359307385,1743715053017969000,18.143968994140625,0.0280094593763351,0.2989326119422912,-0.0691847577691078
1743715053027933000,18.153932861328126,0.2525672323584556,1.6862720019876956,0.0951675249635241,1743715053027933000,18.153932861328126,0.0474603213369846,0.273023396730423,-0.0396923571825027
1743715053037896000,18.16389599609375,0.330890754423663,1.690510370209813,0.1668896394697017,1743715053037896000,18.16389599609375,0.0733659565448761,0.2411008924245834,-0.0208145398646593
1743715053047860000,18.17385986328125,0.3799181124430149,1.6091092673301697,0.1422410272350534,1743715053047860000,18.17385986328125,0.0990059077739715,0.2075955867767334,-0.0144770629703998
1743715053057823000,18.183822998046875,0.3406054351650178,1.5564304010659455,0.1327997383412905,1743715053057823000,18.183822998046875,0.11928241699934,0.1918326020240783,-0.0076702903024852
1743715053067787000,18.193787109375,0.3295476692516356,1.4811480733275413,0.1241977498158812,1743715053067787000,18.193787109375,0.1369672268629074,0.166545957326889,-0.0070343473926186
1743715053077751000,18.2037509765625,0.4049392295181751,1.4287690667927264,0.1985298641573637,1743715053077751000,18.2037509765625,0.1349083483219146,0.1375595778226852,-0.0093784611672163
1743715053087714000,18.213714111328127,0.4737912319481372,1.414372292649746,0.2743200318200514,1743715053087714000,18.213714111328127,0.1278091818094253,0.097117893397808,-0.0082340370863676
1743715053097677800,18.223677734375,0.4584334307532757,1.3790940585196017,0.5224288965301588,1743715053097677800,18.223677734375,0.1167666614055633,0.091409146785736,0.0022851831745356
1743715053107641000,18.23364111328125,0.5016214150946587,1.319959732505679,0.7722412406899034,1743715053107641000,18.23364111328125,0.1152337491512298,0.0732824802398681,0.0057252189144492
1743715053117604900,18.24360498046875,0.3870692263066768,1.201923135668039,0.8951334608651698,1743715053117604900,18.24360498046875,0.0986531749367713,0.0653270855545997,0.021677553653717
1743715053127569000,18.25356884765625,0.1445592775821685,1.1428542761057614,0.9609068595673887,1743715053127569000,18.25356884765625,0.0952690914273262,0.0650616139173507,0.0368315875530242
1743715053137531600,18.26353173828125,0.2252863536577671,1.1248720446914433,1.052172719183564,1743715053137531600,18.26353173828125,0.0958107784390449,0.0177172683179378,0.0793795809149742
1743715053147496000,18.273495849609372,0.4811584727805107,0.910121040508151,1.026946069598943,1743715053147496000,18.273495849609372,0.1028355360031127,-0.0055242665112018,0.1555743217468261
1743715053157458700,18.283458740234376,0.6579799976725131,0.6408218690574169,0.9852847103029488,1743715053157458700,18.283458740234376,0.1143646240234375,-0.0233256351202726,0.2456453591585159
1743715053167422700,18.293422607421878,0.8619406547069549,0.2686252177119255,1.0082005256619304,1743715053167422700,18.293422607421878,0.1302243769168853,0.008554458618164,0.3207848072052002
1743715053177386800,18.30338671875,0.9447813619356602,-0.2665758839666843,0.9515064324069769,1743715053177386800,18.30338671875,0.1485149711370468,0.0642920285463333,0.3786182701587677
1743715053187349800,18.313349853515625,1.1140333283562212,-1.0846171911925078,0.7347507373377681,1743715053187349800,18.313349853515625,0.1675594598054886,0.1191805899143219,0.3969767689704895
1743715053197313800,18.323313720703126,1.35861942576766,-1.9702847584456205,0.4916545862231403,1743715053197313800,18.323313720703126,0.179091215133667,0.1781331151723861,0.374743640422821
1743715053207276800,18.33327685546875,1.4377907237686216,-2.882771359041333,0.2266464447635225,1743715053207276800,18.33327685546875,0.1653166115283966,0.2060668617486953,0.3354876041412353
1743715053217240800,18.34324072265625,1.3150854044675826,-3.327230113521218,0.1591423863437958,1743715053217240800,18.34324072265625,0.1625660955905914,0.2135341018438339,0.2973612546920776
1743715053227204900,18.35320483398437,1.25557756896615,-3.4459424176633355,0.2823303928615525,1743715053227204900,18.35320483398437,0.1560359448194503,0.195109337568283,0.3203512728214264
1743715053237167900,18.36316796875,1.0110403521977365,-3.4394098010241985,0.5399290435159578,1743715053237167900,18.36316796875,0.1703658699989318,0.1629799008369445,0.4145174622535705
1743715053247132000,18.3731318359375,0.3449997976664453,-3.660001347929239,1.0648252069424835,1743715053247132000,18.3731318359375,0.2533522546291351,0.1650278121232986,0.4890638589859009
1743715053257095000,18.383094970703127,0.0299507554970681,-4.282212040019035,1.6228697893962265,1743715053257095000,18.383094970703127,0.3770331740379333,0.2285210341215133,0.4744103550910949
1743715053267059000,18.393058837890624,0.5829938764017075,-5.164384166371822,1.330426473723352,1743715053267059000,18.393058837890624,0.4849002957344055,0.2939672470092773,0.332292377948761
1743715053277022700,18.40302270507813,0.8182978392701595,-6.05877104665339,0.3970823054727166,1743715053277022700,18.40302270507813,0.5130571126937866,0.3281300067901611,0.1446825563907623
1743715053286986000,18.41298608398437,0.0136591075181961,-6.23469576883614,-0.6846623990233988,1743715053286986000,18.41298608398437,0.422384649515152,0.3551151752471924,-0.0199142172932624
1743715053296949800,18.42294970703125,-0.511971178869158,-5.360132363921403,-1.8726903533950447,1743715053296949800,18.42294970703125,0.2883608043193817,0.3317754864692688,-0.1467083841562271
1743715053306913000,18.4329130859375,-0.7316378660142421,-3.1857343151628967,-1.8502067189082505,1743715053306913000,18.4329130859375,0.1977259963750839,0.4337919950485229,-0.2080587893724441
1743715053316876800,18.44287670898437,-0.924192235958576,-1.14211076426208,-1.1961719517301768,1743715053316876800,18.44287670898437,0.1036005616188049,0.4295216202735901,-0.178461492061615
1743715053326840800,18.4528408203125,-0.8890881893515586,0.7964215960919857,-0.5908211724938824,1743715053326840800,18.4528408203125,-0.0087638311088085,0.2505858540534973,-0.05198560282588
1743715053336803800,18.46280395507813,-1.1307516042493284,2.4150439571768043,-0.0735010703448206,1743715053336803800,18.46280395507813,-0.127531498670578,0.0635746642947197,0.0618466921150684
1743715053346768000,18.472767822265624,-1.5088637632489204,3.5355391019582747,0.1648079195585101,1743715053346768000,18.472767822265624,-0.2122423201799392,-0.0797043144702911,0.1121115535497665
1743715053356731000,18.48273095703125,-1.7456208475351334,4.4210371578633785,0.1610187564086169,1743715053356731000,18.48273095703125,-0.2428761273622512,-0.1763208657503128,0.1262204498052597
1743715053366695000,18.49269482421875,-1.776260315948725,4.770633854866028,-0.2481778930920176,1743715053366695000,18.49269482421875,-0.2644467949867248,-0.2360316812992096,0.1182578206062316
1743715053376659000,18.50265893554688,-1.5310592284440994,4.409202343162894,-1.0669125346105546,1743715053376659000,18.50265893554688,-0.3216235339641571,-0.3272422850131988,0.0883651673793792
1743715053386622000,18.5126220703125,-1.1608465174574405,3.463958551347256,-1.81007227691859,1743715053386622000,18.5126220703125,-0.3960411548614502,-0.3857910335063934,0.0493447892367839
1743715053396586000,18.5225859375,-0.9762078160084784,2.4222686477333304,-1.974207777108252,1743715053396586000,18.5225859375,-0.4070408046245575,-0.5140909552574158,0.0148336831480264
1743715053406549000,18.532549072265624,-0.8206888260599225,1.4416940148174762,-1.8862218890108169,1743715053406549000,18.532549072265624,-0.3460115194320678,-0.6049261689186096,0.0064218556508421
1743715053416513000,18.542512939453125,-0.8666764510571956,0.5467594375252723,-1.6648834692612289,1743715053416513000,18.542512939453125,-0.2451477497816085,-0.6680153608322144,0.0088674370199441
1743715053426477000,18.55247705078125,-0.9004887042880058,-0.2172188556015491,-1.5498853633366525,1743715053426477000,18.55247705078125,-0.1428437829017639,-0.730649471282959,-0.0277925767004489
1743715053436440000,18.56244018554688,-0.8320283315241336,-0.850897867166996,-1.3947881789967418,1743715053436440000,18.56244018554688,-0.0637521520256996,-0.7831709980964661,-0.1026076972484588
1743715053446404000,18.57240405273437,-0.7267651454113423,-1.1689116774260997,-1.160801290076226,1743715053446404000,18.57240405273437,0.0095194336026906,-0.8209649920463562,-0.1955698579549789
1743715053456366800,18.58236694335937,-0.6706769090950488,-1.3098469192922115,-0.7832026335567236,1743715053456366800,18.58236694335937,0.0793086364865303,-0.8431299328804016,-0.2739136815071106
1743715053466331000,18.59233081054688,-0.4959049371439963,-1.1909113277882335,-0.5234670439388602,1743715053466331000,18.59233081054688,0.1311515718698501,-0.8529482483863831,-0.330505907535553
1743715053476294700,18.60229467773437,-0.2366555236078798,-0.8373468961983919,-0.3673307988747954,1743715053476294700,18.60229467773437,0.1667452454566955,-0.8626253604888916,-0.372568666934967
1743715053486257700,18.61225756835937,0.0579797491513192,-0.3572515956699848,-0.3684363489639013,1743715053486257700,18.61225756835937,0.1784238368272781,-0.843860924243927,-0.3719273209571838
1743715053496221700,18.6222216796875,0.1162169801950454,0.2623532978355884,-0.2016732402170077,1743715053496221700,18.6222216796875,0.1691866517066955,-0.8525127172470093,-0.3542894721031189
1743715053506184700,18.63218481445313,0.2818098395861685,0.8363771743834019,-0.0981432071729097,1743715053506184700,18.63218481445313,0.1363966464996338,-0.8346473574638367,-0.293577641248703
1743715053516148700,18.642148681640624,0.2051589269082993,1.38872113404274,0.1412677434897981,1743715053516148700,18.642148681640624,0.0798683986067771,-0.8118192553520203,-0.2104318588972091
1743715053526112800,18.65211279296875,0.1534042628169059,1.6816408350557088,0.2235762983368709,1743715053526112800,18.65211279296875,0.0107356002554297,-0.7863364219665527,-0.1247608736157417
1743715053536075800,18.66207568359375,0.1090050760548561,1.933263480040431,0.2443717240083962,1743715053536075800,18.66207568359375,-0.0568551607429981,-0.7224522233009338,-0.05475889518857
1743715053546039800,18.67203979492188,0.1373065299749374,2.0634452727019785,0.2275967860246077,1743715053546039800,18.67203979492188,-0.1025955155491828,-0.6499144434928894,-0.0056567196734249
1743715053556002800,18.6820029296875,0.0991500369947403,2.062314222845435,0.2558016294361092,1743715053556002800,18.6820029296875,-0.1258614212274551,-0.5555735230445862,0.0274327918887138
1743715053565966800,18.691966796875,0.0350163683235645,1.8046265787333249,0.1370149083509109,1743715053565966800,18.691966796875,-0.1468832939863205,-0.5015463829040527,0.0358199216425418
1743715053575931000,18.701930908203124,0.0999697558797895,1.5541069265544414,-0.1407680503393523,1743715053575931000,18.701930908203124,-0.1551124602556228,-0.4550036489963531,0.0238474141806364
1743715053585894000,18.711893798828125,0.233336462187767,1.4353490297049285,-0.3359965896626934,1743715053585894000,18.711893798828125,-0.1364715546369552,-0.4246543049812317,-0.015558835119009
1743715053595858000,18.72185791015625,0.183062830434367,1.433753284946084,-0.4552577598592266,1743715053595858000,18.72185791015625,-0.1180065274238586,-0.3798474073410034,-0.0386500395834445
1743715053605821000,18.73182104492188,0.216009991268441,1.3534633581787348,-0.6049494684264064,1743715053605821000,18.73182104492188,-0.0980255380272865,-0.3619815409183502,-0.0532921180129051
1743715053615785000,18.74178491210937,0.3119242612123489,1.352545658811927,-0.6733977854263037,1743715053615785000,18.74178491210937,-0.0819650813937187,-0.3393276333808899,-0.054897204041481
1743715053625749000,18.7517490234375,0.3066284928917884,1.2956278398036956,-0.7569912837836891,1743715053625749000,18.7517490234375,-0.0701987966895103,-0.3072585463523865,-0.0442738085985183
1743715053635712000,18.7617119140625,0.4276829762458801,1.2592097879886626,-0.7909252636980265,1743715053635712000,18.7617119140625,-0.0639190673828125,-0.2778263688087463,-0.0263928119093179
1743715053645675800,18.77167578125,0.577022619972378,1.2988865493386983,-0.8222240728031843,1743715053645675800,18.77167578125,-0.0748122259974479,-0.2598304748535156,0.0125630758702754
1743715053655639000,18.78163916015625,0.6677696433462202,1.4023106834560632,-0.7946089937120676,1743715053655639000,18.78163916015625,-0.0769251808524131,-0.2062684297561645,0.0583697110414505
1743715053665602800,18.791602783203125,0.6470308067001402,1.549144920232892,-0.6759083069425076,1743715053665602800,18.791602783203125,-0.0783250331878662,-0.1329807043075561,0.1077346801757812
1743715053675566800,18.80156689453125,0.5091067293487489,1.5002584319889545,-0.6326444808859377,1743715053675566800,18.80156689453125,-0.0875893756747245,-0.06813645362854,0.1798804998397827
1743715053685529900,18.81152978515625,0.2972866640508175,1.09787297860682,-0.6354460943032055,1743715053685529900,18.81152978515625,-0.0959911793470382,-0.0147345885634422,0.2629407346248626
1743715053695494000,18.821493896484377,0.1953518186431378,0.5850228249460458,-0.6513746080581099,1743715053695494000,18.821493896484377,-0.0957887843251228,-0.0060795811004936,0.3215393424034118
1743715053705457000,18.83145678710937,0.5563736535668373,-0.1072258644878864,-0.7719592819433659,1743715053705457000,18.83145678710937,-0.1185672283172607,-0.0658522918820381,0.3768912553787231
1743715053715421000,18.8414208984375,0.6339360550664365,-0.6543658257633447,-0.6975761680670082,1743715053715421000,18.8414208984375,-0.1032457947731018,-0.0507202111184597,0.3909796476364136
1743715053725385000,18.851385009765625,0.568966593158245,-1.0540198083549737,-0.4711979275193065,1743715053725385000,18.851385009765625,-0.0889331027865409,-0.046522032469511,0.3926028311252594
1743715053735348000,18.861347900390623,0.5479473321355879,-1.5298375776946544,-0.3271362972609699,1743715053735348000,18.861347900390623,-0.0828136876225471,-0.0245600100606679,0.3721455037593841
1743715053745312000,18.87131201171875,0.5553811353981495,-1.900897918486595,-0.3556820082657039,1743715053745312000,18.87131201171875,-0.094060480594635,-0.0478043779730796,0.3749952912330627
1743715053755274800,18.881274658203125,0.6519536500550807,-2.1973300115346905,-0.490511845928803,1743715053755274800,18.881274658203125,-0.1015921682119369,0.0334041938185691,0.3544396758079529
1743715053765238800,18.89123876953125,0.738119044727087,-2.2701912496060133,-0.5080956160774455,1743715053765238800,18.89123876953125,-0.1066659986972808,0.1377260833978653,0.3196394443511963
1743715053775203000,18.901203125,0.7611120900407433,-2.060405174353719,-0.3916829306472092,1743715053775203000,18.901203125,-0.1334747076034546,0.1654056459665298,0.3835627734661102
1743715053785165800,18.911165771484374,0.0600887041293084,-2.1724258719027043,-0.141868303198833,1743715053785165800,18.911165771484374,-0.1592466086149215,0.1018193215131759,0.5218966007232666
1743715053795129900,18.9211298828125,-0.9003973727427422,-2.6756150477707386,0.5332315551713108,1743715053795129900,18.9211298828125,-0.1433866918087005,-0.1348749697208404,0.7139134407043457
1743715053805092900,18.9310927734375,-0.7248001289486885,-3.719823071685433,0.9417449168492108,1743715053805092900,18.9310927734375,-0.0525880493223667,-0.2367743104696273,0.7192124128341675
1743715053815057000,18.941056884765626,0.2975096591517329,-5.170291929110884,0.8309940200403332,1743715053815057000,18.941056884765626,0.0607646107673645,-0.3110783696174621,0.5487679839134216
1743715053825020700,18.951020751953124,0.4425296861134469,-6.180210729932785,0.5237874349996448,1743715053825020700,18.951020751953124,0.1158929169178009,-0.2679307162761688,0.343884527683258
1743715053834984000,18.96098388671875,-0.255494517982006,-6.450714016476273,-0.3447733319668099,1743715053834984000,18.96098388671875,0.0199232399463653,-0.0395265445113182,0.0850124955177307
1743715053844947700,18.97094775390625,-0.6161294724799692,-5.7045057733178135,-1.4218074110865593,1743715053844947700,18.97094775390625,-0.1352537721395492,0.220129907131195,-0.2068542093038559
1743715053854911000,18.980910888671875,-0.7152971181966364,-3.0717531311959028,-0.6645785191547126,1743715053854911000,18.980910888671875,-0.2199694514274597,0.307881623506546,-0.2796434760093689
1743715053864874800,18.990874755859377,-1.0607739587903022,-0.8157453052431345,0.2195552991924807,1743715053864874800,18.990874755859377,-0.2936793565750122,0.3440605103969574,-0.2126718461513519
1743715053874838800,19.0008388671875,-1.394864459103346,1.1358359217762946,0.8339756661996245,1743715053874838800,19.0008388671875,-0.3141146004199981,0.3532702624797821,-0.0933446586132049
1743715053884801800,19.0108017578125,-1.741471911162138,2.8424878639698026,1.412289787287265,1743715053884801800,19.0108017578125,-0.2903670370578766,0.4038277566432953,0.0251950230449438
1743715053894765800,19.020765869140625,-1.920032827067375,3.955687006524205,1.5488810085996985,1743715053894765800,19.020765869140625,-0.2286826521158218,0.4972647726535797,0.1135943904519081
1743715053904729900,19.030729736328126,-1.9968189834974703,4.574277170029283,1.301389325939864,1743715053904729900,19.030729736328126,-0.1606001257896423,0.5776976346969604,0.1498215645551681
1743715053914692900,19.04069287109375,-1.8086698627747595,4.3814311236619945,0.853974425068125,1743715053914692900,19.04069287109375,-0.1159655526280403,0.6091316938400269,0.1299506574869156
1743715053924657000,19.050656982421877,-1.3776554040186106,3.292341170969605,0.5339074451388791,1743715053924657000,19.050656982421877,-0.0985366553068161,0.5308785438537598,0.039972398430109
1743715053934620000,19.060619873046875,-1.0282757107675076,1.9162913024514912,0.3893131327759474,1743715053934620000,19.060619873046875,-0.067495122551918,0.4597042500972748,-0.0860694274306297
1743715053944584000,19.070583984375,-0.9938929641723632,0.964079425188899,0.4243432373639196,1743715053944584000,19.070583984375,-0.0054422719404101,0.4158194065093994,-0.1911700218915939
1743715053954548000,19.0805478515625,-1.0694752977706492,0.1358890643924474,0.3894025280924513,1743715053954548000,19.0805478515625,0.0493999347090721,0.3862921595573425,-0.2747464179992676
1743715053964511000,19.090510986328123,-0.9050890376903116,-0.4927846862316131,0.3037116921296343,1743715053964511000,19.090510986328123,0.0948137938976287,0.3660987019538879,-0.3322813510894775
1743715053974475000,19.10047509765625,-0.8259129173837602,-0.8715408422231674,0.2895776240434497,1743715053974475000,19.10047509765625,0.1319558322429657,0.3791404664516449,-0.3521749079227447
1743715053984438000,19.11043798828125,-1.030133175202459,-1.0442144536554814,0.4413407320572063,1743715053984438000,19.11043798828125,0.1726892441511154,0.4242970943450928,-0.3380418419837951
1743715053994402000,19.12040209960937,-1.178481323673576,-1.0656710831820964,0.5827169226238503,1743715053994402000,19.12040209960937,0.1829485446214676,0.4351976811885834,-0.3334971368312835
1743715054004365800,19.13036572265625,-1.0148397444806991,-0.97075408064723,0.6015451764082536,1743715054004365800,19.13036572265625,0.1572989076375961,0.4371500313282013,-0.357292890548706
1743715054014328600,19.14032861328125,-0.8363210602819919,-0.5622516056895256,0.6609443273708224,1743715054014328600,19.14032861328125,0.1363989561796188,0.4574686288833618,-0.3733493685722351
1743715054024292400,19.150292236328124,-0.8135809668160975,-0.009097498691082,0.7490496040642262,1743715054024292400,19.150292236328124,0.1087309345602989,0.4770970046520233,-0.3577715456485748
1743715054034255600,19.160255615234377,-0.6721813223086297,0.333998145854473,0.7248743632286787,1743715054034255600,19.160255615234377,0.0766856521368026,0.4821186661720276,-0.3224870860576629
1743715054044219400,19.170219482421874,-0.5100595000289381,0.6395464422941207,0.5992500146757811,1743715054044219400,19.170219482421874,0.0389066152274608,0.4904999732971191,-0.2750559449195862
1743715054054183400,19.180183349609376,-0.4241885582588612,0.8264660212218761,0.4131842030331492,1743715054054183400,19.180183349609376,0.0040908460505306,0.4840290248394012,-0.2323457449674606
1743715054064146400,19.190146484375,-0.3622304069958627,0.9736007022500036,0.2589292599373496,1743715054064146400,19.190146484375,-0.0280232802033424,0.4633722007274627,-0.2007573843002319
1743715054074110500,19.2001103515625,-0.3163664814434945,1.050190605455637,0.1974041480630636,1743715054074110500,19.2001103515625,-0.0465836487710475,0.4392048120498657,-0.1612981259822845
1743715054084073500,19.210073486328124,-0.2541911072332412,1.1271715538054703,0.1482350982843898,1743715054084073500,19.210073486328124,-0.0613196194171905,0.4102982580661773,-0.124288223683834
1743715054094037500,19.22003759765625,-0.1887608959455043,1.1963818681538103,0.1297626174014061,1743715054094037500,19.22003759765625,-0.0593163892626762,0.3727532923221588,-0.0905694141983985
1743715054104001500,19.23000146484375,-0.1146810027994215,1.2749334268212318,0.1823016002709045,1743715054104001500,19.23000146484375,-0.0526249669492244,0.3389019966125488,-0.0595443546772003
1743715054113964500,19.239964599609376,-0.0466754611309617,1.278094521200657,0.1252184163668193,1743715054113964500,19.239964599609376,-0.0415757745504379,0.3022609055042267,-0.040304347872734
1743715054123928600,19.249928466796877,0.04710530391559,1.250389937195182,0.0912023841922171,1743715054123928600,19.249928466796877,-0.0263874996453523,0.274844080209732,-0.0208837464451789
1743715054133891600,19.2598916015625,0.018401918131113,1.284617785489559,0.0563705969216302,1743715054133891600,19.2598916015625,-0.00070557318395,0.2580618858337402,-0.0042211469262838
1743715054143855600,19.269855712890624,-0.043376200389862,1.3637275625616312,0.1310346831638366,1743715054143855600,19.269855712890624,0.0277596917003393,0.2341544926166534,0.0159141309559345
1743715054153819600,19.27981958007813,-0.0904535933852195,1.5594336745351551,0.1989095841899514,1743715054153819600,19.27981958007813,0.0400413908064365,0.2066730707883834,0.0239512845873832
1743715054163782700,19.28978271484375,-0.0689407036267221,1.6920184366852045,0.241529084460996,1743715054163782700,19.28978271484375,0.0418475791811943,0.1769098490476608,0.0123833771795034
1743715054173746700,19.29974658203125,-0.0951798912547528,1.7853782729059458,0.3288212546732276,1743715054173746700,19.29974658203125,0.0385082401335239,0.1537033319473266,0.0049387761391699
1743715054183710500,19.30971044921875,-0.2819999553307891,1.839233781734109,0.4388226848216727,1743715054183710500,19.30971044921875,0.0350155085325241,0.1316540986299514,0.0114710088819265
1743715054193673700,19.319673828125,-0.4832932928521186,1.8869301834106444,0.5369745410919189,1743715054193673700,19.319673828125,0.0283759795129299,0.1060094460844993,0.0321382023394107
1743715054203637500,19.32963745117188,-0.5624142489053309,1.8073118722945447,0.6877157221794128,1743715054203637500,19.32963745117188,0.0316542275249958,0.0844169557094574,0.0539975948631763
1743715054213600500,19.3396005859375,-0.4474398161172866,1.6203443625718357,0.8931672022935002,1743715054213600500,19.3396005859375,0.0432855859398841,0.0656477957963943,0.071170724928379
1743715054223564300,19.349564208984376,-0.2341339692410081,1.363438808748126,1.0208937107574194,1743715054223564300,19.349564208984376,0.0509813204407691,0.0585667416453361,0.0942718386650085
1743715054233528600,19.359528564453125,-0.08297405128479,1.0420189894378185,0.9733790223233402,1743715054233528600,19.359528564453125,0.0535494089126586,0.0586176067590713,0.1250454634428024
1743715054243491300,19.3694912109375,0.0473461999993771,0.639318478757143,0.8635283622898161,1743715054243491300,19.3694912109375,0.05527164041996,0.0894463807344436,0.1686539202928543
1743715054253455400,19.379455322265624,0.1657785181563347,0.1442050573170185,0.8170606256254017,1743715054253455400,19.379455322265624,0.0517000742256641,0.1017698943614959,0.2059789150953292
1743715054263418400,19.38941845703125,0.62490285378322,-0.4742547578066587,0.6842794641204178,1743715054263418400,19.38941845703125,0.0395081602036953,0.1065258681774139,0.2218316197395324
1743715054273382400,19.39938232421875,0.896296659425646,-1.0908487790584565,0.6548317627746612,1743715054273382400,19.39938232421875,0.037614919245243,0.1164266988635063,0.2567209005355835
1743715054283346400,19.40934643554688,0.8219125957012176,-1.6707891861736774,0.6961253847368061,1743715054283346400,19.40934643554688,0.0438522063195705,0.1292836964130401,0.3071097731590271
1743715054293309400,19.419309326171877,0.6543899372912942,-2.083441182026267,0.7268473438020795,1743715054293309400,19.419309326171877,0.0486879758536815,0.1617268472909927,0.3586030602455139
1743715054303273500,19.4292734375,0.6794060128651559,-2.351019521033764,0.6578591477718204,1743715054303273500,19.4292734375,0.0470329187810421,0.2018362879753112,0.4118391275405884
1743715054313236500,19.439236572265624,0.9980779947720468,-2.348459899678826,0.5847457615703344,1743715054313236500,19.439236572265624,0.0446254201233387,0.2591097056865692,0.4591653645038605
1743715054323200500,19.44920043945313,1.3124034719072282,-2.1606302201688288,0.6941730816252529,1743715054323200500,19.44920043945313,0.0459808036684989,0.3301454782485962,0.5102213621139526
1743715054333164500,19.45916455078125,1.326511638367176,-1.9875246470600365,0.8890230151608586,1743715054333164500,19.45916455078125,0.0565239936113357,0.3671439588069916,0.6030042767524719
1743715054343127600,19.46912744140625,0.6856408156014978,-2.1166741740643977,1.1179126540075988,1743715054343127600,19.46912744140625,0.1108282804489135,0.4101859629154205,0.7327979803085327
1743715054353091600,19.47909155273437,-0.2444903088867664,-2.569108729729056,1.281333649252355,1743715054353091600,19.47909155273437,0.2575181126594543,0.4873811602592468,0.8713420033454895
1743715054363054600,19.4890546875,-0.2024327898800373,-3.618123861664533,0.9189338039737194,1743715054363054600,19.4890546875,0.3667683601379394,0.4891002178192138,0.9180575609207152
1743715054373018600,19.4990185546875,0.8714205768443644,-5.309148611137271,-0.2258384711151942,1743715054373018600,19.4990185546875,0.3815121650695801,0.418997049331665,0.7898529767990112
1743715054382982400,19.508982421875,1.2224549054346978,-6.338119318431615,-1.1894366521257906,1743715054382982400,19.508982421875,0.3081012964248657,0.3741411864757538,0.5498372316360474
1743715054392945400,19.5189453125,0.7230206981860101,-6.579656038209795,-1.74905842076838,1743715054392945400,19.5189453125,0.1277978420257568,0.4251061081886291,0.279651015996933
1743715054402909400,19.528909423828125,0.0317393924795091,-5.503538379815221,-1.876035572169721,1743715054402909400,19.528909423828125,0.0263579040765762,0.5320419073104858,0.1283132135868072
1743715054412873500,19.53887353515625,-0.6217208627462387,-3.2086803064644336,-1.129416556253284,1743715054412873500,19.53887353515625,-0.0911135971546173,0.6980662941932678,0.077929139137268
1743715054422836500,19.54883642578125,-0.3594853460714221,-1.6207973670363425,-0.6297730901680887,1743715054422836500,19.54883642578125,-0.1973883807659149,0.7665724158287048,0.058712501078844
1743715054432800500,19.558800537109374,-0.2764469973787665,0.2253530622184276,0.0959937831872142,1743715054432800500,19.558800537109374,-0.275728702545166,0.7751219868659973,0.0936891213059425
1743715054442763500,19.56876342773437,-0.8050628754481672,1.9453601605474948,0.816020322792232,1743715054442763500,19.56876342773437,-0.3163096606731415,0.7502390742301941,0.1761624664068222
1743715054452727600,19.5787275390625,-1.3839336075052615,3.313959128537774,1.1842884025171398,1743715054452727600,19.5787275390625,-0.3411574959754944,0.7385896444320679,0.2605897188186645
1743715054462691600,19.588691650390626,-1.8540160480633376,4.360641433611512,1.1254993097443131,1743715054462691600,19.588691650390626,-0.3574384450912475,0.7534871101379395,0.3183614313602447
1743715054472654600,19.598654541015627,-2.113361103993654,4.888115740430354,0.6368385715749114,1743715054472654600,19.598654541015627,-0.4079602062702179,0.7737316489219666,0.3295930325984955
1743715054482618600,19.60861865234375,-2.075490807543695,4.767642856356502,-0.0272745220251381,1743715054482618600,19.60861865234375,-0.4761432111263275,0.7834587097167969,0.2844825088977813
1743715054492581600,19.61858154296875,-1.858649845343828,4.045174969747662,-0.6448475443769246,1743715054492581600,19.61858154296875,-0.5585600733757019,0.7823614478111267,0.1917049288749694
1743715054502545700,19.628545654296875,-1.6778139702439308,3.153991853943467,-1.0097598108679056,1743715054502545700,19.628545654296875,-0.5991818308830261,0.7733506560325623,0.0807086825370788
1743715054512509700,19.638509765625,-1.5782777834758162,2.163558090314269,-1.0954678171612322,1743715054512509700,19.638509765625,-0.6006324291229248,0.7777848243713379,-0.0253719426691532
1743715054522472400,19.64847241210937,-1.4175158513724804,1.1145020418465137,-1.0637099391769618,1743715054522472400,19.64847241210937,-0.5809722542762756,0.7719542980194092,-0.1445670872926712
1743715054532436700,19.658436767578124,-1.2256453720390796,0.1009574517428874,-0.8245786000400781,1743715054532436700,19.658436767578124,-0.5162068605422974,0.8075194954872131,-0.2545636296272278
1743715054542399500,19.6683994140625,-1.3493163215018809,-0.5061801743775606,-0.2170770177117549,1743715054542399500,19.6683994140625,-0.4387219846248626,0.8504745364189148,-0.3244433403015136
1743715054552363500,19.678363525390623,-1.5584467093244194,-1.1790449489057064,0.3374845997307449,1743715054552363500,19.678363525390623,-0.3615821897983551,0.9090015292167664,-0.4101183116436004
1743715054562327300,19.688327392578124,-1.4860408138051628,-1.7325936081796884,0.8082441358327865,1743715054562327300,19.688327392578124,-0.3031203150749206,0.9775682091712952,-0.5225082635879517
1743715054572290300,19.698290283203125,-1.328234808897972,-2.205736020830273,1.225699148052931,1743715054572290300,19.698290283203125,-0.2530899047851562,1.066887140274048,-0.6240149140357971
1743715054582254300,19.70825439453125,-1.068614735418558,-2.2380063053160906,1.7509952340498565,1743715054582254300,19.70825439453125,-0.2027660608291626,1.1739144325256348,-0.6872838735580444
1743715054592217300,19.71821728515625,-0.811520088763535,-1.74784612236917,2.1711025143444536,1743715054592217300,19.71821728515625,-0.162101462483406,1.2774677276611328,-0.6921917796134949
1743715054602181400,19.728181396484374,-0.627911095688492,-0.8725134866476059,2.483000179810822,1743715054602181400,19.728181396484374,-0.1539067775011062,1.3859809637069702,-0.6467047333717346
1743715054612145400,19.7381455078125,-0.5729787514090537,0.1004518403083086,2.607919814160466,1743715054612145400,19.7381455078125,-0.1765825301408767,1.5279814004898071,-0.5776252746582031
1743715054622108400,19.7481083984375,-0.6320645621061325,0.8381511983186006,2.5130048574522137,1743715054622108400,19.7481083984375,-0.2105936855077743,1.717879056930542,-0.5075969099998474
1743715054632072400,19.758072509765626,-0.7734029779456555,1.1344324847191571,2.290087351817637,1743715054632072400,19.758072509765626,-0.2586522996425628,1.8872870206832888,-0.4543361067771911
1743715054642036500,19.768036376953123,-0.9360872564136982,1.1135510247319935,1.889863752644509,1743715054642036500,19.768036376953123,-0.3132358193397522,2.042062282562256,-0.4183440208435058
1743715054651999500,19.77799951171875,-1.160245409759134,0.7814689416319132,1.386514563909173,1743715054651999500,19.77799951171875,-0.3639160394668579,2.1560683250427246,-0.3967561721801758
1743715054661963500,19.787963623046878,-1.2673065852046013,0.4812392098665237,0.8992316168989986,1743715054661963500,19.787963623046878,-0.401332139968872,2.2450108528137207,-0.3869757354259491
1743715054671926500,19.797926513671875,-1.3130875086486338,0.2547644501417875,0.5505217492008582,1743715054671926500,19.797926513671875,-0.4226217269897461,2.3137693405151367,-0.3811585903167724
1743715054681890600,19.807890625,-1.2951907635606823,0.202149881285429,0.3683126495189964,1743715054681890600,19.807890625,-0.4247503578662872,2.3749403953552246,-0.3899454474449157
1743715054691854600,19.8178544921875,-1.2044986852444708,0.3142962510406971,0.3683116266056895,1743715054691854600,19.8178544921875,-0.4199715852737427,2.450737237930298,-0.4039835035800934
1743715054701817600,19.827817626953124,-1.0187094255208968,0.4760685292303562,0.2527934240634553,1743715054701817600,19.827817626953124,-0.4149248301982879,2.499786615371704,-0.4204964339733124
1743715054711781400,19.837781494140625,-1.085432453098148,0.6659948887586593,0.2942091015026905,1743715054711781400,19.837781494140625,-0.4036253094673157,2.574073076248169,-0.4301306903362274
1743715054721744600,19.84774462890625,-1.0638647644124926,0.8957985006451606,0.301516392308753,1743715054721744600,19.84774462890625,-0.4028270840644836,2.658358097076416,-0.431566834449768
1743715054731708400,19.85770849609375,-1.2272305954039096,1.105607372251153,0.2534660808943212,1743715054731708400,19.85770849609375,-0.4016702175140381,2.746917724609375,-0.4185205399990082
1743715054741672400,19.86767236328125,-1.356095460247993,1.3514081792145969,0.2009235726271755,1743715054741672400,19.86767236328125,-0.408454954624176,2.8329758644104004,-0.4021751880645752
1743715054751635500,19.877635498046875,-1.4779028077960012,1.5205378344297409,0.188847094657924,1743715054751635500,19.877635498046875,-0.4224333465099334,2.915688991546631,-0.3894639015197754
1743715054761599500,19.887599609375,-1.5173919376194476,1.6420441532045602,0.1398904820535332,1743715054761599500,19.887599609375,-0.4369012117385864,2.9861433506011963,-0.37350594997406
1743715054771562500,19.8975625,-1.5780781692504882,1.5730705702215433,0.1426792725218459,1743715054771562500,19.8975625,-0.4411454796791076,3.0483856201171875,-0.3710500001907348
1743715054781526500,19.907526611328127,-1.4965629384718837,1.418624689397216,0.081071377734933,1743715054781526500,19.907526611328127,-0.4507752060890198,3.108269214630127,-0.367722749710083
1743715054791490600,19.917490478515624,-1.6502584393203257,1.1827590009927749,0.0877776339079253,1743715054791490600,19.917490478515624,-0.4488936960697174,3.1610805988311768,-0.3690974712371826
1743715054801453600,19.92745361328125,-1.7031718449927866,0.8700748613238334,0.1689228257977403,1743715054801453600,19.92745361328125,-0.4500159025192261,3.2113029956817627,-0.3841216266155243
1743715054811417600,19.93741748046875,-1.7442017745174467,0.5602665693521499,0.1060686938093975,1743715054811417600,19.93741748046875,-0.4433252513408661,3.2725930213928223,-0.3992523550987243
1743715054821381600,19.94738159179688,-1.65066059038043,0.1586976930499076,-0.0496436998194083,1743715054821381600,19.94738159179688,-0.4655631780624389,3.2682273387908936,-0.4473029673099518
1743715054831344600,19.9573447265625,-1.2556046031035482,-0.2926373769402504,-0.3622951793277636,1743715054831344600,19.9573447265625,-0.4916799962520599,3.2678496837615967,-0.4902904033660888
1743715054841308700,19.96730859375,-1.291135350690037,-0.7052320896476507,-0.3657150342412292,1743715054841308700,19.96730859375,-0.5118299722671509,3.25689959526062,-0.5193843841552734
1743715054851271400,19.977271484375,-1.130420910990238,-1.0637421609461306,-0.3907424714593216,1743715054851271400,19.977271484375,-0.5202831029891968,3.2748734951019287,-0.5462818145751953
1743715054861235700,19.98723559570313,-1.2252011354029178,-1.324995388585329,-0.2826581269785762,1743715054861235700,19.98723559570313,-0.511976420879364,3.3054893016815186,-0.5585682392120361
1743715054871199500,19.997199462890624,-1.2046715575933455,-1.6190636751115322,-0.2667706393538043,1743715054871199500,19.997199462890624,-0.5042226314544678,3.3123772144317627,-0.5780050158500671
1743715054881162500,20.00716259765625,-0.8726724766016006,-2.0833780536621807,-0.3304402707098052,1743715054881162500,20.00716259765625,-0.5020362138748169,3.3353688716888428,-0.6193618774414062
1743715054891126300,20.01712622070313,-0.6271452258825302,-2.4901176106005907,-0.2139315410265699,1743715054891126300,20.01712622070313,-0.5049167275428772,3.362825870513916,-0.6744924783706665
1743715054901089500,20.027089599609376,-0.2708558263082057,-2.7827853826791045,-0.0781216428175568,1743715054901089500,20.027089599609376,-0.5359326601028442,3.3463616371154785,-0.74141526222229
1743715054911053300,20.03705322265625,-0.026408772041276,-2.8344822521686552,0.3285048822004348,1743715054911053300,20.03705322265625,-0.5767045617103577,3.327583074569702,-0.7802771925926208
1743715054921017300,20.04701733398437,-0.2047487021395936,-2.419313305059075,1.0872823187485336,1743715054921017300,20.04701733398437,-0.621595025062561,3.322238683700561,-0.7782651782035828
1743715054930980400,20.05698046875,-0.375845236980915,-1.828344138929248,1.6540302129440008,1743715054930980400,20.05698046875,-0.684350848197937,3.309532165527344,-0.7596669793128967
1743715054940944400,20.0669443359375,-0.5609586067369208,-1.1840279980152846,1.9815058251619335,1743715054940944400,20.0669443359375,-0.7475237250328064,3.295926094055176,-0.7216306924819946
1743715054950907400,20.076907470703127,-0.900316854852438,-0.4847176996320486,2.125109701715409,1743715054950907400,20.076907470703127,-0.8141184449195862,3.2502453327178955,-0.66033536195755
1743715054960871400,20.086871337890624,-1.3010779219031332,0.1560661755025386,1.970487295280397,1743715054960871400,20.086871337890624,-0.8790212869644165,3.1696736812591557,-0.6136059761047363
1743715054970835500,20.09683544921875,-1.511779358434677,0.7666326070278883,1.7291957824349402,1743715054970835500,20.09683544921875,-0.943453848361969,3.0828468799591064,-0.6061192750930786
1743715054980798500,20.10679858398437,-1.6534253789186475,1.280170158430934,1.4884060816317797,1743715054980798500,20.10679858398437,-0.9856445789337158,2.994081735610962,-0.6260117888450623
1743715054990762500,20.11676245117188,-1.7956044833660123,1.6539309903532269,1.3714610794231294,1743715054990762500,20.11676245117188,-1.0261059999465942,2.9220738410949707,-0.6640563607215881
1743715055000726500,20.1267265625,-1.6595663658916948,1.8650556207329037,1.2690401309989392,1743715055000726500,20.1267265625,-1.0436604022979736,2.844502210617065,-0.7367111444473267
1743715055010689500,20.136689453125,-1.472967104959488,1.9776064796358344,1.3653319290183483,1743715055010689500,20.136689453125,-1.0358245372772217,2.767083644866944,-0.8076881170272827
1743715055020653600,20.146653564453125,-1.4784709630727768,1.8760118990331889,1.5170058609113095,1743715055020653600,20.146653564453125,-1.0113227367401123,2.660949945449829,-0.8396103382110596
1743715055030616600,20.15661645507813,-1.2232044086277485,1.8255150529831647,1.654848835850507,1743715055030616600,20.15661645507813,-0.966512143611908,2.621010065078736,-0.8750940561294556
1743715055040580600,20.16658056640625,-0.6963268986582756,1.7614841870993374,1.7224688122674825,1743715055040580600,20.16658056640625,-0.889776349067688,2.626224994659424,-0.9282535910606384
1743715055050544400,20.17654443359375,-0.2444020460814237,1.6886685417354106,1.9530805256664752,1743715055050544400,20.17654443359375,-0.7992203235626221,2.6423795223236084,-0.9640422463417052
1743715055060507400,20.18650732421875,-0.1096802719026803,1.5243676218509674,2.2671643030002717,1743715055060507400,20.18650732421875,-0.7036709189414978,2.660619020462036,-0.9898869395256042
1743715055070471400,20.19647143554688,-0.1083340997244231,1.291464290383458,2.560135149678588,1743715055070471400,20.19647143554688,-0.5945103764533997,2.68889594078064,-1.009350061416626
1743715055080434400,20.206434326171877,-0.2312164195601828,0.99440266726017,2.7692776663303373,1743715055080434400,20.206434326171877,-0.4985497593879699,2.6841578483581543,-1.0004523992538452
1743715055090398200,20.21639819335937,-0.2599298883472569,0.5930956567645073,2.855059468512237,1743715055090398200,20.21639819335937,-0.419493019580841,2.689148426055908,-0.976633071899414
1743715055100362200,20.2263623046875,-0.3604991992890834,0.2178688439428806,2.8515429848238822,1743715055100362200,20.2263623046875,-0.3487657606601715,2.7141759395599365,-0.9324896931648254
1743715055110325200,20.2363251953125,-0.5980453881263732,-0.2121925518721342,2.7924446069061752,1743715055110325200,20.2363251953125,-0.2773863673210144,2.7388927936553955,-0.8669495582580566
1743715055120289300,20.246289306640627,-0.8033499340504408,-0.7017243737876415,2.687777779251337,1743715055120289300,20.246289306640627,-0.2130531519651413,2.7659051418304443,-0.8154886960983276
1743715055130253300,20.25625341796875,-0.6922977892726659,-1.21012806943357,2.392382335774601,1743715055130253300,20.25625341796875,-0.1682699769735336,2.817082166671753,-0.8004692792892456
1743715055140216300,20.26621630859375,-0.5473877985566854,-1.4302572595238685,2.024830149234086,1743715055140216300,20.26621630859375,-0.128401443362236,2.8814117908477783,-0.7808369994163513
1743715055150180400,20.276180419921875,-0.5463455960273742,-1.3083295004665851,1.6281658499777316,1743715055150180400,20.276180419921875,-0.1015599817037582,2.922857999801636,-0.7504481673240662
1743715055160143400,20.28614331054688,-0.5021522705683484,-0.9992892702579498,1.3998895937889813,1743715055160143400,20.28614331054688,-0.075445257127285,2.937434196472168,-0.719879150390625
1743715055170107400,20.296107421875,-0.4742886600762605,-0.6116366911053657,1.3863640495225786,1743715055170107400,20.296107421875,-0.0412265695631504,2.930094003677368,-0.6866958737373352
1743715055180071400,20.306071533203124,-0.4463263019174337,-0.313393749243021,1.370627112817019,1743715055180071400,20.306071533203124,-0.0025706188753247,2.9061203002929688,-0.6675528287887573
1743715055190034400,20.316034423828125,-0.3869289045205339,-0.0773234781771898,1.3393871942922473,1743715055190034400,20.316034423828125,0.0471604503691196,2.8822028636932373,-0.6458871960639954
1743715055199998500,20.32599853515625,-0.3313000293442979,0.0774579182118177,1.2584040245637298,1743715055199998500,20.32599853515625,0.0908024758100509,2.8532919883728027,-0.6312727928161621
1743715055209961500,20.33596142578125,-0.2202986649056896,0.174702486911416,1.147751546628028,1743715055209961500,20.33596142578125,0.1348604708909988,2.8357744216918945,-0.6187913417816162
1743715055219925500,20.345925537109373,-0.1139583876132965,0.2279787345468998,1.0665452356681226,1743715055219925500,20.345925537109373,0.1734667718410492,2.829387903213501,-0.5991443991661072
1743715055229889300,20.35588916015625,-0.0077741046002134,0.1932306617707014,0.9679878308042884,1743715055229889300,20.35588916015625,0.2082329988479614,2.8283493518829346,-0.5731090903282166
1743715055239852500,20.3658525390625,0.0715045262327417,0.1317822135955095,0.9653462302543222,1743715055239852500,20.3658525390625,0.2426844537258148,2.83355975151062,-0.5447540879249573
1743715055249816300,20.37581640625,0.1104635312348604,0.1356517485052347,0.993856139293313,1743715055249816300,20.37581640625,0.2625130116939544,2.842754602432251,-0.5150601267814636
1743715055259780400,20.3857802734375,0.1069932247757911,0.1741980445206165,1.0216152299650012,1743715055259780400,20.3857802734375,0.275530070066452,2.8436264991760254,-0.4969947040081024
1743715055269743400,20.395743408203124,0.0816291029492393,0.2373597263544797,0.999049177891761,1743715055269743400,20.395743408203124,0.2762984037399292,2.8388102054595947,-0.4745402634143829
1743715055279707400,20.405707275390625,-0.0447953830054029,0.3563245439529419,1.054993767953664,1743715055279707400,20.405707275390625,0.2795323133468628,2.828336715698242,-0.4477971792221069
1743715055289670400,20.41567041015625,-0.1316529977252706,0.4465735546767711,1.0527006885804235,1743715055289670400,20.41567041015625,0.2816242277622223,2.8033647537231445,-0.4231517612934112
1743715055299634400,20.425634521484376,-0.1040746704479679,0.5121317762583494,1.0443360342085362,1743715055299634400,20.425634521484376,0.2838523387908935,2.7756927013397217,-0.4011738300323486
1743715055309598500,20.435598388671878,-0.0515828877210617,0.5670692351043224,1.0262402594171465,1743715055309598500,20.435598388671878,0.2892215251922607,2.7538886070251465,-0.3829173445701599
1743715055319561500,20.4455615234375,0.1002875896573066,0.5926555117815733,0.9262713803201912,1743715055319561500,20.4455615234375,0.2935501039028168,2.734735012054444,-0.3685514330863952
1743715055329525500,20.455525390625,0.2422474983960389,0.5656687206566333,0.8421069502070546,1743715055329525500,20.455525390625,0.2935514450073242,2.7120189666748047,-0.3591105341911316
1743715055339488500,20.465488525390622,0.3194154937505722,0.5599532656192779,0.7265794135808944,1743715055339488500,20.465488525390622,0.2934482991695404,2.6789135932922363,-0.3462194800376892
1743715055349452500,20.47545263671875,0.4142664453119039,0.532269139879942,0.6276115282200276,1743715055349452500,20.47545263671875,0.2917231023311615,2.637635946273804,-0.3303861916065216
1743715055359416600,20.48541650390625,0.5372159486323594,0.548725769162178,0.619697686355561,1743715055359416600,20.48541650390625,0.2907913625240326,2.603332042694092,-0.3134415745735168
1743715055369379600,20.495379638671874,0.5700052885562181,0.5322831684052944,0.6167652861654758,1743715055369379600,20.495379638671874,0.290084570646286,2.5779287815093994,-0.2972285151481628
1743715055379343600,20.505343505859376,0.5230979914307594,0.5025643219679594,0.6028041269607841,1743715055379343600,20.505343505859376,0.2946884930133819,2.5690643787384038,-0.2815994322299957
1743715055389307400,20.515307373046877,0.3832423614948987,0.4496849646955728,0.5693365955144166,1743715055389307400,20.515307373046877,0.2899752259254455,2.509155511856079,-0.2810393869876861
1743715055399270700,20.525270751953126,0.6117290455639361,0.356866980266571,0.5126958398818969,1743715055399270700,20.525270751953126,0.2881577312946319,2.447158098220825,-0.2951327562332153
1743715055409234400,20.535234375,0.6153039814412593,0.3548895427137613,0.6092533031001687,1743715055409234400,20.535234375,0.2920669913291931,2.3773412704467773,-0.2938467264175415
1743715055419197400,20.545197509765625,0.6278332081466913,0.349940395873785,0.6636947951227427,1743715055419197400,20.545197509765625,0.2949188947677612,2.30438494682312,-0.2863953411579132
1743715055429161200,20.5551611328125,0.7021738711208104,0.3496715158045291,0.7129207444541156,1743715055429161200,20.5551611328125,0.2985272109508514,2.258037567138672,-0.2736603915691376
1743715055439125200,20.565125244140624,0.5216881246328353,0.4212999972105026,0.7410935304932296,1743715055439125200,20.565125244140624,0.2900391221046448,2.213113784790039,-0.2628121972084045
1743715055449088300,20.575088134765625,0.6967120985835791,0.324997677797079,0.6382251305624842,1743715055449088300,20.575088134765625,0.2828379273414612,2.176947832107544,-0.2674391865730285
1743715055459052300,20.58505224609375,0.9099866004735232,0.2457715808689594,0.55233080791682,1743715055459052300,20.58505224609375,0.2797140479087829,2.1442854404449463,-0.2698555588722229
1743715055469015300,20.595015380859376,0.9177940593540668,0.2506798111766576,0.4921409815005957,1743715055469015300,20.595015380859376,0.2734795808792114,2.105667352676392,-0.265476256608963
1743715055478979300,20.604979248046877,0.8506091133534908,0.2975385929852724,0.4047431224241852,1743715055478979300,20.604979248046877,0.2710671722888946,2.049093246459961,-0.2578379809856415
1743715055488943400,20.614943359375,0.867930835032463,0.3079547730594873,0.3541170970365405,1743715055488943400,20.614943359375,0.2715750336647033,1.98209285736084,-0.2536054253578186
1743715055498906400,20.62490625,0.9180746298611164,0.2607569685548543,0.2415714988306164,1743715055498906400,20.62490625,0.2748463451862335,1.9097517728805544,-0.2503150105476379
1743715055508870400,20.63487036132813,0.9700918173462152,0.257294260880351,0.1434087923727929,1743715055508870400,20.63487036132813,0.2861549258232116,1.8404533863067627,-0.2436845451593399
1743715055518834400,20.64483447265625,1.0087959342718125,0.2748556365340948,0.135289344933629,1743715055518834400,20.64483447265625,0.2924486696720123,1.763698697090149,-0.2334602028131485
1743715055528797400,20.65479736328125,1.0806173079013823,0.3230880447834729,0.0756375709168613,1743715055528797400,20.65479736328125,0.2937133908271789,1.6886731386184692,-0.2306353896856308
1743715055538761500,20.66476147460937,1.0879226624786853,0.3969751187711954,0.0062631520479917,1743715055538761500,20.66476147460937,0.2925393879413605,1.6136667728424072,-0.2167176902294159
1743715055548724500,20.674724365234376,1.0920201609253883,0.4456137697339057,-0.0084027944251894,1743715055548724500,20.674724365234376,0.2887758016586303,1.5400160551071167,-0.2020135819911956
1743715055558688500,20.6846884765625,1.1526268975794314,0.5264823731720447,0.0212840494386851,1743715055558688500,20.6846884765625,0.2882615625858307,1.459907293319702,-0.1786859482526779
1743715055568652300,20.69465234375,1.1960013444036244,0.6201116739839315,0.1083121984198689,1743715055568652300,20.69465234375,0.2828689515590668,1.3706644773483276,-0.1447881609201431
1743715055578615600,20.704615478515624,1.2546850040405988,0.7027274133503436,0.1678064437873661,1743715055578615600,20.704615478515624,0.281011164188385,1.2779457569122314,-0.1016200929880142
1743715055588579300,20.714579345703125,1.3144780862241985,0.7687924154102802,0.2561731478959322,1743715055588579300,20.714579345703125,0.2765420973300934,1.186833739280701,-0.0564542151987552
1743715055598542300,20.724542236328126,1.4008756822168826,0.8411550563097,0.3298538856565952,1743715055598542300,20.724542236328126,0.2685618102550506,1.1046589612960815,-0.0161747485399246
1743715055608506400,20.73450634765625,1.4642168122708796,0.9185679663360118,0.4338165105648338,1743715055608506400,20.73450634765625,0.2568516433238983,1.033875584602356,0.0327624343335628
1743715055618470400,20.74447045898437,1.411264974284172,0.9743605807065964,0.5289302777808159,1743715055618470400,20.74447045898437,0.2448232322931289,0.9655636548995972,0.0881990641355514
1743715055628433400,20.75443334960937,1.3760171352922916,0.935382323014736,0.6306270035836845,1743715055628433400,20.75443334960937,0.2374998033046722,0.8959046602249146,0.1456671506166458
1743715055638397400,20.7643974609375,1.3396610427975657,0.89218147919178,0.6889987477272749,1743715055638397400,20.7643974609375,0.2341074347496032,0.8323553800582886,0.2054087370634079
1743715055648361500,20.774361572265622,1.233425358390808,0.8329273261904716,0.8239901326276361,1743715055648361500,20.774361572265622,0.2271944135427475,0.761716365814209,0.256414920091629
1743715055658324500,20.784324462890623,1.4079367066442965,0.7611082906484603,0.9185317259788512,1743715055658324500,20.784324462890623,0.2154975235462188,0.7033349871635437,0.3019385635852813
1743715055668288500,20.79428857421875,1.4178443526744842,0.7625789477229118,1.1147041402898727,1743715055668288500,20.79428857421875,0.2099546939134597,0.6587379574775696,0.361770749092102
1743715055678251500,20.80425146484375,1.3220330316483977,0.7468138078361749,1.2879120047293602,1743715055678251500,20.80425146484375,0.2080062329769134,0.6214412450790405,0.4280506372451782
1743715055688215600,20.814215576171875,1.1226397555947305,0.6040747314184903,1.3461588803842663,1743715055688215600,20.814215576171875,0.2130020558834076,0.577777624130249,0.4757310748100281
1743715055698179600,20.8241796875,0.313798201858066,0.1093242980718612,1.466596547014266,1743715055698179600,20.8241796875,0.2533781230449676,0.5676770210266113,0.5229220390319824
1743715055708142600,20.834142578125,-0.8517758190453052,-0.7130623448818921,1.426032043044269,1743715055708142600,20.834142578125,0.3511744737625122,0.6248081922531128,0.5191158652305603
1743715055718106600,20.844106689453124,-0.3739128076136112,-1.800851736369729,0.8678164148725569,1743715055718106600,20.844106689453124,0.457472413778305,0.7635302543640137,0.3343842923641205
1743715055728070400,20.8540703125,1.2827087369978427,-3.4683372048228978,-0.3618711452294141,1743715055728070400,20.8540703125,0.4569339156150818,0.6584765315055847,0.165808618068695
1743715055738033400,20.864033447265623,1.8102432495713232,-4.84715127735734,-1.2301324543252588,1743715055738033400,20.864033447265623,0.4033536911010742,0.493843674659729,0.0299791898578405
1743715055747997400,20.87399755859375,1.2936182535469531,-5.170373762175441,-1.678663865071535,1743715055747997400,20.87399755859375,0.3359405696392059,0.4837667942047119,-0.0847367420792579
1743715055757960200,20.883960205078125,0.666316375797987,-4.657316103243828,-1.5832114404857158,1743715055757960200,20.883960205078125,0.2699837684631347,0.6110246777534485,-0.1642411649227142
1743715055767924200,20.89392431640625,0.2806874479601159,-3.358962637868524,-1.0019866195831448,1743715055767924200,20.89392431640625,0.2054324746131897,0.7279161214828491,-0.217698261141777
1743715055777888300,20.90388818359375,0.2186989015588537,-1.958478000795841,-0.1554402256239205,1743715055777888300,20.90388818359375,0.1499363631010055,0.7663382887840271,-0.2343193143606186
1743715055787851300,20.913851318359374,0.0370318363318219,-0.4465273774474859,0.8667649330582469,1743715055787851300,20.913851318359374,0.1342239826917648,0.7296905517578125,-0.2328487038612365
1743715055797815300,20.923815185546875,-0.2440425285866483,1.011191304975748,1.525526582627743,1743715055797815300,20.923815185546875,0.1624094843864441,0.6560521721839905,-0.2111961096525192
1743715055807778300,20.9337783203125,-0.6137959149658679,2.165251450228691,1.5537413081124425,1743715055807778300,20.9337783203125,0.2068105041980743,0.5794905424118042,-0.189377099275589
1743715055817742300,20.943742431640626,-0.7860241207182407,2.707264570009708,0.7766154371861368,1743715055817742300,20.943742431640626,0.2275467365980148,0.5209453105926514,-0.192055806517601
1743715055827706400,20.953706298828124,-0.6098153574297204,2.601731480914354,-0.3015201369021087,1743715055827706400,20.953706298828124,0.2397317737340927,0.4764564037322998,-0.2246294617652893
1743715055837669400,20.96366943359375,-0.2738052872309461,2.2065952680081127,-1.121796071312204,1743715055837669400,20.96366943359375,0.2437823712825775,0.4295340776443481,-0.2691118717193603
1743715055847633400,20.97363330078125,0.090085344594717,1.5322914005875587,-1.6349793293848631,1743715055847633400,20.97363330078125,0.2548890709877014,0.3812389671802521,-0.3162786066532135
1743715055857597400,20.983597412109376,0.3213490921616554,0.7343155607908963,-1.714554385881126,1743715055857597400,20.983597412109376,0.2797037065029144,0.3317278325557709,-0.355924129486084
1743715055867560400,20.993560546875,0.3404056748092174,-0.1234299803137779,-1.464016321262717,1743715055867560400,20.993560546875,0.3234975337982178,0.2917582988739013,-0.3845978379249573
1743715055877524500,21.0035244140625,0.2457867419054731,-0.8724918593376875,-1.0587803007550538,1743715055877524500,21.0035244140625,0.3719169497489929,0.2628233730792999,-0.4023397564888
1743715055887487500,21.013487548828124,0.0881517279173247,-1.2974614849716424,-0.6813764361552894,1743715055887487500,21.013487548828124,0.4229106307029724,0.2652284801006317,-0.4079941809177398
1743715055897451500,21.023451416015625,-0.056377136260271,-1.169968493002653,-0.4732737474126741,1743715055897451500,21.023451416015625,0.4516724348068237,0.2707146108150482,-0.4012001454830169
1743715055907415300,21.033415283203126,0.0326268519716803,-0.572905686172843,-0.4354181370751932,1743715055907415300,21.033415283203126,0.4556999206542969,0.2736350297927856,-0.3950586318969726
1743715055917378300,21.04337841796875,0.2856079166948795,0.1074479828059673,-0.3339756417617202,1743715055917378300,21.04337841796875,0.4518473446369171,0.2674803733825683,-0.3897680342197418
1743715055927342300,21.05334228515625,0.4485527457952499,0.7579659009695052,-0.1971724764653481,1743715055927342300,21.05334228515625,0.448720782995224,0.2641812562942505,-0.3764852285385132
1743715055937305300,21.063305419921875,0.4599287108123302,1.2450304559886456,-0.2440709874961525,1743715055937305300,21.063305419921875,0.4415648877620697,0.2661831378936767,-0.354453980922699
1743715055947269400,21.073269287109376,0.40317689602077,1.5284066681087016,-0.5261468210747465,1743715055947269400,21.073269287109376,0.4227120876312256,0.2722586095333099,-0.3295291662216186
1743715055957233400,21.0832333984375,0.2867243535041809,1.5029302815467118,-0.8477508013129234,1743715055957233400,21.0832333984375,0.3985366523265838,0.2955988645553589,-0.309504896402359
1743715055967196400,21.093196533203123,0.1515074984180275,1.2968658571660518,-1.1057579597029834,1743715055967196400,21.093196533203123,0.3613208532333374,0.2622781693935394,-0.3076835572719574
1743715055977160400,21.103160400390625,0.4669786293238401,0.8882172517359256,-1.2745832982093095,1743715055977160400,21.103160400390625,0.3279043436050415,0.2255275994539261,-0.336256593465805
1743715055987124500,21.11312451171875,0.6466074667215347,0.5901935055822134,-1.2278903744868934,1743715055987124500,21.11312451171875,0.3051492273807525,0.1785188168287277,-0.3469329476356506
1743715055997087500,21.12308740234375,0.5803074868619441,0.4002870197981595,-1.0714393643852322,1743715055997087500,21.12308740234375,0.2935827374458313,0.1361059099435806,-0.3450056314468384
1743715056007051500,21.13305151367188,0.5137105698823928,0.2637596575021743,-0.943015886633098,1743715056007051500,21.13305151367188,0.2795449495315552,0.0955739319324493,-0.3420593738555908
1743715056017015000,21.14301513671875,0.4715705967565998,0.1979828247338533,-0.840965817347914,1743715056017015000,21.14301513671875,0.2585398852825165,0.047715276479721,-0.3395476937294006
1743715056026979000,21.15297900390625,0.6404197179973125,0.1948860277622938,-0.7486862506445496,1743715056026979000,21.15297900390625,0.2384199649095535,-0.001429102034308,-0.3417897820472717
1743715056036942800,21.16294287109375,0.8219646181493997,0.3198813576966524,-0.6696747463151812,1743715056036942800,21.16294287109375,0.217714712023735,-0.0329247303307056,-0.3347193598747253
1743715056046905900,21.17290576171875,0.7847188833385705,0.5184405210137367,-0.6763683987349272,1743715056046905900,21.17290576171875,0.1944267004728317,-0.0556518770754337,-0.2992734909057617
1743715056056870000,21.18286987304688,0.7627975589096546,0.6174029995471239,-0.6903888138461858,1743715056056870000,21.18286987304688,0.1664918363094329,-0.0865107998251915,-0.2543288171291351
1743715056066834000,21.192833984375,0.8555757958501576,0.6295388430207968,-0.7613570777777582,1743715056066834000,21.192833984375,0.1412834227085113,-0.1209555938839912,-0.2167937010526657
1743715056076796700,21.20279663085937,1.040806106516719,0.5708721345186233,-0.7472078486550598,1743715056076796700,21.20279663085937,0.1169118732213974,-0.1489174664020538,-0.1816393584012985
1743715056086760700,21.2127607421875,1.1696920141488314,0.4867559274613857,-0.7175533726908266,1743715056086760700,21.2127607421875,0.0957751646637916,-0.168702095746994,-0.1462603360414505
1743715056096723700,21.2227236328125,1.2457599393069745,0.3968295728206634,-0.7369384566403925,1743715056096723700,21.2227236328125,0.0807704851031303,-0.1809758692979812,-0.1063109263777732
1743715056106687700,21.232687744140627,1.3130541909009217,0.3502157056838273,-0.6764222478140145,1743715056106687700,21.232687744140627,0.0622218325734138,-0.1935073733329773,-0.0604472942650318
1743715056116651800,21.24265185546875,1.3338508952140806,0.3410924880295992,-0.6319914968699216,1743715056116651800,21.24265185546875,0.0454949475824832,-0.213009774684906,-0.0181100033223629
1743715056126614800,21.25261474609375,1.355212247672677,0.4004530240148305,-0.6255737387821078,1743715056126614800,21.25261474609375,0.0245475880801677,-0.2293088585138321,0.0266851652413606
1743715056136578800,21.262578857421875,1.416512811809778,0.453623473188281,-0.6501721734657884,1743715056136578800,21.262578857421875,0.0024779057130217,-0.2448651492595672,0.0680773332715034
1743715056146542800,21.27254296875,1.4988637627601622,0.5275333435297012,-0.6695051619019359,1743715056146542800,21.27254296875,-0.022253006696701,-0.2638047337532043,0.1101448908448219
1743715056156505900,21.282505859375,1.5206407102823256,0.6211182206779718,-0.6481785154305398,1743715056156505900,21.282505859375,-0.0418461188673973,-0.2822135984897613,0.1481422781944275
1743715056166470000,21.292469970703124,1.492721022221446,0.6814964092731476,-0.6323313963487744,1743715056166470000,21.292469970703124,-0.0578123033046722,-0.2955105006694793,0.1775976419448852
1743715056176433000,21.302432861328125,1.558652753290534,0.6715104373097419,-0.6353527899965643,1743715056176433000,21.302432861328125,-0.0777794495224952,-0.2985215485095978,0.1981026232242584
1743715056186397000,21.31239697265625,1.6939257316112517,0.6340501829653978,-0.7655069639988243,1743715056186397000,21.31239697265625,-0.1123494133353233,-0.2981362044811249,0.2094391584396362
1743715056196360700,21.322360595703124,1.547175665986538,0.5929547869890928,-0.8373273877803236,1743715056196360700,21.322360595703124,-0.1419554501771927,-0.2799359261989593,0.2446113228797912
1743715056206324000,21.332323974609373,1.3920856420397758,0.6359481255412102,-0.8791413803547621,1743715056206324000,21.332323974609373,-0.1978818327188491,-0.2682281136512756,0.2863262891769409
1743715056216287700,21.342287841796875,1.0432646055847403,0.6716138976842164,-0.8933419012732803,1743715056216287700,21.342287841796875,-0.256167471408844,-0.2098826766014099,0.3555810153484344
1743715056226251000,21.3522509765625,0.6614245121032,0.4679699784487485,-0.6999855672962964,1743715056226251000,21.3522509765625,-0.2982864081859588,-0.1707664281129837,0.4220532476902008
1743715056236214800,21.36221484375,0.847220055437088,0.0445750547856092,-0.5757312649875879,1743715056236214800,21.36221484375,-0.3310571312904358,-0.1368011534214019,0.4495347142219543
1743715056246178800,21.3721787109375,0.9402823700159788,-0.5309399371027946,-0.4012619292449206,1743715056246178800,21.3721787109375,-0.3431817293167114,-0.0765740275382995,0.4582048952579498
1743715056256141800,21.382141845703124,1.0788847850203511,-1.0952496443659063,-0.295765080506727,1743715056256141800,21.382141845703124,-0.3287438154220581,-0.0401146076619625,0.4458874762058258
1743715056266105900,21.39210595703125,1.2347370255112646,-1.6967045486748218,-0.4026750109132379,1743715056266105900,21.39210595703125,-0.3117576241493225,-0.0090501643717288,0.4084610044956207
1743715056276070000,21.40206982421875,1.489594999155402,-2.076393601602316,-0.5085772621145471,1743715056276070000,21.40206982421875,-0.3010671138763428,0.0340903475880622,0.3719314932823181
1743715056286033000,21.412032958984376,1.6636200251966713,-2.218549909695983,-0.5746511416006833,1743715056286033000,21.412032958984376,-0.2982265949249267,0.091997854411602,0.3692654073238373
1743715056295997000,21.421996826171878,1.6147265226900576,-2.452057636797428,-0.5580755255812778,1743715056295997000,21.421996826171878,-0.3039345741271972,0.1218785345554351,0.4311029314994812
1743715056305960000,21.4319599609375,1.0962941849827763,-2.8937147778600454,-0.3089175171444192,1743715056305960000,21.4319599609375,-0.3179289400577545,0.0587158165872097,0.544316291809082
1743715056315924000,21.441924072265625,0.239069452881813,-3.867635213583708,0.2819262873063795,1743715056315924000,21.441924072265625,-0.310682088136673,-0.0941839143633842,0.6329692602157593
1743715056325888000,21.45188793945313,0.2884580636953003,-5.368855184081196,0.8260375666767358,1743715056325888000,21.45188793945313,-0.2559570670127868,-0.2615683972835541,0.580682635307312
1743715056335851000,21.46185107421875,1.084068325138092,-6.829198369789123,0.9525224045164884,1743715056335851000,21.46185107421875,-0.1513145864009857,-0.2613915205001831,0.3785890936851501
1743715056345815000,21.47181494140625,0.7698293572425842,-7.249348612442612,0.5503188105072826,1743715056345815000,21.47181494140625,-0.0906882584095001,-0.0518734417855739,0.129687413573265
1743715056355778800,21.48177880859375,-0.2505331327149644,-6.159952954801916,-0.196937790926639,1743715056355778800,21.48177880859375,-0.0976238995790481,0.2050463408231735,-0.0811553448438644
1743715056365742000,21.4917421875,-0.8204770099401474,-3.808074186590314,-0.3866336113683879,1743715056365742000,21.4917421875,-0.1522067189216613,0.3605131506919861,-0.1550761759281158
1743715056375705900,21.501705810546877,-1.100640689754486,-1.5286656113058328,-0.2171482928496785,1743715056375705900,21.501705810546877,-0.2343625724315643,0.4704299569129944,-0.1142456233501434
1743715056385669000,21.511669189453126,-1.4284206917464732,0.3113151894032955,0.2028922788842581,1743715056385669000,21.511669189453126,-0.278691679239273,0.5639767050743103,-0.0156596638262271
1743715056395633000,21.5216328125,-1.7829168512284754,1.8238146788060663,0.6067482249440624,1743715056395633000,21.5216328125,-0.2912591695785522,0.6260086297988892,0.0839577317237854
1743715056405597000,21.53159692382813,-1.9085516481101512,2.86763282662034,0.8904259407613426,1743715056405597000,21.53159692382813,-0.3067696690559387,0.6405777335166931,0.1475620120763778
1743715056415559700,21.5415595703125,-1.8115934951364996,3.5478947256624696,1.0228770665943625,1743715056415559700,21.5415595703125,-0.3100053369998932,0.6494989991188049,0.1636983901262283
1743715056425523700,21.551523681640624,-1.657999847227335,3.893471081107855,1.1457928137756883,1743715056425523700,21.551523681640624,-0.3003614842891693,0.6612019538879395,0.1381815671920776
1743715056435486700,21.56148681640625,-1.384358262658119,3.7796120622158047,1.3186667700856922,1743715056435486700,21.56148681640625,-0.2528582513332367,0.6502509713172913,0.099647581577301
1743715056445450800,21.57145068359375,-0.9982698640823364,3.222627583274245,1.3631200981877742,1743715056445450800,21.57145068359375,-0.2048121690750122,0.6207524538040161,0.0601142831146717
1743715056455414800,21.58141479492188,-0.6438520305335521,2.499371761158109,1.0830297758705911,1743715056455414800,21.58141479492188,-0.1619955897331237,0.5833907723426819,0.0257941111922264
1743715056465377800,21.591377685546878,-0.3981552684664726,1.8135849612146613,0.5947399533728137,1743715056465377800,21.591377685546878,-0.1387906670570373,0.552588939666748,0.0024344599805772
1743715056475341800,21.601341796875,-0.2263432788321748,1.340728379768133,0.1268453417152166,1743715056475341800,21.601341796875,-0.1219631880521774,0.5457191467285156,-0.020291119813919
1743715056485305900,21.611305908203125,-0.1099427222311496,0.9236842864364384,-0.1581526994530111,1743715056485305900,21.611305908203125,-0.1058199033141136,0.5450711846351624,-0.0468638762831687
1743715056495268900,21.62126879882813,-0.0309480594387277,0.4988607912749052,-0.2787679876722395,1743715056495268900,21.62126879882813,-0.0939323231577873,0.5437242984771729,-0.0812600180506706
1743715056505233000,21.63123291015625,-0.1002735611319541,0.0827758983641862,-0.2583032187271863,1743715056505233000,21.63123291015625,-0.067438393831253,0.5504218935966492,-0.1311966776847839
1743715056515196000,21.64119580078125,-0.264519572491385,-0.1067652612388134,-0.2048827037828043,1743715056515196000,21.64119580078125,-0.0413567908108234,0.5428755879402161,-0.1898228675127029
1743715056525160000,21.65115991210937,-0.3578524476399645,-0.2718202143609524,-0.2726908962482586,1743715056525160000,21.65115991210937,-0.0199268646538257,0.527560293674469,-0.2397227883338928
1743715056535123700,21.66112377929688,-0.3945919864943251,-0.3269020501136779,-0.3139889021245762,1743715056535123700,21.66112377929688,-0.0071845417842268,0.4533240497112274,-0.2639320194721222
1743715056545087000,21.6710869140625,-0.0207680810068734,-0.2782622301071882,-0.3188310083935037,1743715056545087000,21.6710869140625,0.0005082653369754,0.3902809023857116,-0.2659698724746704
1743715056555050800,21.68105078125,0.2000093621253967,0.0125818336755037,-0.1279478230644017,1743715056555050800,21.68105078125,0.0086979568004608,0.3545573055744171,-0.2213315218687057
1743715056565014800,21.691014892578124,0.2604956690038554,0.3656786477535962,0.1032217434130609,1743715056565014800,21.691014892578124,0.0069815493188798,0.3396033942699432,-0.1583738476037979
1743715056574977800,21.700977783203125,0.2596586519241333,0.7555617624372244,0.2902294755483046,1743715056574977800,21.700977783203125,-0.0090264175087213,0.3485348224639892,-0.0912800952792167
1743715056584941800,21.71094189453125,0.3051145811975002,1.10512806430161,0.3236026432421058,1743715056584941800,21.71094189453125,-0.0283897295594215,0.3587270081043243,-0.0383289940655231
1743715056594904800,21.72090478515625,0.5713479353368281,1.2623784811526535,0.2879567083107307,1743715056594904800,21.72090478515625,-0.0496690198779106,0.3673242628574371,-0.0098550217226147
1743715056604868900,21.73086889648437,0.7271791330397128,1.3087731525808572,0.1740018643613904,1743715056604868900,21.73086889648437,-0.0609341897070407,0.3591164052486419,0.0115930121392011
1743715056614833000,21.7408330078125,0.6462497393250465,1.425724292269349,0.0271302547162398,1743715056614833000,21.7408330078125,-0.0682614520192146,0.3395534157752991,0.0152615047991275
1743715056624796000,21.7507958984375,0.62123337149024,1.4964093553453683,-0.1560075406504794,1743715056624796000,21.7507958984375,-0.0716489925980568,0.3098644912242889,0.0082494020462036
1743715056634760000,21.760760009765622,0.6742915924608707,1.528952611553669,-0.3134970634870231,1743715056634760000,21.760760009765622,-0.0683308541774749,0.2782632410526275,-0.0067937490530312
1743715056644724000,21.770723876953124,0.7714835541903973,1.5774065535992383,-0.3327896833801642,1743715056644724000,21.770723876953124,-0.061052169650793,0.2483042776584625,-0.0160548910498619
1743715056654687000,21.78068701171875,0.867733266633749,1.5623422554582356,-0.2680146845981478,1743715056654687000,21.78068701171875,-0.0431519970297813,0.2185834050178527,-0.0205505732446908
1743715056664651000,21.790651123046874,0.9002116409122943,1.56785429687798,-0.1578570044420659,1743715056664651000,21.790651123046874,-0.0330208018422126,0.1815750449895858,-0.0225415527820587
1743715056674614000,21.80061401367188,0.9383984559655189,1.6062059471040964,-0.0265090175453573,1743715056674614000,21.80061401367188,-0.0176366157829761,0.1416415274143219,-0.0211872849613428
1743715056684578000,21.810578125,0.9269850815474988,1.566239262896776,0.1319471583662554,1743715056684578000,21.810578125,0.0022252385970205,0.1033740267157554,-0.0155003704130649
1743715056694541800,21.820541748046875,0.8579986390829086,1.5097721102654933,0.2068728181540965,1743715056694541800,21.820541748046875,0.0247038453817367,0.0576020516455173,-0.0090542593970894
1743715056704505000,21.830505126953124,0.7969535110116005,1.4572808755278586,0.217486018637754,1743715056704505000,21.830505126953124,0.0411744304001331,0.0153246335685253,0.0075050094164907
1743715056714468900,21.84046875,0.819019212347269,1.3440847044587134,0.1906858361260965,1743715056714468900,21.84046875,0.0552975423634052,-0.0251422803848981,0.0231407359242439
1743715056724433000,21.850432861328127,0.9059130674242972,1.1843950777620076,0.161682481014356,1743715056724433000,21.850432861328127,0.0709974095225334,-0.0634473264217376,0.0494301319122314
1743715056734396000,21.86039599609375,0.8873159189820289,0.9629337622851132,0.168623970715329,1743715056734396000,21.86039599609375,0.0899045914411544,-0.0932007282972335,0.0892007201910018
1743715056744360000,21.87035986328125,0.8108265535414219,0.7241150692939757,0.2220541302708908,1743715056744360000,21.87035986328125,0.1120128184556961,-0.1205865442752838,0.1395419090986251
1743715056754322700,21.88032275390625,0.8310194467425346,0.4676239414900541,0.2990190773339942,1743715056754322700,21.88032275390625,0.1369971334934234,-0.1398010551929474,0.1991341561079025
1743715056764286700,21.89028662109375,0.9954232424795628,0.1928115595757961,0.3390693847041577,1743715056764286700,21.89028662109375,0.1588600873947143,-0.1453683972358703,0.2622950077056885
1743715056774251000,21.9002509765625,1.1315455311059952,-0.0759872611373662,0.4115956552000716,1743715056774251000,21.9002509765625,0.1822942048311233,-0.131008967757225,0.315572589635849
1743715056784213800,21.9102138671875,1.209663374531269,-0.3129343150377273,0.4933421009186655,1743715056784213800,21.9102138671875,0.1980286985635757,-0.0963133051991462,0.3702259659767151
1743715056794177800,21.920177734375,1.1421394058346748,-0.6924450887888669,0.521627005562745,1743715056794177800,21.920177734375,0.2097416818141937,-0.089344821870327,0.4198204576969147
1743715056804141800,21.93014184570313,1.2770587484121323,-1.259320262625813,0.412913131006807,1743715056804141800,21.93014184570313,0.2142855674028396,-0.0988608300685882,0.4510351121425628
1743715056814104800,21.940104736328124,1.2804653419852257,-1.7636702989667652,0.410047329779528,1743715056814104800,21.940104736328124,0.2134293615818023,-0.0990116968750953,0.4712170362472534
1743715056824068900,21.95006884765625,1.30874918718338,-2.1914655034154653,0.4440457166995853,1743715056824068900,21.95006884765625,0.1981148570775985,-0.0974532142281532,0.4846319258213043
1743715056834031900,21.960031982421874,1.3466753054738043,-2.5100211654663083,0.4723363569647073,1743715056834031900,21.960031982421874,0.1639750897884369,-0.1255614757537841,0.5160335898399353
1743715056843996000,21.969995849609376,1.055973865032196,-2.510107674705982,0.6053997329445555,1743715056843996000,21.969995849609376,0.1508046835660934,-0.1547417342662811,0.6053064465522766
1743715056853959700,21.979959716796877,0.0103716833453625,-2.583624161815643,0.9717955525241792,1743715056853959700,21.979959716796877,0.2488785535097122,-0.1000300347805023,0.7150782346725464
1743715056863923000,21.9899228515625,-1.1109236719030886,-3.1793051588982344,1.4483847446277738,1743715056863923000,21.9899228515625,0.4241182804107666,-0.0048028482124209,0.7858493328094482
1743715056873886700,21.99988671875,-0.3910369608938693,-5.022341840046644,0.6156344555046409,1743715056873886700,21.99988671875,0.5109254717826843,-0.0559139139950275,0.6879581809043884
1743715056883850800,22.009850830078125,0.9575883826691656,-6.665671941408514,-1.0672932775564492,1743715056883850800,22.009850830078125,0.5027221441268921,-0.1385528594255447,0.402202308177948
1743715056893813800,22.019813720703127,0.5832417136829346,-6.864708074587584,-2.242671812909097,1743715056893813800,22.019813720703127,0.3912508487701416,-0.1465113461017608,0.0725016370415687
1743715056903777800,22.02977783203125,-0.4547475818473845,-5.652711873194575,-2.7140733732417224,1743715056903777800,22.02977783203125,0.3029880821704864,-0.0918723419308662,-0.1795628368854522
1743715056913740800,22.03974072265625,-1.1302701774079351,-3.518115088948607,-2.333226966972649,1743715056913740800,22.03974072265625,0.1896927952766418,-0.0247126631438732,-0.3192893266677856
1743715056923704800,22.04970483398437,-1.2972566100493073,-1.7163117509424686,-1.5581161621958015,1743715056923704800,22.04970483398437,0.084350399672985,-0.0355685055255889,-0.3833226263523102
1743715056933668900,22.0596689453125,-1.4963643471598624,0.2040320417702198,-0.6491741023391485,1743715056933668900,22.0596689453125,0.0355725437402725,-0.118729218840599,-0.3383295238018036
1743715056943632000,22.0696318359375,-1.7390145811378954,1.8148744165033104,-0.1689289084786549,1743715056943632000,22.0696318359375,0.0461942963302135,-0.1926476657390594,-0.2159351706504821
1743715056953596000,22.079595947265624,-1.859742901277542,2.980520370131731,-0.1204372556380461,1743715056953596000,22.079595947265624,0.0724057182669639,-0.2507834136486053,-0.100572682917118
1743715056963560000,22.089559814453125,-1.73699213539958,3.611205460578203,-0.4292161040972918,1743715056963560000,22.089559814453125,0.084341213107109,-0.3010825216770172,-0.0512637160718441
1743715056973523000,22.09952294921875,-1.2768120801746845,3.6766958776205776,-0.9446280710700898,1743715056973523000,22.09952294921875,0.0696964561939239,-0.3579869568347931,-0.0577439591288566
1743715056983487000,22.10948706054688,-0.8361269259493798,3.28466698307991,-1.3269720954857769,1743715056983487000,22.10948706054688,0.0123961502686142,-0.4380434453487396,-0.0840187072753906
1743715056993450000,22.11944995117188,-0.701136417831853,2.7066128281027075,-1.3161628244407475,1743715056993450000,22.11944995117188,-0.037239670753479,-0.5200412273406982,-0.0991837307810783
1743715057003414000,22.1294140625,-0.7279109544456005,1.9171891280740496,-1.016229299142957,1743715057003414000,22.1294140625,-0.0694490075111389,-0.5756837129592896,-0.1122856810688972
1743715057013377800,22.13937768554688,-0.6168038646101951,1.1352917318969964,-0.6745459325481206,1743715057013377800,22.13937768554688,-0.0847760960459709,-0.6220912337303162,-0.1204136908054351
1743715057023340000,22.149340087890625,-0.40057760024257,0.4549643664032221,-0.3722414403352886,1743715057023340000,22.149340087890625,-0.1030416563153266,-0.6660370826721191,-0.114372044801712
1743715057033304000,22.159303955078126,-0.2526503075320273,-0.0315466463863849,0.0054727871215902,1743715057033304000,22.159303955078126,-0.1114789918065071,-0.701773464679718,-0.1001777425408363
1743715057043267800,22.169267822265624,-0.1728630695898085,-0.1784410889178514,0.508892575141415,1743715057043267800,22.169267822265624,-0.1216693073511123,-0.7108082175254822,-0.1108191981911659
1743715057053230800,22.17923095703125,-0.0400046781301498,-0.0111468324363231,0.8279521681264043,1743715057053230800,22.17923095703125,-0.1267057806253433,-0.7090861201286316,-0.1416471153497696
1743715057063195000,22.18919482421875,0.0958347019016742,0.3300105375230312,1.060707323294878,1743715057063195000,22.18919482421875,-0.1298672258853912,-0.6841839551925659,-0.1676853746175766
1743715057073158000,22.199157958984376,0.0751894618231803,0.8809867159605026,1.1078661109633745,1743715057073158000,22.199157958984376,-0.1377186477184295,-0.6302840113639832,-0.1661387681961059
1743715057083121700,22.20912158203125,-0.0048071080207824,1.4655115282565354,0.927701559253782,1743715057083121700,22.20912158203125,-0.1467060148715973,-0.5648471713066101,-0.1518884599208831
1743715057093085700,22.21908569335937,-0.1408346310358494,1.8941069431722164,0.6366454601556062,1743715057093085700,22.21908569335937,-0.1493594646453857,-0.4861050844192505,-0.134411334991455
1743715057103048700,22.229048583984376,-0.169853950901702,2.0666829394489525,0.1599261753989383,1743715057103048700,22.229048583984376,-0.1744091510772705,-0.4677644371986389,-0.130135104060173
1743715057113012700,22.2390126953125,0.0875684664029628,1.9584364997416732,-0.3154205788955092,1743715057113012700,22.2390126953125,-0.2003204524517059,-0.4391968250274658,-0.1383472084999084
1743715057122976800,22.248976806640623,0.1013783075034618,1.7837965566724538,-0.4593687388420104,1743715057122976800,22.248976806640623,-0.2122543454170227,-0.43720343708992,-0.1311865001916885
1743715057132939800,22.258939697265625,0.1303519615966826,1.4761515802145004,-0.4844667205456644,1743715057132939800,22.258939697265625,-0.2029119282960891,-0.4167001843452453,-0.1169942021369934
1743715057142903800,22.26890380859375,0.1113455017011612,1.2039186933994293,-0.4712608001550659,1743715057142903800,22.26890380859375,-0.1810926496982574,-0.3872698545455932,-0.1137251779437065
1743715057152866800,22.27886669921875,0.2001121649127453,0.9520739300966262,-0.5378964051771908,1743715057152866800,22.27886669921875,-0.1594628244638443,-0.3681336641311645,-0.1241435408592224
1743715057162830800,22.28883081054688,0.4565127648890018,0.7202315058588982,-0.6208807586602866,1743715057162830800,22.28883081054688,-0.1349740028381347,-0.3337128162384033,-0.1415875107049942
1743715057172795000,22.298794921875,0.652328766977787,0.6552057837188243,-0.6712986942552029,1743715057172795000,22.298794921875,-0.1067034304141998,-0.2848967313766479,-0.1504629403352737
1743715057182758000,22.3087578125,0.7401157715022564,0.6921680254131555,-0.7744681960243731,1743715057182758000,22.3087578125,-0.0777407586574554,-0.2293168306350708,-0.1460210531949997
1743715057192722000,22.318721923828125,0.7855413056373596,0.7282628366231918,-0.8029051128923893,1743715057192722000,22.318721923828125,-0.0489588156342506,-0.1882787644863128,-0.1277278065681457
1743715057202686000,22.32868603515625,0.8882008851230144,0.7827303398698567,-0.7843976885601878,1743715057202686000,22.32868603515625,-0.0285462196916341,-0.1656341701745987,-0.0917921811342239
1743715057212649000,22.33864892578125,0.9675216745972632,0.8452268357932567,-0.7098194905031472,1743715057212649000,22.33864892578125,0.004928280133754,-0.1279505044221878,-0.0592111088335514
1743715057222612700,22.34861279296875,1.1000164203763008,0.932842575404048,-0.634800562941283,1743715057222612700,22.34861279296875,0.028040524572134,-0.0992810428142547,-0.0156183559447526
1743715057232576800,22.35857666015625,1.1674784297525882,0.9119044167935848,-0.6328558586142957,1743715057232576800,22.35857666015625,0.053166314959526,-0.0431315824389457,0.0152636198326945
1743715057242539800,22.36853979492188,1.2055483404278755,0.9727186587184669,-0.5845028196599334,1743715057242539800,22.36853979492188,0.0543160028755664,-0.0280618201941251,0.0720025300979614
1743715057252503800,22.37850390625,1.100280624270439,0.989564579579234,-0.6199478617243468,1743715057252503800,22.37850390625,0.0597497522830963,0.0401290282607078,0.1335825771093368
1743715057262466800,22.388466796875,0.8526093472599983,1.075315694361925,-0.548448523123376,1743715057262466800,22.388466796875,0.0563611462712287,0.1098194271326065,0.196854755282402
1743715057272430800,22.398430908203125,0.490723588983342,1.0305910019725562,-0.6068295465519652,1743715057272430800,22.398430908203125,0.0335220471024513,0.1539432406425476,0.2912340462207794
1743715057282395000,22.408394775390622,0.2328465963115915,0.7980863144338131,-0.758853059067577,1743715057282395000,22.408394775390622,0.0011784873204305,0.1798819005489349,0.3702290058135986
1743715057292358000,22.41835791015625,0.4946188428562134,0.380824778959155,-0.8578880913805216,1743715057292358000,22.41835791015625,-0.0232689678668975,0.1973575353622436,0.4259521067142486
1743715057302322000,22.428322021484377,0.6918260801076889,-0.0835147340327501,-0.8732182008508592,1743715057302322000,22.428322021484377,-0.0532375201582908,0.1974283754825592,0.4725023210048675
1743715057312286000,22.438285888671874,0.6992553533256054,-0.5325736757844686,-0.7952304866112768,1743715057312286000,22.438285888671874,-0.1015445291996002,0.1424733251333236,0.5567261576652527
1743715057322249000,22.4482490234375,0.6063034403186291,-1.002080946803093,-0.6309479061011225,1743715057322249000,22.4482490234375,-0.0990430191159248,0.190690666437149,0.5618689656257629
1743715057332213000,22.458212890625,0.6260965205471962,-1.4062947846561669,-0.3705098673023283,1743715057332213000,22.458212890625,-0.1170727834105491,0.2068163007497787,0.5394065380096436
1743715057342176000,22.468176025390623,0.6934136415600777,-2.022847304853797,-0.3238724366268143,1743715057342176000,22.468176025390623,-0.1333180665969848,0.2374557107686996,0.5017382502555847
1743715057352140000,22.47814013671875,0.6770388453423977,-2.322523494389653,-0.3846558084893971,1743715057352140000,22.47814013671875,-0.1466196328401565,0.2960586547851562,0.4754254221916199
1743715057362104000,22.48810400390625,0.7213923663318157,-2.367690085327625,-0.5407159561099484,1743715057362104000,22.48810400390625,-0.1738597750663757,0.3093606233596802,0.5027260184288025
1743715057372067000,22.498067138671875,0.4766377804856747,-2.5324118609726427,-0.4804335925720632,1743715057372067000,22.498067138671875,-0.1870035380125045,0.257899135351181,0.6272543668746948
1743715057382030800,22.50803076171875,-0.9249589825473724,-3.078872607812285,0.2336066939638927,1743715057382030800,22.50803076171875,-0.1490755975246429,0.1061945855617523,0.8383967280387878
1743715057391995000,22.517994873046877,-1.6239922175548969,-4.308636521086097,0.7542359206609427,1743715057391995000,22.517994873046877,-0.0724675357341766,-0.1670315563678741,1.0187177658081057
1743715057401958000,22.5279580078125,-0.4837187517225742,-6.177165370887518,0.5236105075301603,1743715057401958000,22.5279580078125,-0.0136361792683601,-0.3054725229740143,0.8950557112693787
1743715057411922000,22.537921875,0.5221744468450545,-7.639352723157406,0.0847878592411056,1743715057411922000,22.537921875,-0.0055577456951141,-0.2589729428291321,0.5700401067733765
1743715057421884700,22.547884765625,0.2614941967882215,-7.821952100798487,-0.5309628795869649,1743715057421884700,22.547884765625,-0.0777347385883331,0.0020749035757035,0.1188470944762229
1743715057431848700,22.5578486328125,-0.237796510336548,-6.420567300015688,-0.999825861352682,1743715057431848700,22.5578486328125,-0.1281439214944839,0.1982121169567108,-0.2382650673389434
1743715057441813000,22.56781298828125,-0.8074654065452516,-3.496389579352736,-0.3594385843202471,1743715057441813000,22.56781298828125,-0.1890528053045272,0.2036617398262024,-0.3352366387844085
1743715057451775700,22.577775634765626,-1.413909351313114,-1.0705851587086916,0.347793739233911,1743715057451775700,22.577775634765626,-0.1993575096130371,0.1367087215185165,-0.310606300830841
1743715057461739800,22.58773974609375,-1.9782477001488208,1.3829226768970488,1.183656972745806,1743715057461739800,22.58773974609375,-0.16374172270298,0.0760413855314254,-0.2268783748149871
1743715057471703800,22.59770385742188,-2.3516917212069037,3.1571371662318706,1.468977450801432,1743715057471703800,22.59770385742188,-0.1074660718441009,0.0820454210042953,-0.1174395456910133
1743715057481666800,22.607666748046874,-2.531954764854908,4.365895700877904,1.2643158789560198,1743715057481666800,22.607666748046874,-0.0610596910119056,0.1490590721368789,-0.014629278331995
1743715057491630800,22.617630859375,-2.381595861083269,4.801387305048108,0.5852846907526255,1743715057491630800,22.617630859375,-0.0768295675516128,0.2021415829658508,0.0355255343019962
1743715057501595000,22.627594970703125,-1.9040695342600344,4.681957208025455,-0.0506878751100972,1743715057501595000,22.627594970703125,-0.1046129986643791,0.2166811227798462,0.019863486289978
1743715057511558000,22.637557861328126,-1.3993465729534624,4.25072267677784,-0.3207707077518105,1743715057511558000,22.637557861328126,-0.1022137552499771,0.2242792546749115,-0.0410744622349739
1743715057521522000,22.64752197265625,-1.028806529708579,3.521651446381211,-0.1940678067145869,1743715057521522000,22.64752197265625,-0.0723133832216262,0.198093980550766,-0.0941022634506225
1743715057531485000,22.65748486328125,-0.8272096061307936,2.608234871459007,-0.0497709794608876,1743715057531485000,22.65748486328125,-0.0242828987538814,0.1620108932256698,-0.1311196237802505
1743715057541448700,22.66744873046875,-0.5916038107715547,1.5658149000048636,-0.0848075137896463,1743715057541448700,22.66744873046875,0.0216774027794599,0.1342215985059738,-0.176047682762146
1743715057551412700,22.67741284179688,-0.2852607106924056,0.7376853294849395,-0.2411016162965446,1743715057551412700,22.67741284179688,0.0681650042533874,0.1279579848051071,-0.2153344005346298
1743715057561375700,22.687375732421877,-0.1373322489380836,0.073934420260787,-0.2394576850144192,1743715057561375700,22.687375732421877,0.1038886532187461,0.1352315992116928,-0.2350721508264541
1743715057571339800,22.69733984375,-0.1773299128055572,-0.3555845392405987,-0.0654832201166078,1743715057571339800,22.69733984375,0.1310760378837585,0.1495887339115142,-0.2616268098354339
1743715057581303800,22.7073037109375,-0.233310816289857,-0.5999263795673847,0.1450031123595312,1743715057581303800,22.7073037109375,0.1451484411954879,0.1638014912605285,-0.299658328294754
1743715057591266800,22.71726684570313,-0.2976104891777038,-0.5771317794352769,0.2882731903813779,1743715057591266800,22.71726684570313,0.1500729769468307,0.1778412163257599,-0.3310868740081787
1743715057601230800,22.72723095703125,-0.341502091743797,-0.3639227439969777,0.3611375337252393,1743715057601230800,22.72723095703125,0.146202340722084,0.1718776077032089,-0.3338133990764618
1743715057611193900,22.73719384765625,-0.3168925511442124,-0.0208399589329957,0.3278256677646189,1743715057611193900,22.73719384765625,0.1233786568045616,0.153506264090538,-0.3078108131885528
1743715057621158000,22.74715795898437,-0.2122141791820526,0.3329915991604328,0.1480957080800086,1743715057621158000,22.74715795898437,0.0869322344660759,0.1328364014625549,-0.259452074766159
1743715057631122000,22.75712182617188,-0.1267161623775959,0.6221481482475996,-0.0456394691467285,1743715057631122000,22.75712182617188,0.0527671426534652,0.1090334206819534,-0.1954869031906128
1743715057641085000,22.7670849609375,-0.1201437982499599,0.831235135319829,-0.1898270273396745,1743715057641085000,22.7670849609375,0.0173122156411409,0.0890290886163711,-0.1398081928491592
1743715057651049000,22.777049072265623,-0.1245675329763442,0.9199790021777152,-0.2632793997045606,1743715057651049000,22.777049072265623,-0.0133998272940516,0.0651137381792068,-0.0987534523010253
1743715057661013000,22.787012939453124,-0.1066285561818629,0.930192353156209,-0.3380426720049232,1743715057661013000,22.787012939453124,-0.0189754217863082,0.0431794114410877,-0.062790922820568
1743715057670976000,22.79697607421875,-0.1562123059749603,0.9982868152171372,-0.392220361992158,1743715057670976000,22.79697607421875,-0.0303881242871284,-0.0198339316993951,-0.036415446549654
1743715057680940000,22.80693994140625,0.2090121682703495,1.0262257925003766,-0.4475748772064223,1743715057680940000,22.80693994140625,-0.0398450121283531,-0.0868782103061676,-0.0278025176376104
1743715057690903000,22.81690307617188,0.4024653136853128,1.1515677439153194,-0.3588608940301462,1743715057690903000,22.81690307617188,-0.0355361215770244,-0.1392633020877838,0.0033795610070228
1743715057700866800,22.82686669921875,0.4061573731362819,1.3016010689944029,-0.2760381243169307,1743715057700866800,22.82686669921875,-0.0287274867296218,-0.1983878761529922,0.0403170734643936
1743715057710830800,22.836830810546875,0.4915840052049606,1.4342746784716844,-0.1816576032789424,1743715057710830800,22.836830810546875,-0.0176780633628368,-0.2108113765716552,0.0808428972959518
1743715057720793900,22.8467939453125,0.4164508036136627,1.5935890421152117,-0.0884629675572738,1743715057720793900,22.8467939453125,-0.0061734751798212,-0.2194354981184005,0.116494096815586
1743715057730758000,22.8567578125,0.5902607255995274,1.558477396723628,-0.0326468627132475,1743715057730758000,22.8567578125,0.0026998138055205,-0.2271045595407486,0.1318462044000625
1743715057740722000,22.866721923828123,0.8551250564079731,1.4483809452354908,0.1259888710163533,1743715057740722000,22.866721923828123,0.0123950522392988,-0.2230261862277984,0.1294115483760833
1743715057750685000,22.876684814453125,0.9596691344659776,1.393884800416231,0.3151598090674728,1743715057750685000,22.876684814453125,0.0261579044163227,-0.2182485610246658,0.1250378638505935
1743715057760649000,22.88664892578125,0.9468564877092838,1.3191273733347653,0.5377282090034335,1743715057760649000,22.88664892578125,0.0437424890697002,-0.2117973268032074,0.1258714199066162
1743715057770613000,22.896613037109372,0.8538171156145632,1.2759767983943224,0.7155908404462039,1743715057770613000,22.896613037109372,0.0620031878352165,-0.2049189954996109,0.1313162147998809
1743715057780576000,22.906575927734377,0.7359257724665105,1.2338070511847734,0.7562457261133939,1743715057780576000,22.906575927734377,0.0713018774986267,-0.1955217719078064,0.1525631695985794
1743715057790540000,22.9165400390625,0.6131297061420977,1.1747311773598192,0.7277440003808587,1743715057790540000,22.9165400390625,0.0820017904043197,-0.1841903626918792,0.1972811222076416
1743715057800502800,22.926502685546875,0.566957153031975,1.0503560251504185,0.6655856503706425,1743715057800502800,22.926502685546875,0.093433678150177,-0.170274019241333,0.2548360228538513
1743715057810466800,22.936466796875,0.6575358341015874,0.8891600855439901,0.6437183211512864,1743715057810466800,22.936466796875,0.1008194908499717,-0.1407090872526168,0.3144402205944061
1743715057820430800,22.946430908203126,0.7703343110900371,0.58559331831038,0.5249194347042591,1743715057820430800,22.946430908203126,0.1059591248631477,-0.103870116174221,0.3669223189353943
1743715057830393900,22.956393798828124,0.8483189565896987,0.2074719530910253,0.3649780252035707,1743715057830393900,22.956393798828124,0.1082437857985496,-0.0649870038032531,0.4163548946380615
1743715057840358000,22.96635791015625,0.8247557101726531,-0.2699257789164781,0.2153234703090041,1743715057840358000,22.96635791015625,0.1178553998470306,-0.0315528810024261,0.4554860591888428
1743715057850321700,22.97632177734375,0.8421686172664165,-0.8673241013109684,0.1052815254870802,1743715057850321700,22.97632177734375,0.1267709285020828,-0.0142211904749274,0.4632771015167236
1743715057860285000,22.986284912109376,1.0210042584598065,-1.4906979919612406,0.032955819064565,1743715057860285000,22.986284912109376,0.1279610991477966,-0.013084553182125,0.4368955492973327
1743715057870248700,22.996248779296877,1.1207400594532488,-2.0637048004209992,0.024994411731325,1743715057870248700,22.996248779296877,0.1250109523534774,-0.0228124745190143,0.3961063623428345
1743715057880212700,23.00621264648437,0.9271804579891264,-2.437844402527809,0.2017009684741497,1743715057880212700,23.00621264648437,0.1229275539517402,-0.0720572546124458,0.3885368704795837
1743715057890175700,23.01617578125,0.6703716425381601,-2.557330029129982,0.5089503697432577,1743715057890175700,23.01617578125,0.1241355687379837,-0.1372294872999191,0.4497014582157135
1743715057900139800,23.02613989257813,-0.01275660572052,-2.6666350379794834,0.7953788090407848,1743715057900139800,23.02613989257813,0.1644510328769683,-0.153619647026062,0.5830727815628052
1743715057910102800,23.036102783203123,-0.8464519936740398,-3.2733997391343115,1.016197588830441,1743715057910102800,23.036102783203123,0.2698619961738586,-0.1390857547521591,0.7087695002555847
1743715057920066800,23.04606689453125,-0.1862695905864238,-4.54432919101119,0.6520195548981428,1743715057920066800,23.04606689453125,0.3546066880226135,-0.1009178683161735,0.6821720004081726
1743715057930030800,23.05603076171875,1.0413875596664846,-6.315216581749915,-0.3107145200964063,1743715057930030800,23.05603076171875,0.3852099180221557,-0.0904372557997703,0.5009640455245972
1743715057939993900,23.065993896484372,0.8091082053162157,-7.315490771391987,-1.003716512115672,1743715057939993900,23.065993896484372,0.3624683916568756,-0.0868366584181785,0.2673454284667969
1743715057949958000,23.0759580078125,-0.0516341795168817,-7.225814007598161,-1.7439271953597664,1743715057949958000,23.0759580078125,0.2525672018527984,-0.0566624104976654,-0.0126129360869526
1743715057959922000,23.085921875,-0.4007376861751079,-5.39197536290586,-2.1774814017266038,1743715057959922000,23.085921875,0.1799191087484359,7.67707388149e-05,-0.2195112556219101
1743715057969885000,23.095885009765624,-0.6764496472775936,-3.111756640282273,-1.7108213368326424,1743715057969885000,23.095885009765624,0.0847682878375053,0.0080893114209175,-0.3401873409748077
1743715057979849000,23.105848876953125,-0.5046843828618526,-0.9756184718132018,-0.8463217914231121,1743715057979849000,23.105848876953125,-0.0071999826468527,-0.085162341594696,-0.3733077347278595
1743715057989812000,23.11581201171875,-0.698659140998125,1.1910603808701037,-0.0764456541630439,1743715057989812000,23.11581201171875,-0.036895889788866,-0.197063148021698,-0.3129104077816009
1743715057999776000,23.12577587890625,-1.3422669875122606,3.0957302191108464,0.4534834071304648,1743715057999776000,23.12577587890625,-0.0112030440941452,-0.2425467520952224,-0.177646592259407
1743715058009739800,23.13573974609375,-1.884676267004013,4.410485368710756,0.4603641796201467,1743715058009739800,23.13573974609375,0.0086696296930313,-0.2655353844165802,-0.0562847480177879
1743715058019703300,23.145703369140627,-2.00591209827438,5.1326487194150685,-0.1077928689871914,1743715058019703300,23.145703369140627,-0.0017894032644107,-0.2992573976516723,0.0029708526562899
1743715058029667300,23.155667236328124,-1.8490834139667447,5.254775800436735,-0.8063029386371373,1743715058029667300,23.155667236328124,-0.052860714495182,-0.3336658477783203,-0.0074656219221651
1743715058039631400,23.16563134765625,-1.5318996247909962,4.964744806602597,-1.4273616842128336,1743715058039631400,23.16563134765625,-0.1116207093000412,-0.3955523669719696,-0.064577117562294
1743715058049594400,23.175594482421875,-1.1789794824540614,4.313952163150907,-1.6782969314552842,1743715058049594400,23.175594482421875,-0.1439332365989685,-0.4712686538696289,-0.1402359306812286
1743715058059558400,23.185558349609376,-0.8451436875544488,3.2844255755394696,-1.5818194016054272,1743715058059558400,23.185558349609376,-0.1532833278179168,-0.5704138875007629,-0.2177451103925705
1743715058069522400,23.1955224609375,-0.5800469362296163,2.188860289353132,-1.4068015651345251,1743715058069522400,23.1955224609375,-0.1379316747188568,-0.6737501621246338,-0.2882560193538666
1743715058079485400,23.2054853515625,-0.4255988634482026,1.079120347341895,-1.2742800774790346,1743715058079485400,23.2054853515625,-0.0912192910909652,-0.7504507899284363,-0.3293461799621582
1743715058089449500,23.215449462890625,-0.4075226701401174,0.0604021539926528,-1.1451835958361625,1743715058089449500,23.215449462890625,-0.0359141528606414,-0.7981319427490234,-0.3570246696472168
1743715058099412500,23.22541259765625,-0.445312010308355,-0.8224421725332737,-0.8837538425862789,1743715058099412500,23.22541259765625,0.0224479548633098,-0.8403792977333069,-0.3848030269145965
1743715058109376500,23.23537646484375,-0.580086683718115,-1.5578537118673323,-0.5372100668808445,1743715058109376500,23.23537646484375,0.0714505538344383,-0.8678925037384033,-0.4096660017967224
1743715058119340500,23.245340576171877,-0.5969887186802924,-2.0447429103195667,-0.148920358868502,1743715058119340500,23.245340576171877,0.1129228919744491,-0.8502123355865479,-0.4529423713684082
1743715058129303600,23.255303466796875,-0.513095798984915,-1.986350342583656,0.2386763619109988,1743715058129303600,23.255303466796875,0.1338438689708709,-0.818059504032135,-0.4944277107715606
1743715058139267300,23.265267333984376,-0.3182850284159183,-1.431048702162504,0.4993657816549763,1743715058139267300,23.265267333984376,0.150227889418602,-0.7637951970100403,-0.5009319186210632
1743715058149231400,23.2752314453125,-0.0972867273408919,-0.571359625774622,0.6950239993661642,1743715058149231400,23.2752314453125,0.1516520231962204,-0.6880118250846863,-0.458884984254837
1743715058159194400,23.2851943359375,0.0694914693772792,0.3215583509981632,0.8009988408796489,1743715058159194400,23.2851943359375,0.1325291842222213,-0.5982095003128052,-0.3859529793262481
1743715058169158400,23.295158447265624,0.1302688133578747,1.0721090072751045,0.7357651020120829,1743715058169158400,23.295158447265624,0.0930146351456642,-0.503934919834137,-0.2975466847419739
1743715058179122400,23.30512231445313,0.0980580770395696,1.5178075326830147,0.4693338506804779,1743715058179122400,23.30512231445313,0.0519185960292816,-0.4088184833526611,-0.2158249318599701
1743715058189085400,23.31508544921875,0.0487609621681272,1.5940180811822413,0.1191060527000576,1743715058189085400,23.31508544921875,0.0083512440323829,-0.3385142683982849,-0.1469076424837112
1743715058199049500,23.32504956054688,0.0841360077362507,1.4449164839953184,-0.2557105353528633,1743715058199049500,23.32504956054688,-0.0309562142938375,-0.3010081648826599,-0.1018706560134887
1743715058209012200,23.33501220703125,0.2114683292508125,1.207680676281452,-0.5737029740303754,1743715058209012200,23.33501220703125,-0.0607113391160965,-0.2812992632389068,-0.0766389891505241
1743715058218976300,23.34497631835937,0.272190947369486,1.017450365370512,-0.7778384031098335,1743715058218976300,23.34497631835937,-0.069944255053997,-0.2620547413825989,-0.0581515952944755
1743715058228940500,23.3549404296875,0.2619545808415859,0.890935863044858,-0.9188242791846394,1743715058228940500,23.3549404296875,-0.0675455182790756,-0.2487120181322097,-0.0460142977535724
1743715058238903300,23.3649033203125,0.2582498811047524,0.8203262032926082,-0.9742667649433016,1743715058238903300,23.3649033203125,-0.04805463925004,-0.2216841280460357,-0.036643698811531
1743715058248867300,23.374867431640624,0.1696329285621643,0.8299059325426816,-1.0023276881057768,1743715058248867300,23.374867431640624,-0.0290620028972625,-0.226509690284729,-0.0277465768158435
1743715058258831400,23.384831298828125,0.4255647419828921,0.8106792540252208,-1.0787157120637596,1743715058258831400,23.384831298828125,-0.0118542537093162,-0.251691997051239,-0.0402447916567325
1743715058268794400,23.39479443359375,0.7209316900175065,0.92278646081388,-1.0020418569017202,1743715058268794400,23.39479443359375,0.0025512154679745,-0.2653473019599914,-0.0324364155530929
1743715058278758400,23.40475830078125,0.8646364696621894,1.0973287887275218,-0.9364728947304188,1743715058278758400,23.40475830078125,0.017596211284399,-0.2731721997261047,-0.005630899220705
1743715058288722200,23.41472216796875,0.9028934273421764,1.2407611081063747,-0.8854016097933054,1743715058288722200,23.41472216796875,0.0245460607111454,-0.2414005845785141,0.0385754220187664
1743715058298685400,23.424685546875,0.7712507683478296,1.4038263487160203,-0.843344383047521,1743715058298685400,23.424685546875,0.0211252309381961,-0.2026465237140655,0.0869120582938194
1743715058308649200,23.43464916992188,0.9424738887108862,1.4223831651479004,-0.9086953916192054,1743715058308649200,23.43464916992188,0.0073953703977167,-0.1532872766256332,0.1179994121193885
1743715058318612200,23.4446123046875,1.1714227834641933,1.390453072401881,-0.9274308525536208,1743715058318612200,23.4446123046875,-0.0055222921073436,-0.088755153119564,0.153987243771553
1743715058328576300,23.454576171875,0.9679730716265738,1.4062135361135004,-0.8665797126844524,1743715058328576300,23.454576171875,-0.0131174251437187,-0.0230337791144847,0.2097099274396896
1743715058338540300,23.464540283203124,0.5205740259110927,1.2850135068088768,-0.7860049776263535,1743715058338540300,23.464540283203124,-0.0172690264880657,0.0061771045438945,0.2713264226913452
1743715058348503300,23.47450341796875,0.4100501427911222,0.91929861869812,-0.7846401920791715,1743715058348503300,23.47450341796875,-0.0147785060107707,0.009095168672502,0.3189801871776581
1743715058358467300,23.48446728515625,0.5006875683106482,0.5076128375291824,-0.8020565332390368,1743715058358467300,23.48446728515625,-0.0084324600175023,0.0009751901961863,0.3533554673194885
1743715058368431400,23.494431396484377,0.5246259316504002,0.1017383729875087,-0.8353218201115727,1743715058368431400,23.494431396484377,-0.0060028610751032,-0.0155636891722679,0.3918160200119018
1743715058378394400,23.50439428710937,0.4261384502176195,-0.3899970964521169,-0.8241693616520613,1743715058378394400,23.50439428710937,-0.0026904214173555,-0.0343597494065761,0.4296835064888
1743715058388358400,23.5143583984375,0.3626371611658484,-0.9789765500694512,-0.7237978200383484,1743715058388358400,23.5143583984375,0.0096905576065182,-0.0563618764281272,0.4410973787307739
1743715058398322400,23.524322509765625,0.446404043328762,-1.562127151402831,-0.6634327831856907,1743715058398322400,23.524322509765625,0.0261230617761611,-0.0630834251642227,0.4306719005107879
1743715058408285400,23.534285400390623,0.4670924649618566,-2.0981986061751843,-0.7474566357843577,1743715058408285400,23.534285400390623,0.0346431024372577,-0.0282706972211599,0.3861714601516723
1743715058418249500,23.54424951171875,0.416419385562092,-2.377064062872529,-0.8971575140386819,1743715058418249500,23.54424951171875,0.0195728056132793,0.0069485437124967,0.3656701743602752
1743715058428212500,23.55421240234375,0.323251272521168,-2.362703529086709,-0.9246237592436372,1743715058428212500,23.55421240234375,-0.0005998366978019,-0.0103661473840475,0.4189531207084656
1743715058438176500,23.564176513671875,-0.3412178679749369,-2.4371032287716865,-0.5256147600246593,1743715058438176500,23.564176513671875,0.0070524904876947,-0.1147090643644332,0.5863608121871948
1743715058448140300,23.574140380859376,-1.48079136884436,-2.98947407643795,0.1691894591109827,1743715058448140300,23.574140380859376,0.0509157516062259,-0.3175723850727081,0.8083094358444214
1743715058458103300,23.584103271484373,-1.0087198002956808,-4.428925280764699,0.3937494712555781,1743715058458103300,23.584103271484373,0.1180862709879875,-0.446011334657669,0.8274242877960205
1743715058468067300,23.5940673828125,0.5165573376156389,-6.020909225770831,0.2386811842165887,1743715058468067300,23.5940673828125,0.1576678901910781,-0.482749193906784,0.6669864058494568
1743715058478031400,23.60403125,0.3308941884897649,-6.838589882990718,-0.0597904153024777,1743715058478031400,23.60403125,0.124433510005474,-0.4444577097892761,0.4673989713191986
1743715058487994400,23.613994384765626,-0.3829680745981633,-6.918055049371719,-0.4287287224391475,1743715058487994400,23.613994384765626,0.0255581270903348,-0.2632493078708648,0.19822658598423
1743715058497958400,23.62395849609375,-0.6205309223093092,-5.803262500146031,-0.4658718371257185,1743715058497958400,23.62395849609375,-0.0106392931193113,-0.0521261543035507,-0.0202493052929639
1743715058507921400,23.63392138671875,-1.1429380088664591,-3.042106180950999,0.1549323856996372,1743715058507921400,23.63392138671875,-0.0702004581689834,0.0596498176455497,-0.0660042613744735
1743715058517885400,23.643885498046878,-1.1127553443096578,-1.037219480201602,0.5249095708973706,1743715058517885400,23.643885498046878,-0.1114309802651405,0.0494629628956317,-0.0680836513638496
1743715058527849500,23.65384936523437,-1.3149790214836596,1.1486766986489296,1.140884875728935,1743715058527849500,23.65384936523437,-0.109158881008625,0.0515866242349147,-0.0131572978571057
1743715058537812500,23.6638125,-2.033583364532143,2.8783617259055374,1.4620374224051833,1743715058537812500,23.6638125,-0.0813938230276107,0.0767862498760223,0.0741544365882873
1743715058547776500,23.67377661132813,-2.4143092131614683,4.122654515269399,1.288147567050904,1743715058547776500,23.67377661132813,-0.0597663223743438,0.1283534467220306,0.1303942948579788
1743715058557740500,23.683740478515624,-2.2700107784725723,4.769857025274634,0.6388961616918444,1743715058557740500,23.683740478515624,-0.0547545179724693,0.1882777661085128,0.136709988117218
1743715058567703600,23.69370361328125,-2.049237737520784,4.8006221658945085,-0.0480069289304316,1743715058567703600,23.69370361328125,-0.0692126601934433,0.2332515716552734,0.0925669893622398
1743715058577667600,23.70366748046875,-1.7192853599257767,4.2983121109485625,-0.4939520860431715,1743715058577667600,23.70366748046875,-0.0826954469084739,0.2412285357713699,0.0215250328183174
1743715058587631400,23.71363134765625,-1.433576174813509,3.282276288551092,-0.4122461184654384,1743715058587631400,23.71363134765625,-0.0725696682929992,0.2420032769441604,-0.0572365745902061
1743715058597594400,23.723594482421877,-1.2210662275552748,2.135420375588536,-0.1896769878771156,1743715058597594400,23.723594482421877,-0.0463519133627414,0.2085632979869842,-0.128892108798027
1743715058607558400,23.73355834960937,-1.029901996795088,1.0334686032354832,0.020274799330905,1743715058607558400,23.73355834960937,-0.0088307373225688,0.1742794066667556,-0.1832049041986465
1743715058617521400,23.743521484375,-0.9195815272927284,0.000108136549592,0.1970269487811252,1743715058617521400,23.743521484375,0.0487111173570156,0.1740341186523437,-0.2063954472541809
1743715058627485200,23.753485107421877,-0.7960754130028188,-0.7764987520039082,0.4763885184323415,1743715058627485200,23.753485107421877,0.1336869746446609,0.2043769806623459,-0.223371997475624
1743715058637449200,23.76344921875,-0.5755364730678498,-1.2340227397620678,0.7778240823235363,1743715058637449200,23.76344921875,0.1878277063369751,0.1963661909103393,-0.2214385420083999
1743715058647412200,23.773412109375,-0.4522318726994097,-1.5090946493953463,0.9244339357599616,1743715058647412200,23.773412109375,0.2069567441940307,0.2110147625207901,-0.2077739536762237
1743715058657376300,23.78337622070313,-0.4413654646396637,-1.187408288103342,0.9563288110621272,1743715058657376300,23.78337622070313,0.2038522958755493,0.2181597650051117,-0.2131727188825607
1743715058667340300,23.79334033203125,-0.2839525507032871,-0.6347276438355446,0.8076660436838865,1743715058667340300,23.79334033203125,0.1664131581783294,0.2371838241815567,-0.2152751684188842
1743715058677303300,23.80330322265625,-0.305909530967474,-0.2074281139492988,0.6201658883892,1743715058677303300,23.80330322265625,0.1085373386740684,0.2763919532299042,-0.1861234158277511
1743715058687267300,23.81326733398437,-0.3024026918902993,0.1430289992749691,0.5416268238771706,1743715058687267300,23.81326733398437,0.0496438890695571,0.2981588244438171,-0.1594332754611969
1743715058697231400,23.8232314453125,-0.2788252708174288,0.4072895920366048,0.3190529440484941,1743715058697231400,23.8232314453125,0.0112674720585346,0.310796320438385,-0.1247496008872985
1743715058707194400,23.8331943359375,-0.2802932975433767,0.5068704947292805,-0.0275115639177151,1743715058707194400,23.8331943359375,-0.0166413579136133,0.2917821109294891,-0.0835734009742736
1743715058717158400,23.843158447265623,-0.4114942041195928,0.610423808184266,-0.2635707108013331,1743715058717158400,23.843158447265623,-0.0448381081223487,0.2883895337581634,-0.0509470105171203
1743715058727121400,23.853121337890624,-0.4993957749344408,0.7045692418247461,-0.4165651507083326,1743715058727121400,23.853121337890624,-0.0640005767345428,0.2371107190847396,-0.0565246976912021
1743715058737085400,23.86308544921875,-0.3998328462898731,0.7366741066157817,-0.515358921611309,1743715058737085400,23.86308544921875,-0.078679658472538,0.1682759970426559,-0.0649155229330062
1743715058747049200,23.87304931640625,-0.3836883516967296,0.7372177119731903,-0.3718511989086866,1743715058747049200,23.87304931640625,-0.0719536393880844,0.1278533637523651,-0.0763638913631439
1743715058757012500,23.88301245117188,-0.1911597007155418,0.7832493953078985,-0.2339783585541881,1743715058757012500,23.88301245117188,-0.0505037419497966,0.0632456019520759,-0.1021747216582298
1743715058766976300,23.892976318359374,0.0353705885887146,0.8869897557675838,-0.1275187291984446,1743715058766976300,23.892976318359374,-0.0273417010903358,0.0142702236771583,-0.1268710345029831
1743715058776940300,23.902940185546875,0.2243710654437541,1.0702250932246449,-0.1264001186983659,1743715058776940300,23.902940185546875,0.0119282053783535,-0.0250020809471607,-0.1544427424669265
1743715058786903300,23.9129033203125,0.3564076921917498,1.142051727551222,-0.0853714678153395,1743715058786903300,23.9129033203125,0.0547504350543022,0.0021982996258884,-0.2076170593500137
1743715058796867300,23.922867431640626,0.4033962378598749,1.257674248984456,-0.0853321587182581,1743715058796867300,23.922867431640626,0.0326986610889434,-0.1236533746123313,-0.2310677915811538
1743715058806831400,23.932831298828123,0.6446728453971445,0.957945452478528,-0.4782424392033368,1743715058806831400,23.932831298828123,0.0122805386781692,-0.1565058976411819,-0.218091532588005
1743715058816794400,23.94279443359375,0.2779753759898245,1.3862871848940848,0.134775385795813,1743715058816794400,23.94279443359375,0.1070299446582794,-0.1755597591400146,-0.2268871515989303
1743715058826758400,23.95275830078125,0.2457799103058874,1.874512015864253,0.4931198730027303,1743715058826758400,23.95275830078125,0.203440710902214,-0.1512012332677841,-0.2143683582544326
1743715058836721400,23.962721435546875,0.2559502989254891,1.953781951934099,0.2676029619920999,1743715058836721400,23.962721435546875,0.2379230558872223,0.0033856895752251,-0.1555321961641311
1743715058846685400,23.972685546875,-0.0186614458501338,1.8004273734778165,0.2373020961494185,1743715058846685400,23.972685546875,0.3327188491821289,-0.1910216063261032,-0.106142871081829
1743715058856649500,23.9826494140625,0.2187595091722905,0.8928536793649197,0.0869888946830294,1743715058856649500,23.9826494140625,0.4032209813594818,-0.2200154364109039,-0.1424023509025573
1743715058866612500,23.992612548828124,0.6541222262658178,0.8903133472323417,0.1110936914977151,1743715058866612500,23.992612548828124,0.4390015006065368,-0.203704833984375,-0.0888238176703453
1743715058876576500,24.002576416015625,-0.4326910136662423,0.5314490556687116,0.3639237303776666,1743715058876576500,24.002576416015625,0.4382635354995727,-0.0422168709337711,0.0420508347451686
1743715058886540300,24.012540283203126,-0.4022796549201011,0.4815881694346666,0.2716324001712724,1743715058886540300,24.012540283203126,0.3879614472389221,0.1216955035924911,0.1695020347833633
1743715058896503600,24.022503662109376,0.5213887032948434,0.3086959468156099,0.6846324422765523,1743715058896503600,24.022503662109376,0.4522286057472229,0.2333671748638153,0.2521990239620209
1743715058906467300,24.03246728515625,0.9835001649737356,-0.3598714227795601,1.7290215949118135,1743715058906467300,24.03246728515625,0.6394352316856384,0.4058460593223572,0.3485649228096008
1743715058916431400,24.04243139648437,0.9255822290122508,-1.0677876369446515,2.4878254080101847,1743715058916431400,24.04243139648437,0.8697094321250916,0.572476863861084,0.4393092095851898
1743715058926394400,24.052394287109376,0.9051941054999828,-1.6482091055750845,2.6242791205480693,1743715058926394400,24.052394287109376,1.0893417596817017,0.6785457730293274,0.5490242838859558
1743715058936358400,24.0623583984375,1.440443137973547,-1.7289122893184423,2.071578164144605,1743715058936358400,24.0623583984375,1.165352702140808,0.6605292558670044,0.515009880065918
1743715058946321400,24.0723212890625,2.983155394810438,-0.3721212480217218,-0.7934340316485613,1743715058946321400,24.0723212890625,1.2190370559692385,0.5184562802314758,0.3036712110042572
1743715058956285400,24.082285400390624,3.6142940742433063,-0.6800362735927105,-2.3675949543900785,1743715058956285400,24.082285400390624,1.0650029182434082,0.6511927843093872,0.0674935653805732
1743715058966249500,24.09224951171875,4.002700686633586,-1.9451146613538264,-4.566190601946413,1743715058966249500,24.09224951171875,0.6854122281074524,0.7867239117622375,-0.1834070980548858
1743715058976212200,24.102212158203123,5.724665933293104,-1.5944097108483313,-4.5093695213109255,1743715058976212200,24.102212158203123,0.3377391993999481,1.046643853187561,-0.5247527360916138
1743715058986176500,24.11217651367188,6.36073447034359,-2.0575129600435496,-3.5662206559479235,1743715058986176500,24.11217651367188,0.0168616101145744,1.5677446126937866,-0.8844010829925537
1743715058996140500,24.122140625,7.305928577798604,-2.320674067130685,-2.4732149911165235,1743715058996140500,24.122140625,-0.192264974117279,2.16049861907959,-1.3013198375701904
1743715059006103300,24.13210327148437,8.72550428431034,-2.727565599760413,-1.162359552368894,1743715059006103300,24.13210327148437,-0.3188728094100952,2.6116650104522705,-1.90558123588562
1743715059016067300,24.1420673828125,10.401073690497874,-3.5255297491192814,-0.2418797610621899,1743715059016067300,24.1420673828125,-0.3731770813465118,2.9427056312561035,-2.753023862838745
1743715059026031400,24.15203125,11.736811422371863,-4.165409953412413,0.2541775170993059,1743715059026031400,24.15203125,-0.3998008966445923,3.1023287773132324,-3.730259895324707
1743715059035994400,24.161994384765624,11.554936267352105,-5.331150015065074,-0.0102136432394385,1743715059035994400,24.161994384765624,-0.5652981996536255,3.0223000049591064,-4.567586421966553
1743715059045958400,24.17195849609375,10.403195504957436,-5.693179492661357,-0.7820153234682977,1743715059045958400,24.17195849609375,-0.8129878044128418,2.703626871109009,-5.115797519683838
1743715059055921400,24.18192138671875,8.990510727003215,-5.351407205674052,-1.095811881358549,1743715059055921400,24.18192138671875,-1.0299561023712158,2.4009006023406982,-5.399260520935059
1743715059065885200,24.19188525390625,7.741033228477836,-4.531850233188271,-1.055111622179672,1743715059065885200,24.19188525390625,-1.1268162727355957,2.180258750915528,-5.522617340087891
1743715059075849200,24.20184912109375,6.886672653636336,-2.7155186036139725,-0.1578729326635599,1743715059075849200,24.20184912109375,-0.971154808998108,2.013188123703003,-5.605758190155029
1743715059085812200,24.21181225585937,6.250988147467375,0.2361971123158931,1.9296260003209116,1743715059085812200,24.21181225585937,-0.6336217522621155,1.754714012145996,-5.683653354644775
1743715059095776300,24.2217763671875,3.750247728304565,3.4260704269796607,4.367813517197966,1743715059095776300,24.2217763671875,-0.3364073634147644,1.5815954208374023,-5.611013889312744
1743715059105740300,24.231740234375,2.3145500312924385,5.843308094808459,6.083318043410777,1743715059105740300,24.231740234375,-0.1628570556640625,1.4421252012252808,-5.565842628479004
1743715059115703300,24.241703369140627,1.5200532657831909,7.116149517786503,6.059622695046663,1743715059115703300,24.241703369140627,-0.1248028799891471,1.1760618686676023,-5.496827125549316
1743715059125667300,24.251667236328124,0.3441185578525066,7.766875525742769,4.984971602073312,1743715059125667300,24.251667236328124,-0.1273678392171859,0.7817546129226685,-5.443618297576904
1743715059135631400,24.26163134765625,-0.0785714324116706,8.466914138400554,4.20629725959599,1743715059135631400,24.26163134765625,-0.1211413741111755,0.4104971885681152,-5.376436233520508
1743715059145594400,24.271594482421875,-0.7657400421023368,8.743916139313578,3.67603887501657,1743715059145594400,24.271594482421875,-0.1009715497493743,0.3090288043022156,-5.197088241577148
1743715059155558400,24.281558349609377,-1.6589882737427948,8.174355087393522,2.74020500884205,1743715059155558400,24.281558349609377,-0.0222359932959079,0.4998957216739654,-4.879155158996582
1743715059165521400,24.291521484375,-1.8996487952083347,7.8816832236617795,2.079179140667617,1743715059165521400,24.291521484375,0.1056148186326026,0.5850250124931335,-4.47035026550293
1743715059175485400,24.3014853515625,-2.086189019429684,7.982910724517702,1.3262353056438267,1743715059175485400,24.3014853515625,0.2390516996383667,0.56795334815979,-3.9903676509857178
1743715059185449500,24.311449462890625,-2.425900282233953,8.050679607886076,0.7206324878752232,1743715059185449500,24.311449462890625,0.3144316673278808,0.4593426287174225,-3.476159811019897
1743715059195412500,24.32141259765625,-2.809590972018242,8.014110164901613,0.1371728205926716,1743715059195412500,24.32141259765625,0.2945498526096344,0.1802641153335571,-2.9006872177124023
1743715059205376500,24.33137646484375,-3.3446330837428566,7.770497807893157,-0.5955472877003252,1743715059205376500,24.33137646484375,0.2116996496915817,-0.2242390215396881,-2.3310189247131348
1743715059215340300,24.34134033203125,-3.761856625294685,7.291570966622233,-0.9667689565338192,1743715059215340300,24.34134033203125,0.0639977976679802,-0.6846857666969299,-1.8156640529632568
1743715059225303300,24.35130322265625,-3.672147712796926,6.975754958668351,-0.9539487109925596,1743715059225303300,24.35130322265625,-0.1747951805591583,-1.1923496723175049,-1.353502869606018
1743715059235267300,24.361267333984376,-3.613500293517113,6.724870564830303,-1.093019620291516,1743715059235267300,24.361267333984376,-0.4827276766300201,-1.80105721950531,-0.9537465572357178
1743715059245231400,24.3712314453125,-3.44308118301332,6.467296317964792,-1.281383187482506,1743715059245231400,24.3712314453125,-0.7950661182403564,-2.5164129734039307,-0.6188991665840149
1743715059255194000,24.381194091796875,-3.1624101381987333,6.234574772804975,-1.2116698189828543,1743715059255194000,24.381194091796875,-1.0051058530807495,-2.900282859802246,-0.7110903263092041
1743715059265158100,24.391158203125,-2.410341478574276,5.872182891637086,-0.9844941444471478,1743715059265158100,24.391158203125,-1.0099235773086548,-1.9790953397750852,-1.7611318826675415
1743715059275121200,24.40112109375,-1.2203227157115937,5.016573778039216,-1.0422497294537725,1743715059275121200,24.40112109375,-0.8310101628303528,-0.6721788048744202,-3.0257647037506104
1743715059285085200,24.411085205078123,-0.1394125623434782,4.070975765958428,-0.8185084132809192,1743715059285085200,24.411085205078123,-0.5772778987884521,-0.5418263673782349,-3.677382707595825
1743715059295049200,24.42104931640625,0.1178910508871078,3.1278526195585727,-0.947975993258506,1743715059295049200,24.42104931640625,-0.5081773996353149,-1.5541913509368896,-3.753457307815552
1743715059305012200,24.43101220703125,-0.9971639486670494,1.9466729967117309,-1.4980924861267209,1743715059305012200,24.43101220703125,-0.5863372087478638,-2.5042943954467773,-3.609931468963623
1743715059314976300,24.440976318359372,-2.2037088989168403,1.5885145153298974,-1.7034034617915748,1743715059314976300,24.440976318359372,-0.7282426357269287,-2.6859405040740967,-3.524301767349243
1743715059324940300,24.45094018554688,-3.100145112943649,1.9497323842823504,-1.5966756099537014,1743715059324940300,24.45094018554688,-0.8466588854789734,-2.332670211791992,-3.4785218238830566
1743715059334903300,24.4609033203125,-3.258945097324252,2.329117778088152,-1.2573643062524498,1743715059334903300,24.4609033203125,-0.9094788432121276,-1.93821120262146,-3.3090503215789795
1743715059344867300,24.470867431640624,-3.41969387768507,2.3603341696068645,-1.2450567594736814,1743715059344867300,24.470867431640624,-0.9435928463935852,-1.6903294324874878,-3.0147178173065186
1743715059354831000,24.4808310546875,-3.305384192416072,2.1593173840045927,-1.365885617378354,1743715059354831000,24.4808310546875,-0.9359809756278992,-1.4782928228378296,-2.695230007171631
1743715059364794400,24.49079443359375,-2.9846687219828367,2.0148884548038244,-1.1976372750423847,1743715059364794400,24.49079443359375,-0.8907931447029114,-1.0020685195922852,-2.441882848739624
1743715059374758100,24.500758056640624,-2.6956565498024223,1.7071300810992718,-0.9356197850324212,1743715059374758100,24.500758056640624,-0.7402318716049194,-0.3657042682170868,-2.3320627212524414
1743715059384722200,24.51072216796875,-2.7104180656045678,1.0379755592659117,-0.9209354261197148,1743715059384722200,24.51072216796875,-0.5912024974822998,0.292082816362381,-2.1722288131713867
1743715059394685200,24.52068530273437,-2.69017841065228,0.1683329518795013,-1.0357755650036036,1743715059394685200,24.52068530273437,-0.5427443981170654,0.6953615546226501,-1.8621946573257449
1743715059404649200,24.53064916992188,-2.6125217549979687,-0.5522600807681679,-0.9177512431256472,1743715059404649200,24.53064916992188,-0.540719211101532,0.9442501068115234,-1.5274173021316528
1743715059414612200,24.5406123046875,-2.4952292545259,-0.686682287478447,-0.4839760144192725,1743715059414612200,24.5406123046875,-0.5351987481117249,1.1738983392715454,-1.23020339012146
1743715059424576300,24.550576171875,-2.416070962136984,-0.6067731767222285,0.0066825465038418,1743715059424576300,24.550576171875,-0.4426022469997406,1.1016545295715332,-0.9481512904167176
1743715059434540300,24.560540283203125,-2.5141022973001004,-0.8793765042848884,0.6634631052587181,1743715059434540300,24.560540283203125,-0.302508533000946,0.9538198709487916,-0.7004776000976562
1743715059444503300,24.57050341796875,-2.7258716553241014,-0.8888773230798542,1.0487893603555858,1743715059444503300,24.57050341796875,-0.2223826050758361,0.9428443312644958,-0.3866446018218994
1743715059454467300,24.58046728515625,-2.8940590612530706,-0.8328145134657621,1.1231052542146294,1743715059454467300,24.58046728515625,-0.1514272093772888,0.964203953742981,-0.0421487353742122
1743715059464431400,24.590431396484377,-2.8597832821637392,-0.8966364127740264,1.2511793340072035,1743715059464431400,24.590431396484377,-0.044602807611227,0.8946281671524048,0.317962646484375
1743715059474394400,24.60039428710937,-2.6156179674476383,-0.8795040761873125,1.3130473227687178,1743715059474394400,24.60039428710937,0.1085438728332519,0.8031856417655945,0.6480319499969482
1743715059484358400,24.6103583984375,-2.356694059538841,-0.810192055030167,1.2323020534493028,1743715059484358400,24.6103583984375,0.2899272441864013,0.8028464913368225,0.8724426031112671
1743715059494322200,24.620322265625,-2.073779035189748,-0.7380825121089816,1.098752318724617,1743715059494322200,24.620322265625,0.4505424797534942,0.886265218257904,0.9369624853134156
1743715059504285400,24.630285400390623,-1.5927753876447677,-0.7668632009133696,0.8953214577179401,1743715059504285400,24.630285400390623,0.5324366688728333,0.9744414687156676,0.8692740201950073
1743715059514249200,24.640249267578124,-1.1411381198376416,-0.9100643418848514,0.5340605533413588,1743715059514249200,24.640249267578124,0.5612637996673584,0.995188057422638,0.7291030883789062
1743715059524213200,24.650213134765625,-0.9764707047283648,-0.9124526983261108,0.2558828231798484,1743715059524213200,24.650213134765625,0.5843896269798279,0.9005484580993652,0.5950227379798889
1743715059534176300,24.66017626953125,-1.1319546964287757,-0.690160484983027,0.0813354080991353,1743715059534176300,24.66017626953125,0.5917199850082397,0.7691965699195862,0.4804738163948059
1743715059544140300,24.670140380859376,-1.1323095012158155,-0.1977709355488419,0.1152433859225362,1743715059544140300,24.670140380859376,0.5504212379455566,0.5860989689826965,0.4020469188690185
1743715059554103300,24.680103271484374,-1.1583435216605662,0.0039046062231063,0.0026475188340991,1743715059554103300,24.680103271484374,0.4617494344711303,0.3205855190753937,0.3504915833473205
1743715059564067300,24.6900673828125,-1.3143325402736663,-0.0625423808917403,-0.1681718065010383,1743715059564067300,24.6900673828125,0.3464671969413757,-0.0612154491245746,0.3274831771850586
1743715059574031400,24.70003125,-1.628551634424925,-0.1309565764263272,-0.2710919000864029,1743715059574031400,24.70003125,0.209119975566864,-0.5239471793174744,0.3646342754364013
1743715059583994400,24.709994384765626,-1.989974378299713,-0.2527300217047333,-0.3702727706108242,1743715059583994400,24.709994384765626,0.1138168945908546,-1.0664911270141602,0.5184771418571472
1743715059593958400,24.71995849609375,-2.203798915287852,-0.2958127921059728,-0.4758791441380977,1743715059593958400,24.71995849609375,0.1221344769001007,-1.518258810043335,0.8620214462280273
1743715059603922400,24.72992236328125,-2.79530876416564,-0.1603825773969292,-0.462464512900263,1743715059603922400,24.72992236328125,0.2974161803722381,-1.0021778345108032,1.5630500316619873
1743715059613885400,24.739885498046878,-3.136165689873695,-0.4321083914726972,-0.702954865430668,1743715059613885400,24.739885498046878,0.3515736758708954,0.41230109333992,1.6029870510101318
1743715059623849500,24.749849365234372,-1.2005693829715252,-0.5407160657078027,-0.9423388641543686,1743715059623849500,24.749849365234372,0.3182412087917328,1.139981985092163,1.3406851291656494
1743715059633813500,24.7598134765625,0.8888567186832428,0.3567921614646911,0.1605941377883777,1743715059633813500,24.7598134765625,0.3952510356903076,1.3473860025405884,0.8372012376785278
1743715059643776300,24.7697763671875,1.6535983973979949,0.6219409352377057,1.5650332481078804,1743715059643776300,24.7697763671875,0.5313117504119873,1.178418755531311,0.2405796498060226
1743715059653740300,24.779740234375,1.589466409227252,0.4204337357699871,1.8764117120057344,1743715059653740300,24.779740234375,0.61336749792099,0.727271556854248,-0.2876881659030914
1743715059663704300,24.789704345703125,0.8877069641262292,0.7184829086259007,1.5947116164043544,1743715059663704300,24.789704345703125,0.6048880219459534,0.4029242098331451,-0.6151142716407776
1743715059673667000,24.7996669921875,-0.3077490213543176,1.1808902845114468,1.0811760377626864,1743715059673667000,24.7996669921875,0.5266464352607727,0.3140228390693664,-0.7093307971954346
1743715059683631000,24.809631103515624,-1.245503334197402,1.3867308370083569,0.7059949637789279,1743715059683631000,24.809631103515624,0.4491118788719177,0.2787933349609375,-0.5470150113105774
1743715059693594000,24.819593994140625,-1.6380922007083891,1.756431287623942,0.8662073722407221,1743715059693594000,24.819593994140625,0.4610979557037353,0.3708204627037048,-0.2440646886825561
1743715059703558100,24.82955810546875,-1.821566023096442,1.9693428014203904,1.244510085376352,1743715059703558100,24.82955810546875,0.576183557510376,0.6160714626312256,0.118158608675003
1743715059713522200,24.83952221679688,-1.894134415701032,2.1217454859793183,1.505382350873947,1743715059713522200,24.83952221679688,0.726963460445404,0.878960907459259,0.4722210764884949
1743715059723485200,24.849485107421877,-1.690128092893958,2.224410618422925,1.546616570799053,1743715059723485200,24.849485107421877,0.8442442417144775,0.9867978692054749,0.8053926825523376
1743715059733449200,24.85944921875,-1.2046943539470434,2.2709423602342604,1.5044471158504484,1743715059733449200,24.85944921875,0.894429087638855,0.9047722816467284,1.0684077739715576
1743715059743413200,24.869413330078125,-0.6469540882021189,2.20086549218446,1.521335999070108,1743715059743413200,24.869413330078125,0.8716691732406616,0.7396104335784912,1.219302773475647
1743715059753376300,24.87937622070313,-0.1425602127194404,2.0108599299401044,1.4625057705692943,1743715059753376300,24.87937622070313,0.7895455360412598,0.5422206521034241,1.2546647787094116
1743715059763340300,24.88934033203125,0.4295172059357166,1.7739000165581702,1.4347497486375271,1743715059763340300,24.88934033203125,0.7968852519989014,0.3555647730827331,1.201134204864502
1743715059773304300,24.89930419921875,0.8748089041084051,1.6569284186035391,1.6733968844540417,1743715059773304300,24.89930419921875,0.9103825092315674,0.2755458354949951,1.106765627861023
1743715059783267300,24.90926733398437,1.152336974722147,1.7302119737401604,1.8272193726830184,1743715059783267300,24.90926733398437,1.0374648571014404,0.2606194317340851,1.0019475221633911
1743715059793231400,24.9192314453125,1.438579682189226,1.8170041220083832,1.646930463941395,1743715059793231400,24.9192314453125,1.1244515180587769,0.3312411308288574,0.8804807662963867
1743715059803195100,24.929195068359373,1.5737380942195651,1.6425325212433932,1.4122957786366344,1743715059803195100,24.929195068359373,1.163895845413208,0.4748140871524811,0.70912104845047
1743715059813158400,24.939158447265623,1.788126694831252,1.6071233542099594,1.2914325800709423,1743715059813158400,24.939158447265623,1.2235949039459229,0.6029720306396484,0.4715189039707184
1743715059823122200,24.9491220703125,2.005992616164684,1.8071710025191303,1.4915120848231016,1743715059823122200,24.9491220703125,1.2620760202407837,0.7383543848991394,0.1920736730098724
1743715059833086200,24.959086181640625,1.8818869285464288,1.806546148619056,1.5111248400487003,1743715059833086200,24.959086181640625,1.2240095138549805,0.8482896685600281,-0.074566550552845
1743715059843049200,24.96904931640625,1.6687357607752085,1.7954159750565886,1.464294261421263,1743715059843049200,24.96904931640625,1.1607354879379272,0.9256728291511536,-0.3008329570293426
1743715059853013200,24.97901318359375,1.2575690350443125,1.5923364117056131,1.5115300598487258,1743715059853013200,24.97901318359375,1.0861667394638062,0.9577716588974,-0.4947054982185364
1743715059862976300,24.988976318359374,0.917348069152236,1.4105977425470948,1.516228300667554,1743715059862976300,24.988976318359374,1.0140572786331177,0.9349942207336426,-0.6663217544555664
1743715059872940300,24.998940185546875,0.6619120033591985,1.2754288091227413,1.5543778524503111,1743715059872940300,24.998940185546875,0.9688578844070436,0.8387784957885742,-0.7795596122741699
1743715059882904300,25.008904296875,0.4454313989043235,1.1302791644319892,1.526781697255373,1743715059882904300,25.008904296875,0.9635798931121826,0.7166234850883484,-0.8212098479270935
1743715059892867300,25.018867431640626,0.1210129822999239,1.0350345373779537,1.3832535162866115,1743715059892867300,25.018867431640626,0.9894077777862548,0.6495528221130371,-0.7980768084526062
1743715059902831400,25.028831298828123,-0.2711445070564747,0.98132866615355,1.1614634803120043,1743715059902831400,25.028831298828123,1.0239280462265017,0.6100079417228699,-0.7231967449188232
1743715059912795400,25.03879541015625,-0.4604202937215566,0.9154533414468168,0.8410228082321584,1743715059912795400,25.03879541015625,1.063982009887695,0.5845683813095093,-0.5934610962867737
1743715059922758400,25.04875830078125,-0.5540361505299807,0.8763619787693023,0.5167667060500011,1743715059922758400,25.04875830078125,1.090686559677124,0.6173142194747925,-0.4582481682300567
1743715059932722400,25.058722412109372,-0.4875707509756088,0.8907222202941775,0.1677053580330684,1743715059932722400,25.058722412109372,1.066037654876709,0.6545097827911377,-0.3582171499729156
1743715059942686200,25.06868627929688,-0.3401549149185419,0.8303729655325413,-0.1586080054724589,1743715059942686200,25.06868627929688,1.0468050241470337,0.6593806147575378,-0.2805503606796264
1743715059952649500,25.0786494140625,-0.1901286041021347,0.787131497438252,-0.2826171008484437,1743715059952649500,25.0786494140625,1.0408374071121216,0.676249623298645,-0.2327724695205688
1743715059962613200,25.08861328125,-0.1293500180125236,0.8633771172508596,-0.355556591787748,1743715059962613200,25.08861328125,1.0143498182296753,0.6840622425079346,-0.212545171380043
1743715059972577300,25.098577392578125,-0.0919832871705293,0.9290811770439148,-0.3434296622728929,1743715059972577300,25.098577392578125,0.9739040732383728,0.6383964419364929,-0.2186557948589325
1743715059982540300,25.108540283203126,-0.0691957013010978,0.9485507244065404,-0.1523159561235457,1743715059982540300,25.108540283203126,0.9469009637832642,0.5610301494598389,-0.2476464956998825
1743715059992504300,25.11850439453125,-0.1327431675821542,1.0362783999592065,0.069277205572091,1743715059992504300,25.11850439453125,0.9238529205322266,0.4697561264038086,-0.2910866141319275
1743715060002467300,25.12846728515625,-0.1340641870528459,1.1086521467745305,0.2506633714985102,1743715060002467300,25.12846728515625,0.8947800397872925,0.3751933574676513,-0.3279471695423126
1743715060012431400,25.13843139648437,-0.1166197157770395,1.1098711671754715,0.3788971718974411,1743715060012431400,25.13843139648437,0.8580795526504517,0.316040575504303,-0.3416193127632141
1743715060022395600,25.148395751953124,-0.1861848349124193,1.063643084485829,0.5271520160619169,1743715060022395600,25.148395751953124,0.8346812129020691,0.3419469892978668,-0.3422815799713135
1743715060032358700,25.15835864257813,-0.2711263868778943,1.0138573093146086,0.6362275270044804,1743715060032358700,25.15835864257813,0.842301070690155,0.4402775466442108,-0.3286150395870209
1743715060042322700,25.16832275390625,-0.3969266034543514,1.01493633672297,0.7712701306354254,1743715060042322700,25.16832275390625,0.8722268342971802,0.5614709258079529,-0.2896359860897064
1743715060052286700,25.17828662109375,-0.5012514858037233,0.9643053428992628,0.8862919827617705,1743715060052286700,25.17828662109375,0.8992427587509155,0.6501371264457703,-0.2494768500328064
1743715060062249500,25.18824951171875,-0.5874444991350174,0.8725780763164163,0.8781457203809171,1743715060062249500,25.18824951171875,0.9024874567985536,0.6860325336456299,-0.2068803161382675
1743715060072213800,25.1982138671875,-0.5889408751726151,0.7664043512299656,0.7648106522977351,1743715060072213800,25.1982138671875,0.8951728343963623,0.6530404686927795,-0.1721364557743072
1743715060082177500,25.208177490234377,-0.4468588013589382,0.6497358278751373,0.64539005375579,1743715060082177500,25.208177490234377,0.8976991772651672,0.6036336421966553,-0.1692874878644943
1743715060092140500,25.218140625,-0.3320592867463827,0.5345332854196428,0.6005705226898193,1743715060092140500,25.218140625,0.9026262760162354,0.5611495971679688,-0.2010478079319
1743715060102104300,25.22810424804688,-0.2729793212682008,0.4165981031298637,0.5440381958678364,1743715060102104300,25.22810424804688,0.8971730470657349,0.5255551934242249,-0.2532904744148254
1743715060112068600,25.238068603515625,-0.1857885290712118,0.3645347384154796,0.5689032455984503,1743715060112068600,25.238068603515625,0.9000524282455444,0.444171667098999,-0.3203358352184295
1743715060122031400,25.24803125,-0.0919850407361984,0.3557885373800993,0.6744101773392409,1743715060122031400,25.24803125,0.914576768875122,0.3397989571094513,-0.3844427764415741
1743715060131995400,25.257995361328124,-0.1289952132254838,0.3699287064135074,0.7068597639147192,1743715060131995400,25.257995361328124,0.9244920015335084,0.2818238139152527,-0.4272818565368652
1743715060141959400,25.26795947265625,-0.2357183888882398,0.419473366305232,0.6022843408703804,1743715060141959400,25.26795947265625,0.9270150065422058,0.2713849246501922,-0.4409373700618744
1743715060151922400,25.27792236328125,-0.3223340115457773,0.500729800017178,0.5021227887455374,1743715060151922400,25.27792236328125,0.9407936334609984,0.2807954549789428,-0.4283880293369293
1743715060161886500,25.287886474609376,-0.4129717293262481,0.5716004487931728,0.5066078252051025,1743715060161886500,25.287886474609376,0.9527851343154908,0.3196708559989929,-0.378080278635025
1743715060171850500,25.2978505859375,-0.4470873494178056,0.6232391583546996,0.5212625926971435,1743715060171850500,25.2978505859375,0.960444152355194,0.3584867119789123,-0.3110195100307464
1743715060181813500,25.3078134765625,-0.4067126689314842,0.6376721728548407,0.5467529347192496,1743715060181813500,25.3078134765625,0.963981568813324,0.4147524535655975,-0.2447803765535354
1743715060191777500,25.317777587890625,-0.3291255713820457,0.7334495916113257,0.5165508348096162,1743715060191777500,25.317777587890625,0.9753484725952148,0.4561875164508819,-0.1584827750921249
1743715060201740500,25.327740478515626,-0.2242342873215675,0.8320897063225507,0.4343010061461478,1743715060201740500,25.327740478515626,1.019085168838501,0.4335115253925323,5.7915225625e-05
1743715060211704600,25.33770458984375,-0.2500917821556329,1.0023749613136053,0.3414199664182961,1743715060211704600,25.33770458984375,1.073796033859253,0.5921403169631958,0.2248851656913757
1743715060221668600,25.34766870117188,-0.4712380403339862,0.9623764206632972,0.0214165167119354,1743715060221668600,25.34766870117188,1.0309531688690186,1.0100051164627075,0.1828735917806625
1743715060231631600,25.357631591796878,-0.2028501385092735,0.550838815793395,-0.2911184968098997,1743715060231631600,25.357631591796878,0.9459487795829772,0.9627420902252196,0.1440723985433578
1743715060241595400,25.367595458984376,0.3106868283718824,0.6689397100389003,0.2031983674250543,1743715060241595400,25.367595458984376,0.9418676495552064,0.7313113808631897,0.0715491771697998
1743715060251559400,25.377559326171877,0.3892097454667091,0.8914972963199019,0.60593358409293,1743715060251559400,25.377559326171877,0.9540358781814576,0.5075158476829529,0.0164656825363636
1743715060261522400,25.3875224609375,0.1965279497504234,0.7475780702069401,0.47035906554237,1743715060261522400,25.3875224609375,0.9387516975402832,0.3282492756843567,0.0240125153213739
1743715060271486500,25.397486572265624,0.0469265863478183,0.5411424744263291,0.1597472021028399,1743715060271486500,25.397486572265624,0.9175726175308228,0.2726443409919739,0.0780509859323501
